,query,comment_id,comment,room_type,fuzzy_room_type
0,关于整体满意度和餐饮设施的评论,0,"房间非常好 装修很厚重奢华 一开始看评论 看酒店自己po的照片 感觉跟快捷酒店一样 有些害怕  但来了之后 真的很惊喜 装修很厚重 很奢华 跟一些老牌的日系酒店 （帝国酒店）之类的感觉 没想到在广州也有这样开业时间很长但仍然配套跟得上的酒店。。
服务很好！ 门童拿行李迎宾开门 比一些国际连锁的五星要好多了。 退房时候liren还帮忙直接登记了退房 不用排队了。什么时候北京的酒店服务也能跟上广州呢。。。

另外吃的真的很好

晚上去楼顶旋转自助吃 螃蟹腿鲍鱼进口生蚝 吃撑了 还有最爱吃的金蒜牛肉 做的真的很好吃 比北京第六季那种什么海鲜都拿来涮的自助强好多

酒店里还有花园 大锦鲤吃的真的好 又大又肥

总体来说 物超所值  下次还来",红棉大床套房,套房
1,关于房间设施和整体满意度的评论,1,花园酒店广州的老牌五星，一直期望的入住。房间我入住时要求前台帮我升级了新装修的房间，粤韵。其他的房型是没装修过的。房间大，干净，就是卫生间没隐私，换衣服要躲在淋浴房里才行。其他的环境设置泳池，都挺好，服务员服务水平一般，没有白天鹅感受的温暖，感觉有点冷冷的。外国人很多，地铁口离酒店门口有一点点距离，步行6-7分钟。早餐很用心，菜品昧道很赞。家庭亲子不建议，可以来吃饭，住就可以选其他更好的，白天鹅宾馆新装修的，房型很不错。建议花园酒店参考改进。,红棉大床套房,套房
2,关于整体满意度和前台服务的评论,2,一进酒店就感觉来到了桃花源，迎宾人员都很热情，彬彬有礼，房间也非常不错，床品都很舒服，洗嗽用品的香味很好闻！还有旋转自助餐厅非常不错，食材品质都很好，厨师手艺在线！四楼的还有个酒店博物馆值得一去！最后感谢携程推荐了这么好的酒店！下次来广州还住这里！,花园双床房,双床房
3,关于餐饮设施和公共设施的评论,3,总体来说很好。早餐有两个地方可以用，最上层的旋转餐厅用早餐感觉还是非常不错的。另外酒店的后花园也挺好，硕大的锦鲤鱼??甚是好看。酒店四楼的“酒店博物馆”再次惊到我，内容非常丰富，不愧是钻石五星酒店。,花园大床房,大床房
4,关于整体满意度和前台服务的评论,4,多年没来广州，临时起意过来住花园酒店，环境舒适，没有想象中的老式，全员服务在线，礼貌周到，给顾客一种所有员工都在朝着让客人满意的方向努力的感觉，也因此使得本来因夜里市政修路产生噪音而换房的麻烦也显得没那么让人烦躁了。 订的双早，入住的时候小姐姐给小孩也赠送了早餐，客房服务速度很快，整个入住体验如沐春风不为过，担得起广州地标的称誉,花园双床房,双床房
5,关于卫生状况和周边配套的评论,5,"酒店环境很好，房间干净整洁，视野不错。酒店的后花园挺漂亮的，可以逛逛。附近买吃的也方便。
美中不足的因为少带充电线，但是酒店借的充电线是完全不能用的，和酒店服务部说明后，工作人员说没有多余的充电线了。好在可以借充电宝或在酒店的迷你超市买充电线。
总体来说是不错的体验。",花园大床房,大床房
6,关于整体满意度和前台服务的评论,6,有集团金卡可以免费升级房型，酒店装修过非常的漂亮，后花园很大，景色很好。早餐非常好吃，电梯很多不用等。服务态度也很好，大厅的人员很多，去哪里都有人主动上来招待。礼宾部寄存行李的地方态度很好，速度很快。,花园大床房,大床房
7,关于餐饮设施和客房服务的评论,7,"酒店房间上放着餐厅有75折扣优惠，并且没有写有截至时间，但是去餐厅用完餐就被告知已经没有优惠了，这个餐饮优惠活动没有和客房服务能够同步非常让人失望，对我们住店客户有很大的误导性。
客房打扫人员，每天都把使用过的牙膏扔掉，这个浪费很大，本来牙膏在没有使用完我都还可以继续使用，现在只能每天都开个新的牙刷牙膏套装，非常不环保和浪费。建议牙膏牙刷分开装，客户自己没有扔掉服务员不要帮扔。",花园大床房,大床房
8,关于房间设施和前台服务的评论,8,"酒店服务相当不错，很有礼貌，入住和退房是挺快的。入住时还送了两朵康乃馨。不值钱，但是心意是有的。如果房间配个花瓶会更好，我们是用杯子插的。
酒店古色古香，像是行走中的博物馆，而且4楼真的有一个博物馆。介绍了很多酒店的历史，值得参观。博物馆是7点结束，所以要早点去。
自助点心晚餐和自助早餐都还不错，个人对自助点心晚餐是比较满意的，品质味道都有保证，我特别喜欢芋角和麻薯。女儿就非常喜欢吃牛百叶，吃了五笼。
我比较喜欢吃面包，但是自助早餐的面包有点让我失望。其他还是可以的。
最重要的房间，也是我没想到的，床头就是冲凉房，冲凉房就是一个浴缸，直接上浴缸。而且厕所门是同一个冲凉就不能上厕所，上厕所就不能冲凉。蛮尴尬的。
床和枕头还是蛮舒服的。
但电视机没办法投屏，有时候想看一些手机上的剧，想投到电视上就没办法。
看来我们住的是比较便宜的房间，所以比较小，我看到网上红棉房那个房型是比较好的，但是价格贵。
有钱建议还是订红棉房。",花园双床房,双床房
9,关于餐饮设施和前台服务的评论,9,房间硬件不错，服务、餐饮不及格，沟通好的生日主题布置，居然忘记了！提醒前台以后特意离开房间给工作人员布置，结果回房间一看，蛋糕没有，一问，原来送到别人的房间去了！无语！所谓的瀑布餐厅的早餐，更加无语！排队就算了！里面的菜品不如快捷酒店！2百多一位的早餐 和其他酒店38元一位的差不多！咖啡还没快捷酒店的好！至于荔湾亭的好评绝对是花钱买的！全部扎扎实实的预制菜！隐形消费多！吃顿饭补了3次钱！自助餐居然茶位费需要另付！白开水也要18元一位！,红棉大床套房,套房
10,关于整体满意度和餐饮设施的评论,10,"很喜欢花园酒店，服务好，帮我们升级了房间，房间宽敞干净，住着舒服；早餐供应时间长，品种丰富味道好，就是小孩子6岁就要买半价早餐，114/位确实确实贵；套餐里送的荔湾亭餐厅的晚餐很好吃，我们全家都非常喜欢，每天晚上都吃撑了哈哈；酒店是名副其实的花园酒店，早餐厅能看到外面后花园的瀑布，花园很漂亮，小朋友每天都要去逛一圈。
唯一美中不足的就是楼下地铁施工确实吵，晚上感觉要折腾到11、2点，早上6点就又开始了，不过这也不是酒店能控制的。
还有一个小插曲就是我明明在携程上预定了两晚，但不知道为什么办入住的时候就给我办了一晚，第二天打电话问我退不退房，回去之后又重新激活房卡，工作人员也没有表达任何歉意，这个让我感受不太好。
不过总体而言，我还是满意的，以后地铁修好了还可以住。",花园大床房,大床房
11,关于前台服务和整体满意度的评论,11,广州花园酒店不愧是老牌五星级酒店，一如既往的服务至上，里面装修跟十年前一样酒店维护的很好，入住的办理的小姑娘Betty特别不错尽心满足我们的需求，由于到达酒店已经有点晚了没有来得及享用套餐里面的下午茶，Betty马上跟主管联系把我们下午茶改成第二天的，第二天的下午茶在行政酒廊环境很是怡人隔着玻璃就可以看见酒店花园瀑布，工作人员Louis Cathy服务周到细心，凌璇阁的自助餐品质非常棒！下次一定会再次选择广州花园酒店！,红棉大床套房,套房
12,关于整体满意度和卫生状况的评论,12,"设施：老牌五星酒店设施，不算特别新但是够用，床品还算舒服。
卫生：卫生很好，屋内收拾的特别干净。
环境：后花园太美了，好多锦鲤还有瀑布，带孩子转了好几圈，特别开心。
服务：服务员非常好，帮忙开车拿行李，开门，开电梯。很棒。",花园大床房,大床房
13,关于整体满意度和前台服务的评论,13,"旅游入住了广州花园酒店，体验感超棒！一进大堂，挑高设计搭配华丽吊灯，瞬间被震撼。前台办理入住迅速，员工热情贴心，还详细介绍酒店设施。退房时Tina小姐姐十分迅速帮忙快速退房，一点没耽误行程。

房间布置典雅，床品舒适，窗外景色也不错。迷你吧饮品丰富，洗浴用品品质高。

酒店餐饮绝绝子，桃园馆的早茶，虾饺、肠粉新鲜又美味。自助餐厅海鲜新鲜，甜品精致。

健身房器材新且全，泳池水质清澈。位置也很优越，周边交通便利，商场、景点近。下次来广州，肯定还选这儿！",花园大床房,大床房
14,关于交通便利性和前台服务的评论,14,虽然是老牌酒店但设施并不显得陈旧，房间卫生，停车方便，离淘金地铁站很近，交通非常方便，花园、瀑布和池塘里的锦鲤令人赏心悦目。酒店工作人员LiVen服务态度很好，热情细心的答复我的疑问和帮忙办理入住和退房，点个赞????,花园大床房,大床房
15,关于前台服务和房间设施的评论,15,"设施：房间翻新过，给了升级，面向小区的，晚上睡觉特别安静，真的是住过的最舒服的床！！ ，音响也用的JBL ，超棒的音效

服务：快来夸夸服务！ 入住当天去了酒廊，有两位女士真的服务很热情，都有点不好意思了，一站起来就嘘寒问暖，各种主动提供需求可能，这才是水准 ，表扬Carrie～ 还有louis ，Carrie是位外籍人士，真的很认真，也是我第一次在酒店遇到，还推荐我去博物馆，专业且不失风度
还有前台的两位小姑娘，闪闪亮亮，退房的时候主动迎上来问，说把房卡给她们就好，而且还特别的温柔，很是酒店的门面，是Lulu和Liven

但唯一给差评的就是酒店的自助餐！ 在某某点评已经写了，就不多赘述，体验感直接打折，好在有这些服务人员的努力才能挽回，下次还回来",红棉大床套房,套房
16,关于整体满意度和客房服务的评论,16,"这次花园酒店给我的体验非常的美好。
设施：保护的非常的好。博物馆真是叹为观止。
荷花园小巧玲珑。瀑布餐厅依然是那样震撼又浪漫。李湾餐厅和桃园餐厅的美食。令人惊艳回味。

行政走廊的三位小姐姐。笑容可掬，服务周到。特别是beryle 令我印象深刻。
这次入住负责卫生的外国小姐姐。亲切有礼，收拾了房间非常的精致，还给我留了纸条。特此展出，提出表扬。",花园大床房,大床房
17,关于整体满意度和前台服务的评论,17,因为是老酒店，有很深的岭南文化底蕴，酒店的后花园别有特色，流水瀑布九曲长廊，一步一景美轮美奂。我已经住过多次，印象最深的是酒店的服务人员，无论是做什么的，都能体现出专业的素质。,花园大床房,大床房
18,关于前台服务和整体满意度的评论,18,"这次广州踏青之旅，基于情怀思量，选择入住花园酒店，没有选错；从进入大堂开始遇到的每位服务人员都热情和专业，特别是前台接待和行李寄存服务；酒店房间干净卫生温馨, 窗外可以看到瀑布，花团锦簇风景优美；酒店餐饮选择丰富，美景美食完美搭配；入住期间，参观了酒店的博物馆，浓厚的酒店历史和文化氛围，印象深刻，获益匪浅；有历史，有担当，有传承，白金五星酒店的称号实至名归。感谢酒店前台Winnie Yu的服务，热心细致，温文尔雅， 不愧是优质酒店培养出来的优秀服务人员，谢谢 ! 下次来广州，还选花园。",花园大床房,大床房
19,关于整体满意度和房间设施的评论,19,房间够大～布局合理～餐食美味～一四楼的酒店博物馆很有历史年代感～天气凉没下水～泳池还是很不错滴后花园很出片～最喜欢的是酒店到处都是鲜花布置～体现了广州花都的花园酒店～非常完美的一次选择～,红棉大床套房,套房
20,关于前台服务和整体满意度的评论,20,"跨越16小时航程的温暖归家——广州花园酒店极致体验

当行李箱轮子与广州白云机场T2航站楼地面接触的那一刻，连日的疲惫都在看到""广州花园酒店""迎宾灯牌的瞬间消散。作为一家在异国漂泊数十载后重返故土的游子，这家承载着城市记忆的五星级酒店，用超越期待的服务为我们构筑了最动人的归家仪式。

初遇即感动：Ann女士的""宾至如归""方程式
推开通往大堂的旋转门，身着香槟色制服的Ann女士早已伫立在晨光中。她接过我们的证件时特意调整至45度躬身角度，这个细微动作让刚下飞机的我们倍感尊重。""您二位应该需要先补充能量，""她指着自助早餐区暖黄色的灯光轻声建议，""我们的港式丝袜奶茶刚出炉，配您预订的招牌叉烧包正好。""更令人惊喜的是，在办理入住时她主动递来升级房卡：""行政楼层今天正好有空房，考虑到您二位的长途旅程，特别为您预留了景观房。""这份预见性服务让我们还未踏入房间就已感受到被珍视的幸福。

沉浸式体验：藏在细节里的东方待客之道
踏入25层行政套房那一刻，扑面而来的岭南花茶香构成了独特的欢迎仪式。房间明亮宽敞，设计特具中国传统，就连空调出风口都萦绕着淡淡的白茶香——这些看似微不足道的细节，实则是本土化服务的精髓所在。当客服轻轻推开房门送上新鲜水果时，我们真切理解了何为""润物细无声""的关怀。

舌尖上的乡愁：米其林星厨演绎广府美食
位于酒店三层的桃园厅为住客精心安排广式早茶点心，更是唤醒了童年的回忆。最令人难忘的虾饺烧卖，每一口都是地道的广式甜蜜。

离别时的不舍：镌刻在时光里的美好，我们相约来年的相聚
这不仅仅是一次住宿体验，更是一场穿越时空的文化对话。从大堂穹顶的岭南园林壁画，到客房迷你吧里香茶，到行政酒廊的珠江夜景鸡尾酒——广州花园酒店用百年匠心诠释着何为""家外之家""。特别感谢Ann女士及其团队，他们让我们在16小时飞行后找回了作为广州人的文化认同与归属感。相信这座岭南明珠，必将继续以东方待客之道的精髓，为每一位远道而来的游子点亮归途的明灯。",花园双床房,双床房
21,关于整体满意度和景观/朝向的评论,21,第二次入住广州花园酒店，进门就闻到了熟悉的香氛味道。广交会期间客人很多，但酒店工作人员基本应对自如，忙碌且有序。2点准时入住，这次入住红棉双床套房，中式装修风格，更适合国人审美房间面相花园和泳池景观。恰逢阴雨大风天气，下午在一楼行政酒廊下午茶+欢乐时光，看着窗外的风雨交加和云卷云舒，很惬意。晚餐在30楼的凌璇阁，住店客人可享5折优惠，最近也有凭景点打卡记录享餐厅买一赠一活动。至于餐食和口味，倒是没有特别惊艳。第二天早餐后大堂小何帮办理了快捷退房，小郑经理介绍了????羊羊吉祥物，忍不住入手了龙年限定版??图14，照例逛了后花园和4楼博物馆，可谓花园酒店的精髓。嗯，下次还来！,红棉双床套房,套房
22,关于前台服务和整体满意度的评论,22,"每次到广州出差都会选择花园酒店，首先老牌五星酒店值得信赖，再加服务方面确实比较扎实，感谢前台接待CECILIA，办理入住非常热情周到，还要感谢一下行政酒廊的，Carrie跟Kitty,服务都是很热情周到，让每一位旅客感觉到宾至如归的感觉，下次来广州依然会选择花园酒店！！！",花园双床房,双床房
23,关于前台服务和体验的评论,23,前台对业务不太熟悉，入住第二晚在前台询问晚餐时间及价钱，前台两位工作人员都不知道（也可能是实习生），需打电话询问，且想当然的认为我们只是来吃饭的，导致信息有偏差。除此以外，都不错。,花园大床房,大床房
24,关于性价比和周边配套的评论,24,房间很好，符合预期，位置也很方便，距离商业圈很近，都是步行5分钟的距离。电梯好多我有点迷糊～35块钱包minibar部分软饮我觉得是比较划算的，前台送了玫瑰花和冰箱贴，很美～,花园大床房,大床房
25,关于交通便利性和周边配套的评论,25,"花园酒店环境幽雅别致。
服务：服务满意
卫生：满意
荔湾亭茶点满意
早餐一层就餐人较多，需要等位。早餐菜品不是很多。四层博物馆需要预约，值得去。还有文创产品。目前酒店旁边有工地装修有点减分。酒店离淘金地铁站很近，去东山口就两站地很方便，很多景区地铁都直达。打车也很方便。酒店离市区必逛的景区都很近。酒店是涉外酒店，外国人较多。",花园大床房,大床房
26,关于安静程度和房间设施的评论,26,"环境：整体酒店环境设计很好，瀑布和花园很有特色，贝聿铭的设计是加分项，酒店博物馆也用心了，不住也可也来逛逛拍照。老牌五星级酒店的水准还在，只是房间内有些年代留下的痕迹，酒店房间也在逐步更新，外围有修地铁施工确实噪音影响很大，临近的房间影响休息，广州规定是早七晚十可施工，但施工单位违规，投诉效果不佳，酒店也有做提示。
服务：五星酒店的服务没得挑，携程铂金会员给升级了岭南金卡会员的优待，升了房型，因为室内空气和室外噪音问题，客服部帮忙换了两次房间，还赠送了早餐，客户的诉求相应很快，会员让人有再次入住的想法。
早餐：一层和三十层的早餐都是自助，种类差不多，不太符合美食之都五星酒店该有的水准，味道中规中矩。一层八点半后人很多，需要等位。三十层位置少，可远眺城景，安静很多。三层是套餐，座位有限，最好预约一下，这次没吃到。
设施：床品很好，舒服，可按需求选枕头，行政大床房的床垫是乳胶的，自带角度，非常好。洗漱用品的品牌和五星不太匹配，使用上没什么问题。",花园大床房,大床房
27,关于退房/入住效率和景观/朝向的评论,27,"怎么说呢，
冲着酒店历史和硬件来的
美中不足的是第一天入住就给我搞得3点办理完成
我定了三间房间，全部全部冲施工方向
最后给我更换了
后花园很美丽
鱼都养的胖胖的",花园双床房,双床房
28,关于房间设施和前台服务的评论,28,"作为一家老牌白金五星级酒店，酒店环境依然是酒店门面。

设施：刚到房间就遇到打不开门，又要跑下楼找前台，前台服务人员非常积极应对，并及时找工作人员上楼查看，原来门把手要反使用习惯先向上提一下再往下按才打得开门，可之后进出又不用先向上提了。房间内的设施就真的让人大跌眼镜！首先图一可以看到洗手间和淋浴间是共用一扇门，但这扇门无论是在马桶那边还是在淋浴这边，门居然都是倾斜的！根本无法完全关闭，留着一条粗壮的门缝。其次浴缸的花洒托架也是松动的，从图二可见底托已经完全脱离了墙壁，感觉随时都会脱落下来。由此可见酒店平时就疏于对房间设施的有效维护。

卫生：图三是卫生间的墙角，坐在马桶上就能看到这厚厚的污渍，就这么看也有一年半载的量了吧。

服务：本来是想给三颗星的，原因晚上十一点半临时要开车出去，结果到大堂前厅办理停车票的时候居然发现整个前厅都没有工作人员！又要走进去大堂找前台服务人员帮忙，还要前台服务人员打电话给前厅的服务人员叫人过来，打完电话还要登了几分钟才有人来。最后给半颗星原因退房寄存行李后和家人朋友外出吃饭聊天直到下午四点多才回酒店拿行李并办理停车出场。结果在办理停车的时候这个叫     ROY    的服务人员一脸嫌弃的说我们不能办理停车，有人办理了。当时我们都莫名其妙一下子也都不明白啥意思。接着这个叫   ROY   的服务人员说一间房不能办理两台车，我们就更不懂了，明明我们才来办理怎么就不能办理呢？何况我们真的开了两台车过来。经过一番争论后原来是有其他人挂在我们房间下。而这位叫   ROY.   的服务人员也并没有表达歉意，并且由始至终都是一副厌烦的态度在对待我们。果真白金五星级酒店的待客之道就是有独特的见解。

相比2024年5月入住的时候整体水平可以用天差地别来形容。",花园大床房,大床房
29,关于公共设施和整体满意度的评论,29,三八妇女节遇上了阴冷天，咱来个投机取巧，选择了广州花园酒店，周六上午午饭后，步行进入酒店，前后还送了二枝??。这家酒店1985年营业至今四十年哦。依然保持着五星级水准，难能可贵是在酒店四层，开了个世界酒店史话主题的博物馆，里面珍藏品不少咧。酒店后花园也属于别具匠心精心布置有三个瀑布，锦鲤鱼池，小桥，鲜花朵朵草地绿油油的，地方不大小巧玲珑的。,花园大床房,大床房
30,关于前台服务和餐饮设施的评论,30,没想到我们自己国家也有歧视中国人的服务员。我和朋友排队等待进入餐厅吃早饭的时候，有四五个外国人一起排在我们前面，他们等候一分钟左右便入场。等我们排到队伍最前时，服务生说现在等候时间不确定，可能会等很久，建议我们去高层另一处早餐厅。我和朋友是为了一楼早餐厅山水景观专门来住宿、就餐，所以决定继续等待。期间服务员反复说“不确定等候多久，建议上楼就餐”，然而她们并没有和前面的外国人顾客说这些。并且，当我和朋友等待两三分钟入场后，发现早餐厅空位很多，尤其是水果餐区附近几乎没有几个客人。以后绝不会再来这家酒店。我不需要道歉，不需要解释，酒店餐厅不专业的服务已经说明了一切。,花园双床房,双床房
31,关于景观/朝向和交通便利性的评论,31,"优点：
酒店很大很漂亮，住的高层，窗外风景很棒。服务也很不错。离地铁站近，出门很方便。
酒店有历史底蕴，四楼有博物馆，展现了酒店业的发展，也让我种草了好多酒店，下次来广州一定要去体验。
不足：
办理入住排队时间较久；荔湾亭茶点一般，早餐还行，就是早餐要排队，瀑布餐厅着实小了点。
总体感觉还不错。",花园双床房,双床房
32,关于整体满意度和房间设施的评论,32,花园酒店给我和孩子的感觉是一点都不像老酒店，不管是设施还是服务都特别不错，酒店当天还免费给我们升级了房型，干净、温馨、大气。另外，店内荔湾亭的餐食也是不错的，瀑布餐厅的自助餐虽然品种较少，但其实我们想吃的食物也不会太多，也都能满足。谢谢花园酒店，让我和孩子三天两夜的广州之行过得非常愉快。PS：这也是一家有博物馆的酒店。,花园双床房,双床房
33,关于前台服务和景观/朝向的评论,33,老牌地标性酒店，独占好位置。酒店太大了，入住时有很多团队，是我办理check-in最混乱的一次，带着老人也没有能休息的地方，也找不到引导人员，非常尴尬。好在房间不错，房间窗外能能远眺半截小蛮腰。两家餐厅桃园馆和荔湾亭的出品尚可，但是通过客服中心电话预定的桃园馆位置到场后却没有安排，那么预定的意义何在呢？早餐分一楼和顶楼，怕吵选了顶楼，出品很好，但顶楼的旋转餐厅坏了，能使用的餐台餐桌停在了非常丑的朝向位置上，有些可惜了广州的天际线。,花园双床房,双床房
34,关于前台服务和房间设施的评论,34,广州花园酒店地址便捷，房间设施设备很齐全，已经续住很多天了，特别表扬前台的Winnie wei 服务态度一级棒，还有前台lavinia .表扬她们，自信有笑容。以后一定再选择这个酒店,城央绿意大床房,大床房
35,关于交通便利性和餐饮设施的评论,35,交通便利非常好，酒店国际化很多来自世界各地的游客和商务人士，酒店早餐3个餐厅选择，种类多样。一楼大厅很大鲜花多样，酒店外面还有花园等景观，瀑布餐厅装修的非常好，来广州玩的两天很舒适，酒店服务也很棒！,花园双床房,双床房
36,关于整体满意度和前台服务的评论,36,三十多年前的首选酒店，也是当时广州三家五星涉外酒店的首选！现在似乎有点老态龙钟了，花园还是一样的漂亮！但服务也还是觉对一流的，值得称赞??,红棉大床套房,套房
37,关于整体满意度和餐饮设施的评论,37,我当时查阅携程就发现这是一家久负盛名的老酒店，很有历史感，又是贝聿铭先生的设计，一下子让我决定了就订这家了。到了酒店后，感觉都很心怡，确实是一家很棒的酒店。客人特别多，但是工作人员都特别亲切周到，没有忙乱，都是井井有条。check in时还升级了房间，特别惊喜，房间宽敞明亮，设施很好。无论酒店内外还是房间内的卫生都很不错，卫生肯定是一个酒店好坏的最重要的标准。再有就是这家酒店的餐饮超级棒，是非常值得来品尝的，广州特色美食特别丰富，真是让我们流连忘返，我们就餐时还看到餐厅里有很多当地的老人，可见实至名归啊。对了还有交通位置很不错，紧挨地铁站，去哪儿都方便。。。总之是很不错的广州之行。,城央绿意双床房,双床房
38,关于餐饮设施和前台服务的评论,38,花园酒店是这次去广州旅行的超预期惊喜，酒店的瀑布餐厅，云上餐厅和花园酒廊在风景和食物方面各具特色，水准一流。有设计感精心维护的瀑布花园漂亮精致，很多女孩子拍照打卡。酒店工作人员非常专业，服务暖心细致周到，礼宾部的员工会帮忙收快递客人没有剪刀他们还帮忙拆箱，前台的Lavinia Wu注意到我续订的住房没有酒廊待遇，主动送给我让我在酒店可以享受一致的待遇，酒廊的Jennifer 和Cathy细致温和令人愉快，穿金色亮片的Rain是我离店前最后的美好印象，下次来广州，花园酒店会是我的首选。,花园双床房,双床房
39,关于整体满意度和公共设施的评论,39,这次主要是带孩子出来玩的，这个酒店很适合带娃玩，酒店25处打卡景点，非常适合泡酒店，带娃不累，酒店工作人员都很热情，特别感谢Tina服务特别好！,花园大床房,大床房
40,关于交通便利性和整体满意度的评论,40,这次的花园酒店很是满意??酒店硬件无可挑剔，大堂，客房都很有设计感，交通更是方便，出门就是地铁站，对我们绿色出行非常便捷[强]前台小姐姐还给我们升级了套房，她家的自助餐更是无话可说[强][玫瑰],花园双床房,双床房
41,关于整体满意度和前台服务的评论,41,三八节和朋友出游广州入住花园酒店两天两晚，体验非常好。酒店设施古朴，风格典雅，卫生干净，环境优美，被满满的设计感和中国元素深深地吸引到了。几大亮点突出：酒店大唐富丽堂皇，空间很大，前台的美女帅哥热情耐心快捷，我是钻石会员，给我们送了餐还升级了房间；酒店有四个不同风格的餐厅，我们用餐去了一楼和顶楼，自助餐好吃，服务员热情周到；主楼后面自带花园，亭台楼阁，花团锦簇，四楼还有一个小型博物馆很值得去，因为有感觉参观酒店用了我们半天的时间。总之很满意，再到广州花园酒店是不二之选。,花园双床房,双床房
42,关于整体满意度和房间设施的评论,42,"岭南园林中的艺术殿堂 | 入住即享博物馆级体验 ??

??城市绿洲·广府文化·细节控福音

推开花园酒店的玻璃穹顶大门，仿佛踏入一座「会呼吸的艺术馆」——白孔雀雕塑在喷泉旁优雅迎客，20米高的《红楼梦》金箔壁画在长廊流转生辉，每一步都是视觉盛宴。作为住过30+五星酒店的老广，这次入住彻底刷新了我对“奢华”的定义：

? **客房亮点**  
- 入住「粤韵套房」，岭南窗花元素与智能家居融合，迷你吧竟藏着广式凉茶套装，床头柜上的手写欢迎卡是粤绣纹样，细节控狂喜！  
- 180°落地窗俯瞰环市东夜景，浴缸旁配香薰石和精油，泡澡时还能欣赏到花园瀑布景观，妥妥出片圣地。

?? **园林秘境**  
- 被住客称为「隐世花园」的后庭院超出片！锦鲤池、瀑布山石、百年古树构成都市桃源，晨跑时偶遇园丁阿叔热情介绍稀有植物，瞬间get酒店40年历史的温度。

?? **味觉惊喜**  
- 桃园馆的「荔枝木烤乳鸽」让我这个老广竖起大拇指，米其林水准果然名不虚传  
- 意外发现大堂吧有「广府下午茶」，鸡公榄造型点心+西关风情器皿，服务生小哥还会讲解每道茶点的故事

?? **服务彩蛋**  
- 礼宾部竟然有「隐藏服务」！主动提供手绘版《周边美食地图》，连肠粉店的火候差异都标注清楚  
- 退房时收到装着小羊的伴手礼，经理说「希望您把岭南小羊带回家」，这波文化输出我给满分！

最后的最后感谢?viria的热情接待",花园大床房,大床房
43,关于公共设施和餐饮设施的评论,43,"广州花园酒店是中国仅有的3家白金五星级酒店其中的一家，处处彰显其作为白金酒店的优雅高贵，以及典雅传奇。大堂的背景墙是用金打造的“红楼梦”壁画，有石刻画手漆画等，酒店自带的园林，瀑布、亭台楼阁、小桥流水等自然景象，酒店内就是一个旅游景点，美不胜收，小朋友喜欢。
还有比较值得一提的就是它们家的餐厅了。荔湾亭、瀑布餐厅、桃园馆、名仕阁、凌轩阁都是很不错的选择（一楼早餐厅晚去需要排队）。",花园双床房,双床房
44,关于前台服务和安静程度的评论,44,记得20多年前就经常住花园，后新连锁酒店雨后春笋，就很少再住花园了，这次入住，更新改造后的花园一如既往的非常豪横，给升级房型，赠送早餐，送果盘，送口罩，送送送.......，服务超级给力，令人耳目一心，但遗憾的是，西侧修地铁，从早上7点到凌晨零点，噪音巨大，当然这怪不得酒店，只是提醒办理入住时，一天要求房间要朝向环市东路一侧，否则，心理会留下阴影。,花园大床房,大床房
45,关于前台服务和整体满意度的评论,45,怎么说呢，一次很满意的入住，从前台到服务中心从客房到礼宾，都是非常专业的服务，酒店呢环境优雅美丽，软件很到位，只是硬件有待提高就更完美了,花园大床房,大床房
46,关于前台服务和整体满意度的评论,46,趁老公生日的机会，选择在花园酒店度过愉快的一晚，红棉套房套餐体验很好，提前备注酒店帮忙做了生日布置，还送了小蛋糕。各个工作人员都很热情，特别是行政酒廊Louis服务热情。,红棉大床套房,套房
47,关于客房服务和整体满意度的评论,47,过年期间商务出差二次入住。最后那次入住房间有股经久不散的异味，适逢家属患有中重度鼻炎，十分不适。所幸反馈给酒店后，客房经理马上上房间处理并第一时间帮我们换房，随后赠送了迎宾水果作为诚意。虽然此前订单中我已特别备注，入住被安排到有异味的房间，到换至新的房间时已差不多15点半，家属第二天要长时间外派出行还是稍有不悦，但所幸酒店反应迅速，态度积极热情，努力为客人解决问题，毫不推搪，又令我对该酒店重拾信心。希望下次安排入住时能参考一下客人备注需求，继续保持酒店在老广、来穗游客心中的形象和地位，下次出差时，会再次三刷体验。ps，酒店的行政礼遇不错??，品种虽少但出品保证，环境不错经常有人拍照留念，值得打卡。,花园大床房,大床房
48,关于整体满意度和房间设施的评论,48,不愧叫花园酒店，随处可见的花花，令人心旷神怡～外面看着很大气，一进去给人富丽堂皇的感觉，房间干净整洁、设施都不错。酒店内部花园有瀑布有池塘，孩子很喜欢。酒店博物馆有时间的话值得一看。很感叹于一个开业这么久的酒店能维护得这么好，酒店管理的水平相当高??,红棉大床套房,套房
49,关于前台服务和整体满意度的评论,49,服务真不错，因个人原因导致没到前台退押金，我又回家了，但是工作人员积极协调，很人性化的帮我处理了，坐了4晚感觉真不错，环境，设施，卫生，服务都很满意。,红棉大床套房,套房
50,关于整体满意度和前台服务的评论,50,花园酒店是这次广州行的最大惊喜，真的是惊喜多多。首先硬件无可挑剔，交通方便，门外就是地铁站。无论大堂还是房间得设施真的是感觉非常棒，免费升级房间、赠送早餐、享用行政酒廊、收到生日蛋糕……，真的贴心。服务真的一级棒，可以说每个服务员都是经过专业的培训，要夸赞花园酒店的管理层真的不错呢！要夸赞行政酒廊的Carrie和Blair，真的是笑容服务，会和客人温柔的聊天，很有亲和力。园子里的锦鲤也是超好看，下次去广州还会住这里！,花园大床房,大床房
51,关于房间设施和前台服务的评论,51,"环境：不愧是花园酒店，后花园和瀑布太美了。
服务：态度很好，大部分人都主动打招呼、提供帮助。入住时小姐姐还帮我们升了套房，非常感谢。
卫生：很不错，很放心。
设施：全皮办公桌椅很气派，但可能是太久了，卫生间的马桶圈小了一圈，还晃来晃去不合适，和整体风格格格不入。一个洗手池下水极其缓慢，另外一个洗手池下水也很慢。",花园双床房,双床房
52,关于卫生状况和交通便利性的评论,52,"酒店房间干净、卫生。酒店本身自带的花园非常漂亮，瀑布餐厅早餐品种丰富。打扫房间的东南亚小哥认真负责。酒店边上就是淘金地铁站，外出方便。周边吃饭餐馆选择多，以后来广州还会选择花园酒店。

另外酒店有直达香港，澳门的巴士，去港澳非常方便。",花园双床房,双床房
53,关于性价比和周边配套的评论,53,花园酒店是中国星级酒店的代表，三家白金五星级酒店之一，大堂气派，尽管酒店很有历史，设施并不陈旧。红棉大床房对于家庭出行很方便，客厅有专门的写字桌和台灯，孩子晚上方便写会作业。早餐选择的30层旋转餐厅，虽说味道一般，但是感觉还不错。周边交通方便，吃喝逛都很方便。总体来说，性价比很高，值得推荐。,红棉大床套房,套房
54,关于前台服务和交通便利性的评论,54,带着老人小孩出行，前台办理入住没有排队，帮我两个房间都升级了套房。30楼旋转餐厅的早餐还不错，各种样式的菜都有。旁边就是淘金地铁站，出门打车也很方便。酒店出去右手边有个点都德不远。对面有个购物中心，很方便,花园双床房,双床房
55,关于房间设施和客房服务的评论,55,"酒店很高大上，考虑了康莱德和白天鹅，最后还是选这里，也因为白金五星的历史感。花园和博物馆都不错，博物馆很有情怀，不虚此行。
早餐很好，选的30层旋转餐厅，大部分菜品味道在线。晚餐是荔湾亭点心半自助，以一个外省人的角度很好吃。
健身的地方有点不好找，但设施还行，该有的都有，不大。
停车不方便，地下停车场离大厅有距离，地上停车场又比较小，自驾游可能要考虑下停车的预案。门口就是地铁站，地铁很方便。
花园双床房非常小，小到唤起我对某些日本酒店的印象：地上能不能平铺开行李箱？能平铺开就算是大房间。按这个标准，这里的也算大房间。但如果再住这里的话，我不会选基础房，俩大人带个孩子太局促了。
有点逗的是晚上22-23点房间出现高频断续刺耳异响，我推断是某些房间用水或者是上下水导致的水管尖锐鸣声。当时孩子已经睡了，俩大人面面相觑，客房服务人员A来的时候没响，她说自己很忙，也没法停留五分钟听一下到底是什么声音，解决方案是要么我们自己内线拨0沟通换房，要么她送耳塞过来。我们的诉求是请她优先解决声音问题，解决不了再换房，毕竟孩子睡着了，不太想折腾。过了一会来了个客房服务B，只送来一副耳塞并且当场听到了连续且刺耳的声音，说立刻回去报告，然后就没有然后了。俩成年人一副耳塞，问题也假装不存在，大半夜大家可能都比较累，凑合睡吧。",花园双床房,双床房
56,关于餐饮设施和公共设施的评论,56,"房间很好，早餐也不错，品种齐全，楼顶旋转餐厅视野无敌。花园太美了，散步根本不想上楼。无论晴天阴天，白天还是夜晚，都好适合散步。
游泳池是露天的，但不恒温。
器械也可以。24小时
下次还来",花园大床房,大床房
57,关于房间设施和交通便利性的评论,57,首先说说地理位置，酒店位于广州的越秀区，周边有商场及饭店吃喝都很便利，酒店门口就有一个地铁站无论是坐公共交通还是打车都很方便。 再说说环境，酒店非常大还自带一个后花园饭后散散步十分惬意，除此之外酒店的四楼还有一个关于酒店历史的博物馆住店客人是免费的值得一逛，房间和公共区域都非常干净。 所有的服务人员都非常礼貌、看到客人都会主动打招呼，即便春节期间入住客人非常的多但服务人员的精神面貌都非常好！ 最后来说说房间，卫生情况是不需要担忧的非常干净，但毕竟是1985年就开业的酒店，房间的布局及设施稍稍落后了一些，没有USB插头、吹风机还是最老式的那种，洗浴后没有能放干净换洗衣物的地方，且浴室及床之间仅有一扇透明的隔门（建议稍稍改进一下）。但总体来说酒店很棒，如有机会再次来广州一定还会选择花园酒店,花园大床房,大床房
58,关于前台服务和房间设施的评论,58,"服务：前台接待的小姐姐服务超级赞，帮我们从红棉升到了海韵，送了两支鲜花，给我们介绍了酒店、酒店套餐、博物馆和周边交通，很暖心。
住：房间整体不错，床品很舒服，房间除了没有浴缸外，其他都不错。
吃：早餐和其他五星相比品种不多，胜在瀑布餐厅环境不错；酒吧外国人比较多，有驻唱歌手，唱得很棒，但鸡尾酒很一般。荔湾亭菜品不错，说古很有传统特色，但服务员之间频繁相互呛声，稍显不够友爱。",红棉双床套房,套房
59,关于整体满意度和交通便利性的评论,59,8年前曾经住过的酒店留给我很好的印象，所以这次来广州旅游一定要再体验一下。酒店位置很方便，地铁淘金站出来就到了，马路对面就是广州酒家和友谊商店，附近还有点都德。这次订的花园大床房，房间虽不大，但布局合理，送了欢迎水果：苹果香蕉沙糖桔很甜，房间里有胶囊咖啡机，和川宁茶包，提供的水是屈臣氏绿瓶矿泉水。早上10点到的酒店，被告知要下午2点才能入住，所以到门口寄存处把行李寄好就到对面广州酒家喝早茶去了。在此要表扬寄存处的工作人员（外籍）很有礼貌，很有绅士风度。还有进出酒店都有门童帮忙拉门并热情打招呼，这都是酒店留给我的好印象，并且一直保持到现在，真的是很不容易！不愧是老牌超五星酒店的优良传统，希望一直保持下去。（忘记拍照了，放几张广州夜景照）,花园大床房,大床房
60,关于整体满意度和周边配套的评论,60,老牌五星级酒店，高质量体验和床品用品，窗外风景充满老广州风情，周边美食丰富，环境优雅，出门地铁站，商务出差不二选择,花园大床房,大床房
61,关于前台服务和安静程度的评论,61,"前台小哥Kasas很棒，升级套房，两个早餐，表扬一下。
环境地段不错，可是下面在修路，早上八点就开始吵到中午12点，基本不用休息了。
设施太老旧，勉强合格，不能抱太大期望，毕竟老牌五星。
早餐种类多，还行。
总经理不行，啥房费没得赔偿了。",花园大床房,大床房
62,关于整体满意度和性价比的评论,62,超预期的好评，也感叹40年用心经营的本土酒店品牌也可以很棒。因为过年带父母和孩子一起到广州旅行，去之前几乎在携程上把所有千元左右的广州五星酒店做了研究，重点看了差评，起初还有些担心，因为有评论说酒店设施老旧、服务不够周到等等，所以我订了2晚花园，同时订了1晚价格比花园略高的国际连锁君悦，负责任地说，花园完胜，第一次在携程上给住过的酒店写评价，所谓国货之光，花园值得拥有。一是40年的历史文化积淀，让花园在广州五星酒店里成为综合性价比翘楚。地处老城区越秀，其实去哪里都很方便，特别适合带孩子老人来。酒店占地广，气派，还拥有独立的花园，4楼开辟出了酒店博物馆，彰显白金酒店的荣誉和情怀。老人和孩子一定特别喜欢。二是有人情味的服务。服务员非常多，引导车辆的、殷勤开门的门童、热情存取行李的礼宾、随时关注你拍照、问询需求的大堂引导都不必说，而且，那么大的酒店、那么多楼层，竟然每层都有个人随时提供服务，餐厅和酒店各处中英切换的外籍服务员也很多，连后花园的池子里都没有飘落的落叶，因为有三个身着花园工装服的工作人员一直在打扫……看得出来，每个工作人员都认真负责，我女儿说：“花园酒店里的锦鲤都很热情，一点不怕人，脚步声到哪里，锦鲤就跟到哪里。”是的，我女儿还第一次摸了锦鲤头。三是贴心的服务，努力让顾客获得最佳体验的初心不是随便说说，是做到了！因为订了两个大床房，所以我希望能挨在一起，同时希望安排安静的房间。真的，都满足了的。而且，入住时因为跟引导沟通有误，现场的客人太多了，导致2点办理入住时并没有马上排到房间。我抱怨了一句，听说我下午3点30约了景点导游，前台马上送了我一个下午茶，我就带着父母孩子去水吧喝咖啡、吃水果、吃蛋糕，点心和服务都很棒，当天晚上入住的时候还送来了一份欢迎水果，酒店的用心和细心可见一斑。因为酒店入住客人多，每个楼层都放了早餐就餐指引，还有工作人员现场解说，告诉我们可以到不同的三个餐厅用餐避免拥堵。四是当然也有不足，但瑕不掩瑜，如果5分满分，我仍然愿意给到4.9分。40年的房子，我住的大床房并不大（跟后面住的君悦比，但君悦真的只能是房间大点，其他软硬件差远了），房间尽力维护了，隔音是很好的，但里面有些设计是鸡肋，比如大床房的浴缸，放在梳妆台前，挡道且容易溅水到床上，拥挤；厕所和淋雨室共用一道移动门，很尴尬；有些角落还是没有打扫干净，比如放胶囊咖啡的盘子。荔湾亭价格和品质不符合，服务虽好，但没有主动告知住店客人可以打折。促使我写这条长长评论的原因是，网上刷流量的一些评价，让我行前顾虑重重，保底订了一晚君悦（携程评分比花园高），两家都住了以后，我还是觉得，作为一个中国人，应该有基本的“中国人不骗中国人”的自觉，以及国货自信，花园几乎有三分之一的客人是外国人，而6号我在君悦早餐时，差不多上座5分之四的餐厅，一眼看去外国人只有2个，所以，国际友人比我们会用脚投票，而我们太容易被刷来的流量绑架，如果下次再来广州，我一定再选花园酒店，白金品质，用心经营。（欢迎大家去看我对君悦的对比评价，真的，我必须对刷流量说不，因为广州君悦，我不会选任何一家君悦，因为徒有其名，所谓国际连锁，更像个旅馆）。,花园大床房,大床房
63,关于整体满意度和前台服务的评论,63,酒店环境优美，特别是后花园的小桥流水，假山瀑布，花草非常漂亮。服务一流，服务员主动帮忙按电梯、拿行李和带路，还免费升级房间。设施非常齐全，卫生干净整洁！是商务旅游的首选！,花园大床房,大床房
64,关于交通便利性和卫生状况的评论,64,花园酒店环境整体设计很有特色，交通非常便利，淘金地铁站出门就是，打车也非常方便。房间干净、整洁，所有服务人员都很礼貌热情，特别感谢行政酒廊的服务员，帮我打印了好多文件，非常感谢！,粤韵大床套房,套房
65,关于整体满意度和房间设施的评论,65,一座有历史的酒店??，有酒店博物馆，有美丽的后花园。早餐丰富好吃??，服务人员很多，营造出宾至如归的氛围，很满意。美中不足的也是历史的缺憾，客房很干净，打扫及时，就是硬件设施有点陈旧，有点问题的设施跟前台服务反应后工程部也能及时修理处理，并有联系卡，值得表扬。,花园双床房,双床房
66,关于性价比和房间设施的评论,66,春节期间 价格翻倍 普通大床什么的已经没了，定了个城央绿意房型，外面就是这样的景致，还比普通房型贵。虽然是岭客会员金卡，但是由于房满，所以也没有升级房型，送了行政酒廊和早餐，但是早餐人太多要排队，第一天我们出去吃了，第二天起个早不排队了但是也是真的不好吃。房间类似于比较老的快捷酒店，完全没有五星酒店的舒适度，浴缸袋子也没有，我们自己叫了外卖，对了外卖要去楼下外卖柜拿。说实话800一晚非常不值更别提春节1400+每晚的价格，旁边就是全季，和老公说，还不如住全季了,城央绿意大床房,大床房
67,关于房间设施和周边配套的评论,67,预定之前其实是很纠结的，怕酒店年代久远房间设施跟不上。结果到了以后，发现各方面简直超出预期。酒店的外观和大堂超级豪华，就算春节期间服务员的服务也是比较跟得上的，就是办理入住稍微慢了一点。订的红棉大床房，房间很大，住着很舒服。酒店地理位置不错，附近找各种吃的都很方便。,红棉大床套房,套房
68,关于整体满意度和景观/朝向的评论,68,"不愧为三家白金五星之一，景色漂亮，服务热情，房间宽敞，没有看出网上说的老旧，只体验到了年代感带来的厚重，比较遗憾的是因为广州实在太好吃了和春节泰安门停业的原因，没有选择在酒店用餐，错过了瀑布餐厅和旋转餐厅，
作为酒店同行参观了住宿业博物馆，对酒店业的发展颇为自豪，祝中国的酒店行业越来越好，服务管理越来越专业",红棉大床套房,套房
69,关于房间设施和整体满意度的评论,69,总体还是很满意的，酒店后花园很美，大堂气派有老牌五星的风格，酒店门口一直有出租车等候外出很方便。房间洗澡水大，床品很舒服睡眠很好，提供质量很好的肥皂我很喜欢，现在很多酒店都是洗手液。饮用水也很不错，服务也很好有求必应也都会主动打招呼。小缺点就是房间较小，所以做成了开放式卫生间，马桶间和淋浴间空间就比较小，墙纸因为年久也有些旧，不过装修风格我还是喜欢的。早餐比较一般，品种不算少，但未见广州特色，好歹弄个叉烧包啥的呢。早餐可以在1、3、30楼吃，推荐30楼旋转餐厅吃，视野好每桌有间隔。,花园大床房,大床房
70,关于卫生状况和餐饮设施的评论,70,老酒店的缺点就是卫生死角太多打扫不仔细，房间灯上全是灰茸太恶心了??洁癖慎住！加上房间不像新酒店那么宽敞。入住时没有介绍早餐，其实有三个地方可以吃早餐，但是问工作人员几位口径居然都不一致，完全不太了解一样！这点很差！瀑布餐厅是无猪肉餐厅，早餐很简单寡淡。但是酒店的其他方面还是不错的，过年期间很有年味，服务人员也都比较有礼貌。楼上还有博物馆但是非得扫码注册才能进，很麻烦，建议住店人员直接刷房卡进。2楼荔波亭餐厅实测比3楼桃园口味更好！桃园餐厅不建议！,花园大床房,大床房
71,关于前台服务和交通便利性的评论,71,春节带娃和老人去广州游玩，入住花园酒店，地铁5号线淘金站A出口，非常方便。双床房的房间不大，设施略显陈旧，但是酒店的环境不错，带娃看了花园瀑布，池子里的鱼都很大了，预约参观了酒店的博物馆，了解了酒店业的发展历史，瀑布餐厅和30楼的早餐到11点，人多需要排队拿号，最推崇的是酒店服务人员的贴心服务，看到我们饮用水都喝完了，特意写了卡片，帮我们多放了两瓶水，真的感受到了贴心和用心！,花园双床房,双床房
72,关于安静程度和性价比的评论,72,"作为一家老五星酒店，腔调还是有的，房间设施维护的也不错，地理位置也很方便，但有几点感受可以给大家做个参考：
1、服务十分机械化，流程很长，就是那种星级酒店的繁琐且不会变通，实用性不多，比较鸡肋；
2、朝向马路那一面的房间，晚上还是很吵的，车流鸣笛声比较影响睡眠，睡眠质量不好的千万别选；
3、早餐真心很一般，418一位/日的价格，性价比无极低，真的没有外面随便一个老铺子做的好（点了早餐外卖比较过），订房千万别选含早餐的；而且如果预约了景点，来不及进去吃要打包的话，还要按他们的标准，标准就是几个非常不好吃的牛角包面包而已，几百块买这些东西，真是奇迹；
4、因为睡眠浅和酒店沟通过三次不要朝向马路的房间，结果还是给了朝向马路的。前台说是朝外花园的，但你们外花园旁边不就是大马路吗？而且订单中备注的小朋友床围也完全没有准备，甚至都没提及，不知道是真的没看见还是当做没看见；
5、不知道是不是春节期间房间紧张，给了朝马路的房间便罢了，而且还是个尾房；以前总听同事提起不要住尾房，但我想着春节期间尽量不找麻烦，所以就没说什么。但是重点来了，真的睡不好，各种奇怪的梦各种醒，每天起床都疲惫不堪。我原以为是自己睡眠不好，结果我那睡觉如小猪的8岁女儿，每夜也是翻来覆去至少醒三次，以至于黑眼圈和浮肿都出来了。以前带她旅游从未如此，建议大家还是谨慎的点吧。
总之，体验感不好，可能之前对花园酒店期望太高了。",红棉大床套房,套房
73,关于前台服务和安静程度的评论,73,超级失望的入住，没有任何服务，春节在大厅搞活动，又吵又乱，根本没有人服务，办个入住，也一问三不知。考虑到床小，我们要改成大床房，办理入住的服务生告知，只能住双床，加床要三百多。导致我第一晚根本没有睡觉，在沙发上窝了一晚。第二天找到前台经理换了大床房，加了床。最让人无语的是，找到经理投诉，完全是敷衍。总之，没有服务意识的酒店，以后不会再入住了。这个酒店，最大的问题是，没有服务意识，根本没有那种为客人服务解决问题的概念。唯一可取的是景色吧。,粤韵双床套房,套房
74,关于前台服务和客房服务的评论,74,"这次出游安排了3日2夜，预订的红棉房还没有清洁完毕，就安排了粤韵房。
前台服务：一般吧，没有说明清楚入住期间所包含的餐饮或其他新春活动
房间：没有床围可以提供，然后电热水壶问题，经过2次沟通，换了全新的+10支蒸馏水备用，这个很好，为表歉意还送了1份水果+3只羊公仔（因为有3个孩子），服务员唐苓，很好，2个黑衫的经理也很好，知道我退房那天还有亲戚过来一起吃饭，还帮我延迟退房到3点
行政酒廊：下午茶不论服务还是食物出品，都很不友好，晚上的欢乐时光，出品还不错，服务员Carrie很好，特别表扬一下。",红棉双床套房,套房
75,关于退房/入住效率和整体满意度的评论,75,"1.怀旧打卡还是值得的，check in 大年初一也很快。酒店春节有很多活动，年味足
2.房间干净，设置太老！虽然翻新但是墙壁还是很多水泡后的脱皮，最恼火的是卫生间很小还做了隔断，胖点的住客还是有点局促了",花园大床房,大床房
76,关于客房服务和房间设施的评论,76,非常感谢1月29日晚上及1月30日白天在9层服务的服务人员！由于空调有问题，房间比走廊还冷，反映了之后，29日晚间的服务人员迅速拿来了暖炉解决了当下的温度问题。30日白天的服务人员早饭后又进行了跟进，在我自己都怕叫空调师傅麻烦的情况下，帮我们督促了检修，晚上回来后发现房间温度舒适。感谢各位服务人员对应迅速，工作有交接，行动力满满，让来广州过年的我们有一个美好的开始～谢谢！,城央绿意大床房,大床房
77,关于交通便利性和周边配套的评论,77,老牌五星级酒店，如名字一样，花园式环境，交通便利，出门就是地铁口，附近很多美食，个人出行，商务出行都是很好的选择,红棉大床套房,套房
78,关于前台服务和客房服务的评论,78,"对花园酒店情有独钟，印象最深的就是服务好！已多次入住了，今年大年初一和家人入住，体验很好??
年初二中午在桃园馆用餐，其间我儿子突然肠胃不适，当时也没告诉我们，他因肠胃绞痛浑身发冷，自己就躺在了在桃园馆外的椅子上，酒店的两女一男三位经理立即上前询问照顾，并进餐厅告知我们！经理们一边照料病人一边安慰我们，还协助我们叫来120，并迅速协助病人登车，实在是太贴心了！无比无比感动感激??????????
到中山医1??院做了必要检查，幸好儿子是急性肠胃炎，打了止痛针后症状明显缓解，我们下午就回深圳了。
晚上10点，我先生接到了花园酒店经理的电话，详细询问病人的身体状况，真是始料未及！这么贴心的服务只能是花园酒店！感激之情再次涌起??????
以后到广州入住酒店，首选花园??????",花园大床房,大床房
79,关于前台服务和交通便利性的评论,79,过年连续入住几天。来之前看评论说入住前台排队等候时间很长。但是我入住当天觉得前台接柜工作人员速度很快。而且大堂礼仪小姐也会帮忙协助之前办好入住手续的客人领取房卡分流的很好而且主动帮助客人打开拍照大堂的春节装饰。地理位置优越出行门口就是地铁站。早餐一般。酒店中遇到的每位工作人员还是热情大方礼貌的。,花园大床房,大床房
80,关于整体满意度和前台服务的评论,80,"超级棒的酒店，超完美的服务。
之前看到有些差评，内心还很忐忑。
可宾馆所处的区位真是无可替代，还是犹豫中选择了这家，结果成为了这次广州行中最佳的选择。
宾馆装修后非常洁净、现代；前台小姐姐贴心地升级了房间；客房服务细心周到，主动提供咖啡和茶(小小举措，特别温馨)；宾馆所有服务人员都很主动热情……",花园双床房,双床房
81,关于前台服务和客房服务的评论,81,老牌代表性酒店，各个岗位服务人员态度都很训练有素?? 春节氛围很浓，鲜花摆设处处都有。入住期间生日还有布置了房间并准备了蛋糕；房间整理清洁James观察细致，还手写留条祝新年快乐；酒店内餐点选择很多元，酒廊的茶点水果每日都有不同，Carrie热情聊天很温暖。周边出行、美食也都特别多选择。酒店博物馆很有特色，也是酒店行业发展难得的记录。唯一美中不足的部分康体设施在维修。,花园大床房,大床房
82,关于房间设施和整体满意度的评论,82,对广州老牌子酒店有很多期待，住完广州迎宾馆来到花园酒店，大堂金碧辉煌的绘画很是震撼，春节氛围感很好，装饰热闹，还有专门给人拍摄的服务，很赞。大堂春节还有欢乐表演。房间给了升级套房，让我们体验了两种不同的房型很赞。酒店有个小博物馆让我们了解了广州酒店的发展史。花园瀑布很漂亮，喂鱼是一道风景线，孩子很欢乐。每个酒店打卡点都看了一下还是不错的，房间有不同国家的服务生，尽显花园酒店的国际化，房间服务也非常好。水、咖啡、茶都补足。不足之处：房间比较老化，没有足够的USB插口，也没有像莲花山酒店专门放一个多用途转接头。床太软太软，对我要不好的人来说睡眠是灾难，这点建议参考迎宾馆的床简直太舒服了。旋转餐厅服务体验不好，明档下面的地方没有规则，孩子大人要了两次面都被别人拿走，要么有个叫号牌，要么放在旁边等我们来拿。虽然我们现场投诉了，但来道歉的主厨看上去趾高气扬熬的傲气，可能老牌子酒店的服务就是有点高高在上的。咖啡间台拥挤，我被人踩到几次。服务生像是临时招聘，我和他说桌上餐盘收掉，他叫了别人，说他自己有点忙。瀑布餐厅玻璃不干净不能看到美景，明档的面没有楼上好吃。说实在对拥有米其林餐厅的花园酒店自助早餐实在没什么好吃的，我问了连虾饺都没有。口味不如亚朵一碗面和华夫饼。有时候老牌子也要向新品牌学习。花园酒店是广州的一个招牌，还是希望下次来入住有更好的体验。,花园双床房,双床房
83,关于前台服务和交通便利性的评论,83,在广州住的四个酒店中最满意的。服务人员多，态度好，临近过年酒店大堂布置的也很喜庆。还有个酒店博物馆，可以看挺久，看得出很用心普及酒店知识，很有趣。后院小而精致，瀑布池塘里的锦鲤超级肥大，见人就过来张嘴，哈哈。酒店位置也很不错，出门就是地铁站，对面是白云宾馆和友谊商店。房间设计还不错，基本可以做到关灯全黑。唯一一点就是我的房间在布草间旁边，早上会有点吵。但服务人员的态度抵消了这点，都非常友好，超赞！,花园大床房,大床房
84,关于周边配套和房间设施的评论,84,"设施：设施齐全，看着都挺新的
卫生：干净卫生
环境：附近就是北京路吃吃喝喝挺多的
服务：挺好的
定的套房客厅好大，房间稍微感觉小了一些些
早餐没去吃，下次去尝尝",红棉大床套房,套房
85,关于整体满意度和餐饮设施的评论,85,"作为国内白金五星酒店，广州花园酒店也是中国酒店发展历史的重要见证者和参与者。
总体体验是不错的，房间住宿也很舒适，酒店内有多家各具特色的餐厅。
酒店四楼的博物馆，和酒店后的花园，都是值得一去的景点",红棉大床套房,套房
86,关于交通便利性和餐饮设施的评论,86,带着两个娃住了两晚，体验非常棒！位置特别便利，淘金地铁a口。去逛了西湖花街，看了越秀灯会，小蛮腰，退房那天去了动物园，避开人流高峰期。可惜是少了一个浴缸玩水。其他都满分。30楼的凌璇阁旋转餐厅好棒，就是有点晒，各种品类丰富又好吃。行政礼遇的欢乐时光也非常棒！闹事里面有这么一个后花园，还藏着大瀑布。真是不住不知道。非常推荐,花园双床房,双床房
87,关于房间设施和整体满意度的评论,87,前年广交会期间住过一次花园酒店，一直念念不忘，这次全家出游果断定了，还是一样感觉很好，酒店虽然有年份了但是房间维护的很好，大厅的春节气氛也很浓厚，让人宾至如归，唯一的缺点就是房间的马桶感觉可以升级一下，还有就是中央空调必须集中供暖或者供冷，不能自己设置。,花园大床房,大床房
88,关于交通便利性和周边配套的评论,88,过年去广州玩，带了小孩和老人，选择了广州花园酒店，酒店建设很大气，地理位置优越，出门没多远就有地铁站，5号线淘金站，我们出行都是地铁到哪里都很方便，旁边都是各种吃的，还有商场，超市。进入酒店，年味的气氛很浓，金碧辉煌，还有专人给拍照，大堂还有各种表演，挺热闹的。订的大床房，房间有点小，设施有点老旧，应该订红棉房的，但整体服务还是不错的。酒店里还有个博物馆，记录了花园酒店发展的历史，很大，后面还有个瀑布花园，带小朋友挺好逛的。,花园大床房,大床房
89,关于房间设施和退房/入住效率的评论,89,房间还不错，挺大的，还有咖啡机。窗户可以看到外面的景色??Tina的服务很不错，飞快帮我完成退房了??,花园大床房,大床房
90,关于交通便利性和前台服务的评论,90,很有文化底蕴的酒店，工作人员服务态度特别好，出行便利，就在地铁站边上，酒店门口也一直有排队的出租车。酒店早餐很好吃，特别是在行政酒廊外吃早餐，可以看到花园的喷泉温和小瀑布，很惬意。早餐味道也不错，服务员还会帮忙冲咖啡。就是房间有点小，带两个娃有点局促，不过性价比还是很高的。,花园双床房,双床房
91,关于前台服务和整体满意度的评论,91,"服务： 相当值得白金五星的服务，每一位遇到的工作人员都礼貌真诚， 办理入住的时候， 主动给我们升级。主动升级房型的酒店，真的是非常大气和有人情味。 从入住到离开，从未提过要好评，但是这个服务值得超五星好评。

环境：毋庸置疑，这是个富丽堂皇的酒店， 唯一入围白金五星的民族酒店， 建立初期就采用德国技术进行污水处理， 广州运动会的官方酒店等等等等， 无论是它的历史底蕴，还是它现在审美品味，都值得二刷三刷！

卫生：很干净，也是可以娃儿穿着背心睡的酒店。

设施：电视非常高清，有多国频道。 窗帘自动，吹风机等措施很棒， 而且， 这家提供的矿泉水也是高品质的， 还有胶囊咖啡机！唯一不足的是酒店的化妆镜，太矮了，要弯着腰化妆。真的太喜欢这家酒店的贵妃榻和迎宾馆的中式沙发了，都是特别舒服！ 配上超高清电视，舒舒服服在酒店看了两部电影，下雨天最快乐的事！

总结： 酒店很赞， 他的花园瀑布餐厅，荔枝湾餐食，还有自身的博物馆，都很值得参观。 这家酒店让我们在广州降温下雨不宜外出的日子，依然室内旅游了羊城。一定会再来的！",花园大床房,大床房
92,关于整体满意度和公共设施的评论,92,不愧是老牌五星，久仰大名，第一次入住，酒店主动升级了套房，特别惊喜，好感度倍增。酒店大堂恢宏气派，设计古色古香，相比珠江新城的现代化，更喜欢花园酒店的中式设计。后花园一步一景，晒着太阳在里面散步特别舒服。4楼的博物馆值得一去。会回住的！,花园大床房,大床房
93,关于前台服务和退房/入住效率的评论,93,30多年前，父亲经常在花园酒店对面广州友谊商店出差，本次跟父母一同到广州怀旧之旅，首选花园酒店，满满的童年回忆！感谢入住时Kasas给我们升级了房间，房间装修温馨典雅，极具老钱风，床品舒适，瀑布餐厅就餐也很惬意！退房时，大堂金色衣服LiVen、Rain给我们服务很好，退房效率高。,花园大床房,大床房
94,关于整体满意度和前台服务的评论,94,广州来过很多次，终于亲自体验了一次评价不一的花园，个人觉得值得好评，环境 布置 房间 餐饮各方面都非常大气 华贵而且价格值得，最重要的是这里的服务人员人情味很足 会主动服务并态度耐心真诚 必须给大堂的ANNA和WAYNE两位帅哥靓女五星好评！,红棉大床套房,套房
95,关于前台服务和餐饮设施的评论,95,老店的服务一如既往的的好，来广州就夜泊花园酒店，早饮在白天鹅酒店，也许就是对老广的那种情怀。时隔七年，是我第四次来羊城，第一次带娃来住，感谢前台接待员帮我升级套房和主动提供儿童洗漱备品。闺女很喜欢瀑布餐厅，餐厅服务员给了小饼干??给小朋友喂鱼，闺女在鱼池玩得很开心，不愿离开.......期待下次还来这家酒店。,花园大床房,大床房
96,关于房间设施和周边配套的评论,96,老牌五星酒店，环境优美，位置优越，大厅富丽堂皇，布置的非常有岭南过春节的气氛。酒店里的几家馆子也非常好吃。1.3米的双床房非常适合亲子游的一家三口。房间有点小，设施旧。淋浴设计的非常不喜欢。,城央绿意双床房,双床房
97,关于房间设施和前台服务的评论,97,"低楼层客房整体装修不算过时，不过细节欠佳，房门有起皮现象，沙发也显得很旧，坐感不太舒适。

桃园餐厅菜品味道不错，食材新鲜，但服务质量参差不齐，部分服务人员缺乏专业性，遇到问题不是积极解决，而是试图把责任推给顾客。并且，住房顾客专享的用餐折扣也未主动告知，还是后来友人告知，回餐厅询问，工作人员却表示要顾客主动提才给优惠，一概不承认自己有问题。

入住期间，还因押金不足碰上服务被婉拒的状况。好在客服许经理处理问题及时又专业，让原本不太愉快的经历有所改观。客服打扫的工作人员都很细心。",花园大床房,大床房
98,关于整体满意度和性价比的评论,98,1991年去过这个酒店??、一晃三十多年了、服务一流、各个方面都很棒、非常满意、这次买了套餐、性价比挺高、酒店博物馆和瀑布都很赞??特别感谢一下一个迎宾的美女、因我的手提袋子太重、她非常热心帮我找了一个酒店的袋子给我、谢谢！,花园大床房,大床房
99,关于整体满意度和交通便利性的评论,99,非常满意的入住体验，酒店的地理位置非常好，交通也很便利，出门就是地铁站，酒店的大堂非常气派，环境很好，见我带着老人和孩子，还升级了房间，房间干净舒适，服务贴心细致，设施一应俱全。非常推荐！,花园双床房,双床房
100,关于交通便利性和周边配套的评论,100,老五星酒店，但是出乎预料的惊喜，大堂很大气，环境很好，交通便利，对面就是广州酒家。荔湾亭的茶点很好吃??以后来广州还会选择花园酒家,红棉双床套房,套房
101,关于餐饮设施和房间设施的评论,101,入住体验非常好。因为看到早餐能选三家餐厅订了这家酒店，入住三天把三家餐厅都体验了一下，味道非常好（就是高峰期可能要排队，不过很快就排到了）。虽然是老酒店，但是房间里的装修、设施都很新，性价比很高。,花园大床房,大床房
102,关于前台服务和整体满意度的评论,102,有名气的老酒店，但是维护保养的很不错，感觉也非常热闹入住人员挺多，所以房间没打扫空出的时候，前台小哥哥及时的升级安排房间，为宾客解决问题的能力点赞。酒店大堂富丽堂皇，还有自己的博物馆而且还规模不小，空闲时参观一下还是非常有意义的。花园酒店为这次的广州行添色不少。,花园双床房,双床房
103,关于餐饮设施和整体满意度的评论,103,广州老牌的五星酒店，各方面都很满意。早餐体验了桃园馆和30楼的旋转餐厅，小朋友很开心，家庭旅行的首选！,花园双床房,双床房
104,关于整体满意度和餐饮设施的评论,104,春节人流大，入住时间比较长，主动升级了房型，很舒适。整体感觉不错，服务效率高，体验了瀑布餐厅和旋转餐厅，环境不错，菜品感觉一般。酒店花园很美，博物馆也很用心，总归是很有特色，可以再来。,红棉大床套房,套房
105,关于餐饮设施和整体满意度的评论,105,带家人前往广州旅游，选择下榻广州花园酒店两晚，二楼餐厅荔湾亭跟三楼的粤菜餐厅出品菜品水准都是ok的，推荐体验！另外六小龄童经理不错，满分好评！,花园大床房,大床房
106,关于整体满意度和前台服务的评论,106,房间不错 虽然年代感强一些 但是还是挺干净的。前台服务人员也很贴心 我们到的晚 订的房型没有了 直接安排了升级房型。舟车劳顿后的关心真让人感动呀。早餐的餐厅环境不错 听着瀑布声吃早餐感觉很放空 ?值得再次体验,花园双床房,双床房
107,关于前台服务和交通便利性的评论,107,定了两间房，给妈妈的大床房升级成了套房，她很满意，我和孩子住的双床房一般，尤其是卫生间和浴缸共用一个推拉门这个设计着实有些减分。我想很多选择花园酒店的顾客多半是有些情怀的，毕竟曾经也是名气在线的。酒店的优势:位置好，出门是地铁，对面是商场，附近小吃多，广州酒家，点都德都在200米以内的范围。酒店有博物馆和花园，很赞，而且酒店博物馆的纪念品价格并不比外面高，这点很难得。酒店的不足:进门的服务很糟糕，我们大包小包的行李视若不见，而我一转身，后面的老外的行李，服务人员就笑脸相迎上去了，呵呵呵，什么年代了！！办理入住的队伍排很长，周边没有可以休息的座位，无奈，先存行李回来再次办理，问行李寄存处在哪里，手一挥，鬼知道你指的哪里！办理入住的前台小姐姐问一句，答一句，多说一个字像要收费似的，酒店里有博物馆和花园也不主动告知，还是旁边路过的阿姨告诉我们的！果断后两天转住了文华东方。除了入住前的不快，其余的时候都挺满意，心理觉得有些遗憾，以后不会选择这家了。五星酒店广州从来都不缺。,花园大床房,大床房
108,关于房间设施和整体满意度的评论,108,房间干净宽敞，因为是会员的关系还免费升级了房间和使用行政酒廊。出行也很方便，时间关系没有打卡酒店餐厅，据说有很多推荐好餐厅，下次有机会再试吧。,花园双床房,双床房
109,关于前台服务和整体满意度的评论,109,服务意识不是很强，经常会没人帮着推门，办理行李寄存的时候小哥在接打电话，可以理解比较忙，但是也没有给客户打招呼表示歉意，旁边的工作人员看着我们傻等着也没有接手的意思，整体的体验感比较一般,花园大床房,大床房
110,关于交通便利性和客房服务的评论,110,广州花园酒店是一家老牌酒店，在市中心地段，地铁淘金站A口出地面只要走两分钟就到了酒店大堂。酒店服务周到，我们要求送的瓶装水浴巾拖鞋碘伏棉签创可贴也很快送到。酒店周围环境也很美，吃饭很方便。房间设施虽然有点旧，但很干净，唯一不太合理的就是灯光分组。,花园双床房,双床房
111,关于交通便利性和卫生状况的评论,111,蛮好的老牌酒店，交通便利，旁边有地铁站，停车疗仨人。春节很繁忙，管理也到位，房间卫生干净，早歺歺厅选择范围多，桃花馆歺厅味道佳，退房退押金快速。,花园双床房,双床房
112,关于整体满意度和前台服务的评论,112,酒店地理位置优越，设施齐全，房屋整洁。酒店所有工作人员的服务都非常周到，尤其Winnie  wei很贴心，有求必应。有欢迎花束，还非常幸运地升级了房型。早上在旋转餐厅边吃饭边欣赏美景。偶然间选择的这个酒店，很满意！,花园大床房,大床房
113,关于前台服务和客房服务的评论,113,一如既往的好，尤其是春节期间，特别热闹又有年味。服务比多家五星级酒店更好，出街期间除了大堂有各种活动和集市以外，每一层都有一位工作人员帮忙按电梯，在过年期间，服务做到这个程度非常难得！,花园大床房,大床房
114,关于前台服务和餐饮设施的评论,114,带爸妈去广州，住的花园酒店粤韵套房。入住期间正逢妈妈生日，酒店赠送了蛋糕，让我们宾至如归。二楼荔湾亭的东西也很好吃，我们那桌的服务员是位阿姨，很耐心，介绍的菜品也很得我们喜欢（忘记问姓名了）特此感谢。另外表扬前台Betty，12楼客服谢现涛，对我们无微不至的关怀和照顾。,粤韵双床套房,套房
115,关于前台服务和整体满意度的评论,115,来广州一定要争取住花园酒店！雍容华贵，是中国三家白金五星酒店之一。特别感谢前台服务员，给我们把房间升级了！让我们更加不虚此行！,花园大床房,大床房
116,关于房间设施和整体满意度的评论,116,费了半天口舌 那个岭汇峰金卡（好像是这个名吧 记不住了）终于派上用途给升了房型 红棉房还是真不错的 面积很大 客房很新 服务也算热情 酒店人巨多 好像是商务开会聚集地 定了三晚 只送了一个早餐卷 也没用上 每次路过都是站排 总体还是推荐的 附长隆动物图,花园双床房,双床房
117,关于前台服务和餐饮设施的评论,117,"服务：酒店的服务让人印象深刻，春节期间非常敬业。 行政酒廊，大堂的礼宾，公寓客房的服务都令人满意。

春节期间的布置，有节日的气氛。酒店内行政酒廊进去有个很大的后花园，还有瀑布。",粤韵双床套房,套房
118,关于整体满意度和交通便利性的评论,118,住过的酒店不少，但离开后希望还有机会再次入住的酒店却很少。广州花园酒店是这很少之一。这次带了家里老人出行，选择入住花园酒店，优良的设施，便利的交通，白金五星的服务也让家人度过了非常愉快的假日。酒店自带的博物馆和有瀑布的中庭花园让我们很是惊喜，行政酒廊的出品和服务更让人印象深刻，在此特别感谢酒廊的Carrie、Mira、Berryle专业周到的服务，虽是短暂停逗，却令我们感觉如沐春风，宾至如归。,花园双床房,双床房
119,关于整体满意度和前台服务的评论,119,服务非常满意，特别前台小姐姐给升级一房一厅客房啦??心情愉悦。这个老牌五星级酒店我在30年前来过，现在旧地重游还是感觉非常满意！特别是它家的后花园假山瀑布，绿色植物荷塘月色景致一流心旷神怡。这次我们房费还包括了行政酒廊欢乐时光，使用下来感觉质量非常满意，厨师水平比一般的五星级酒店高，精致味道超级好，特别有二个选项菜单，点的菜是米其林出品啊??前台后面的背景一如40年前大气豪华，有特色的原木旋转楼梯及二楼古色古香摆品都体现精致豪华。早餐还开放了30楼的旋转餐厅。这是一次完美的体验。,花园双床房,双床房
120,关于性价比和交通便利性的评论,120,一家三口，由于工作关系四晚住了亚朵（五羊邨店2晚，太古汇2晚）只能说性价比非常低，爸爸果断选择了换花园，交通方便，吃住便利，环境怡人，订房文旅送了优惠券1间200元/每晚。只能说选花园红棉房太对了。和前台沟通带孩子避开头尾，安排的非常好呀。真是太满意了。虽没有早餐，但是酒店背后去吃了点都德早茶（超级近），还是得在本地点都德吃，非常好，孩子也高兴满意。,红棉大床套房,套房
121,关于整体满意度和安静程度的评论,121,本地人第一次入住，体验不错，无论是大堂的装潢、香氛，还是房间的布局、设施都给我高级的感觉，入住第一感觉是卫生可靠。环境很安静。,花园大床房,大床房
122,关于公共设施和餐饮设施的评论,122,"环境：后花园很气派，还有瀑布，小桥流水很优美
设施：房间内设施有些陈旧了，达不到金五星
服务：前台礼貌热情，但预订的早餐不可退属于强卖，自助早餐非常不值人均200，要避坑",城央绿意双床房,双床房
123,关于前台服务和客房服务的评论,123,房间酒店贴心服务，帮我们升级为套房，处处为客户着想，服务员微笑服务，打扫房间及时，酒店环境舒适温馨高雅。,花园双床房,双床房
124,关于前台服务和餐饮设施的评论,124,很好??！服务好，工作人员很耐心细致！不愧为五星级国际酒店！桃园馆定制早茶也有广式特色！特别是蛋塔很有风味！前台可以寄存物品。酒店管理很有秩序，很安全！真心觉得祖国很安全！,花园双床房,双床房
125,关于前台服务和客房服务的评论,125,住了七八次了，这次房间出了一点小小的问题。刘经理和麦经理先后帮我们细心处理，周到解决，都让我们感到非常不好意思了。所以，每次都是广州的入住首选。也在这里对两位巡房经理表示衷心的感谢！,花园双床房,双床房
126,关于前台服务和整体满意度的评论,126,"选择花园酒店是一个意外惊喜。
家人鼻子敏感 一直以来特别抗拒老旧酒店，主要是受不了沉积在排气管道、装饰里面的陈腐味道，比较偏向于选择5年内的新酒店。
被酒店的评论区以及多个米其林餐厅吸引，于是决定试试。进入酒店后，酒店浓浓的历史感经过岁月的沉淀以及酒店的用心维护，感受到的是古典、优雅、大气，更加惊喜的是它居然是剧院魅影的官方合作酒店，大堂中央放着经典的白色面具！可把孩子高兴坏了，我们大老远来就是来二刷魅影！这是一个意外的大彩蛋，好感度已经拉满。
另外一个惊喜是入住时，安排的低楼层接近装修项目，向酒店反映噪音问题后，马上进行了调整甚至升房，效率和服务很赞。因为孩子身体不适，延迟退房申请也安排得妥妥的，非常感谢！
套餐含夜茶任点，出品优秀，都是很经典的广府点心，推荐(＾ω＾)????",花园双床房,双床房
127,关于房间设施和安静程度的评论,127,酒店本身就是一个景点，很有设计感，酒店本身带有一个博物馆，很值得参观一下，就是人太多太杂，酒店的客房设施比较陈旧，而且设计有点不太合理，房间私密性不够，由于酒店周边在施工，有点噪音，不够安静，前台员工的服务意识有待提升，可能太忙的关系，全程都没笑脸，对于相关的酒店待遇没有主动介绍，还是客人自己提醒下才给予，感觉有点不太好，相比行政酒廊的员工就热情很多,花园大床房,大床房
128,关于餐饮设施和整体满意度的评论,128,闹市宝藏店，环境资源独具一格。居住品质好，一如广州这座城市特有的包容温润，早餐极好，氛围感拉满，值得续住。,花园双床房,双床房
129,关于餐饮设施和前台服务的评论,129,酒店有非常多的餐厅，中西餐厅日式餐厅都有，特别是有一个网红瀑布餐厅比较出名，很多人来到打卡，在酒店内就能够满足用餐需求。感谢前台Viria的介绍以及服务周到，给予好评！,城央绿意双床房,双床房
130,关于房间设施和整体满意度的评论,130,酒店过年活动多，氛围很浓，一到酒店感觉很欢乐。房间很舒适，配有胶囊咖啡机，服务不错。一楼后面小花园修的很漂亮。只是设施稍显老旧，淋浴间漏水到隔壁马桶间，需要注意及时维修。,红棉大床套房,套房
131,关于餐饮设施和整体满意度的评论,131,酒店服务很好！餐厅特别棒！早餐非常好！花园和博物馆也可以看看。门口就可以直接坐出租车，非常便捷。因为楼设计合理，电梯也不拥挤。体验很好。唯一就是房间小。房间太小。,花园双床房,双床房
132,关于房间设施和整体满意度的评论,132,房间很有年代感，依然记得小时候第一次在花园酒店咖啡厅感受到的宏伟。酒店服务人员还蛮热情。,花园双床房,双床房
133,关于整体满意度和前台服务的评论,133,一分钱一分货，这么老的酒店还是不错了，谢谢前台给我房间升级为套房，楼下花园还是很不错的，特别是瀑布。,花园大床房,大床房
134,关于整体满意度和前台服务的评论,134,春节带家里老小体验老牌的五星级酒店，环境服务都很好，过年的气氛也很浓，小朋友在花园里玩了很久，感谢前台ANN，服务态度非常好，还免费加赠了早餐，很美好的体验！,花园大床房,大床房
135,关于整体满意度和前台服务的评论,135,花园酒店环境好，整洁干净，入住时前台升级了房间，服务人员热情周到，每天还送水果，下次来还住花园酒店。,花园双床房,双床房
136,关于客房服务和整体满意度的评论,136,孩子不舒服，不小心吐在了床单上，服务人员耐心打扫，非常专业。酒店环境非常好，室内座椅有些老化。忘了东西在酒店，酒店及时联系并帮忙寄回。非常感谢！,花园双床房,双床房
137,关于前台服务和交通便利性的评论,137,"到酒店后前台把我的红棉房升级到了粤韵房，窗口正对着对面的白云宾馆的街口，酒店服务很好不愧是白金五星酒店，早晨早餐高峰和中午退房高峰时各楼层电梯口会安排服务生招呼客人，住过无数个酒店还是第一次看到这样的服务。
楼下就是地铁淘金站，外国住客多。免费参观酒店博物馆，整整在里面徜徉了45分钟，能看到很多东西，愿意拿出一个楼面做丝毫没有收益的博物馆，真壕。",红棉双床套房,套房
138,关于交通便利性和整体满意度的评论,138,房间面积不大，环境很棒，大堂非常漂亮，服务人员都特别好，有1个插座用不了，设施稍微老一些，地理位置很优越，出行非常方便，三楼早餐特别好吃,花园大床房,大床房
139,关于房间设施和前台服务的评论,139,花园房很小，进门就是一个浴缸，比较老式的风格，前台接待的服务很一般，携程的岭南客金卡有一份免费早餐，也是我自己问的，都不主动提起，入住收1000元押金，现在也不多见了。迷你吧都要收费。住的是一个情怀吧。下次不会再选择了。早餐也很一般。位置在中心。出门打车都很方便,花园大床房,大床房
140,关于整体满意度和房间设施的评论,140,不愧是国内唯三的白金五星酒店，漂亮的瀑布花园，舒适的床品，优质的服务，改革开放历史见证，广州花园酒店值得再次入住。,花园大床房,大床房
141,关于前台服务和交通便利性的评论,141,"这次入住酒店，有幸遇见前台KIKI XU笑脸相迎，安排了舒适的房间，能遇见您，让我们的旅途变得更加美好。
        酒店在市中心，门口就是地铁站，去任何地方玩都很方便。
        酒店本身就是一个景点，有26个地方可以打卡，后花园很漂亮，不仅有水景假山，还挂着2条18米高的瀑布，4楼还有一个博物馆，住在这里有种世外桃源的感觉。
        祝酒店生意兴隆。",花园双床房,双床房
142,关于卫生状况和前台服务的评论,142,房间干净卫生，服务员态度很好，涉外酒店，入住客人多，早餐需要排队，但是用餐环境很好，顶楼还有旋转餐厅，可以边吃边欣赏城市景色，早饭品种很多，味道很棒！还有一个大花园，有瀑布，有金鱼，逛逛，大饱眼福。唯一不足房间有点小。,花园双床房,双床房
143,关于交通便利性和周边配套的评论,143,位置很优越，就在地铁站旁边，去哪里都方便，马路对面的广州酒家菜品很好吃，酒店最出彩的是后花园，有山有水，树木茂盛，在里面悠闲惬意。早餐还是蛮丰富的，桃源阁的是广州特色定食，但得事先预约，用餐环境舒适。大堂金碧辉煌有点嘈杂,城央绿意双床房,双床房
144,关于前台服务和房间设施的评论,144,酒店外观很大，感觉很气派，所以选择入住，但是房间还是比较老旧的，差点意思，和现在新酒店相比还是新的酒店科技发达，关键充电地方多，这里还是老式的充电头，关键晚上的夜茶是真难吃，还有就是我想吐槽的，我老公证件忘记在房间，退房了两天既然也没有人和我联系，后来去机场发现没有了，又每个酒店去找，找到这里才给我们，说是疏忽了，难道这种重要的东西发现了不是这时间联系顾客的吗,花园大床房,大床房
145,关于安静程度和客房服务的评论,145,房间很安静，设施齐全，送餐服务及时周到，下午可以在花园散步，很适合放空,红棉大床套房,套房
146,关于餐饮设施和整体满意度的评论,146,带有博物馆的老牌酒店，有自己的文化底蕴，值得过来感受一下，据广州当地的朋友说酒店内的早茶是天花板级别的，作为东北人体验了一下，倒也没吃出来太特别的！,城央绿意双床房,双床房
147,关于房间设施和前台服务的评论,147,房间舒适，设备比想象的要新很多，服务团队非常热情而且专业。特别给Tina点赞,花园大床房,大床房
148,关于交通便利性和周边配套的评论,148,位置特别好，去哪里都方便。后面的小胡同还有很多好吃的小店。打车基本都是5分钟内到达，大堂很气派，礼宾部的服务也很好，整体都很不错，下次来广州还会住这里。,花园大床房,大床房
149,关于交通便利性和前台服务的评论,149,房间非常满意，交通很便利，出门就是地铁站。酒店大堂很辉煌很大气！前台VIRIA服务非常好！,城央绿意大床房,大床房
150,关于前台服务和交通便利性的评论,150,"期待的广州花园酒店没有让我们失望
一进大堂就感受到大气，真金剪纸壁画显示了红楼梦的故事情节，流程和导引非常高效，办理入住的小丘非常专业和亲切，作为金卡会员不但给了升级还体贴地赠送了小朋友的早餐！非常感动！房间也非常舒适，门口就有地铁站 下次来一定还住这里",花园双床房,双床房
151,关于房间设施和安静程度的评论,151,"这个酒店最难受的是开放式卫生间。洗澡间和卫生间共用一个推拉门；然后与床之间也是一个半玻璃门隔开的。俩人入住，一个人洗澡，另一个人最上卫生间就是敞开式，真是不方便。
     我们的房间外面有个大工地，似乎是在修地铁，工地的噪声夜里还是听的听清楚的。
   不过酒店的工作人员服务很不错！ 不管是大堂还是前台，房间、餐厅，服务人员都非常有礼貌。 早餐也算是丰富了。作为老牌五星级酒店，健身房确实差一些，尤其是健身人员素质太差（这个不能怪酒店）。
    酒店位置还不错，门口就有5号线地铁。",花园双床房,双床房
152,关于整体满意度和房间设施的评论,152,一如既往的好。作为广州地标酒店，也并不是停步不前，而是一直在进步。服务也有提升，谢谢小宁和小鱼。床品舒适。早餐比以前好吃了,花园大床房,大床房
153,关于整体满意度和房间设施的评论,153,过年安排在花园酒店，整个气氛很欢乐。酒店各个部门服务都很热情，在酒店用了早茶，也吃了年夜饭。新年第一天也看了舞狮。房间设施也很好。交通地铁也方便。,花园大床房,大床房
154,关于餐饮设施和前台服务的评论,154,"其实是一家很有特色的酒店，只是酒廊太太太太太拉夸，餐食一般服务更差，严重减分。
先说有点：在寸土寸金的广州中心地带能拥有小桥流水的岭南风格园林，甚至还有专门为此准备的导览参观活动，足见花园酒店作为一家白金五星级酒店的实力。而且这家酒店负责房务的叔叔阿姨特别热情亲切，是我在别的酒店没有感受过的。
但是，三天两晚的住宿中，花园酒廊拙劣的服务让我和家人一次次感到震惊：先是第一晚，19时许进入酒廊后是一条非常昏暗的通道，唯一的光源就是桌子上的蓝色小夜灯，等走到中心区域后也没有空余座位，虽然当时有两名服务人员，但是并没有解决座位问题，只是表示只能坐在黑暗的过道区域座位，我们询问是否能将过道区域顶灯打开，服务人员竟然答复“老板不喜欢开灯，所以开不了”，最后我们通知当天外籍值班经理到场交涉，在表达了我们不满以及不开灯可能造成客人受伤等安全问题后，经过十多分钟协调才打开了灯。第二天下午，到酒廊享用下午茶，我母亲想坐在室外区域，询问当日酒廊外籍管理人员后表示户外区域是酒吧（对，酒吧酒廊共用一个区域）客人专属座位，我们便在室内区域落座，但是发现有多波酒廊客人落座户外区域，当时酒廊内客人不多且有三名以上工作人员，均没有对这种行为进行劝阻制止，甚至在酒廊客人是否可以坐在户外的问题上不同服务人员回答都有分歧，而我和母亲只是因为“听*话”就遭到了区别对待，让我们非常恼火。
以上情况，在向酒店值班经理等领导层反馈后，也只是得到了敷衍回答，并没有实际解决问题。
综上，花园酒店给我的感觉就是金絮其外败絮其中，顶着白金五星级酒店的名号，却在本应该是加分项的酒廊，给客人极差的体验。
顺便说一句，酒店酒吧酒廊共用空间，而酒吧并未按照《中华人民共和国未成年人保护法》第五十八条　（营业性酒吧等不适宜未成年人活动场所的经营者，不得允许未成年人进入。经营者应当在显著位置设置未成年人禁入、限入标志；对难以判明是否是未成年人的，应当要求其出示身份证件）规定执行，此情况已向相关部门反映，也请酒店积极整改！",花园双床房,双床房
155,关于前台服务和整体满意度的评论,155,酒店超赞，不愧是白金五星，除了前台服务，其它酒店员工都很好。前台基本都板着脸，岭南金卡权益点一点拜一拜，不会主动把权益给你，赠送行政酒廊和早餐等，你提了，会给你加到备注里，不提就没有。,花园双床房,双床房
156,关于景观/朝向和餐饮设施的评论,156,升级了套房，对着花园瀑布，入住当天等了太久所以送了酒店的欢乐时光，早餐1楼是瀑布餐厅无猪肉非常适合挑食的我，30楼是旋转餐厅，都很有特色，酒店本身自带的花园很舒服。酒店服务很好，感谢热情的carrie小姐姐给我们拍照。空调和马桶年代久远来的时候维修耽误了时间，总体瑕不掩瑜。提一点建议，打电话问酒店要蚊香和晾衣架接线的人说没有，还好奇为啥五星酒店这都不配，但是最后都送过来了，接线员连感觉酒店有啥都不知道,花园双床房,双床房
157,关于餐饮设施和前台服务的评论,157,"大堂、餐厅、花园等公共区域环境很好。房间有点儿小，有咖啡机很不错，茶难喝，打扫的非常及时。
服务员及其多，都阳光靓丽，保持微笑服务。
购买的套餐是带行政礼遇、应该安排18-21层的房间。提醒过前台服务员后才看到，可能太忙了吧。
餐食挺好，早餐丰富，行政礼遇的下午茶阳光明媚、欢乐时光餐食比较丰富。",花园大床房,大床房
158,关于景观/朝向和整体满意度的评论,158,老牌五星级酒店，设施不算新，但是干净整洁，服务态度好，酒店大堂金碧辉煌，香气弥漫，高级感十足，花园瀑布景观无敌，博物馆非常值得一逛，有金庸先生的墨宝。,花园双床房,双床房
159,关于前台服务和整体满意度的评论,159,广州老牌五星酒店，新年期间很多庆祝活动，中外游客众多，服务很好，特别是一众酒店前台人员，亲切耐心，素质高，很能体现广州人热情好客的人文情怀。,城央绿意双床房,双床房
160,关于房间设施和整体满意度的评论,160,"寸土尺金的地方，这个房间面积中规中矩
标配浴缸占用了空间，但确实也为这次住宿增添色彩，卫生间和淋浴间是分离，但空间很小，有点压抑感。酒廊是最好的体验，如果有机会下次再来尝试其他房型",花园大床房,大床房
161,关于交通便利性和周边配套的评论,161,地理位置优越，很近地铁站，附近也有商铺配套设施。住了三晚，不错。送了水果盘，更意外的是刚好我生日，送了生日蛋糕，真的很惊喜。,花园大床房,大床房
162,关于房间设施和前台服务的评论,162,酒店地理位置优越，前台Gillian小姐姐服务很好，唯一不足的就是，房间布局有点不合理，卫生间，淋浴房共用一扇门，淋浴房和浴缸是一体的，老人和小朋友洗澡爬进爬出不太方便,花园大床房,大床房
163,关于性价比和交通便利性的评论,163,老牌的五星酒店，外国客人很多，服务员很热情，这点南方酒店胜出一大截。酒店出门就是地铁，工作日入住酒店给升了套间，本身的套餐包含了早餐和夜茶，所以性价比实在太高了。推荐！,花园双床房,双床房
164,关于前台服务和周边配套的评论,164,度假结束了，有时间来好好写点评，看中花园酒店的位置，定了套餐，更看重花园酒店的历史酒店礼宾部John下午的酒店导览对我们这次入住花园酒店是最大的加分，不仅让我们了解了花园酒店的历史更了解了广州作为我国改革开放前沿的窗口的不同，当内地还在继续计划经济的时候，广州已经在吸引外资了，我们的港澳同胞们作为祖国改革开放的坚定拥护者，爱国拳拳之心！花园酒店的花园，瀑布，大锦鲤都让人印象深刻，遗憾的是广州的美食太多，酒店的套餐都没来得及吃，唯一吃了一次早餐一楼是要排队的还是顶楼的比较好！再次感谢John给我们的导览，还有前台Betty的鲜花，给我们的圣诞假期带来了美好的开始！,花园双床房,双床房
165,关于房间设施和前台服务的评论,165,装修很豪华美丽，外观、花园、大厅都非常漂亮，古典优雅，地段也很好，出行方便，周围吃喝玩乐都很丰富，但是毕竟是老酒店，房间很小，水池、浴室、墙角等角落也能看到发霉发黑，房间阴冷，被子也冰冰的，而且前台办入住非常慢，如果不是商务出行，自家出游的话，这个价位可以定综合水平更舒适的,花园双床房,双床房
166,关于前台服务和餐饮设施的评论,166,"大堂美丽气派。红棉套房，新装修的，漂亮温馨。居住舒适。前台YOLO小姑娘热情解答各种问题。
涉外酒店??老外很多。感觉对内宾没有对外宾热情??
早餐自助瀑布餐厅人太多了，还没用完餐，桌子就被占领了??周围在施工有点不便。
西餐厅ZONA LIANG 非常热情，一直帮着拍照????",红棉双床套房,套房
167,关于整体满意度和前台服务的评论,167,房间很大，安静干净，早餐在一楼瀑布餐厅和30楼旋转餐厅，风景不错。前台服务员业务熟悉，态度热情，保安非常主动帮助拿行李。酒店很大，管理到位。,花园大床房,大床房
168,关于卫生状况和房间设施的评论,168,前两天住红棉很棒，照片是绿央的窗户，我理解不了同一个酒店怎么能脏成这样，房间不同内部设施有差别我能理解，大过年的窗户怎么能这么脏呢？,城央绿意双床房,双床房
169,关于餐饮设施和整体满意度的评论,169,舒适、出入方便，中餐和西餐都是米其林餐厅，出品非常好，服务态度超好，大堂的咖啡厅做的点心也非常棒！所以每次来广州都是首选。,花园大床房,大床房
170,关于卫生状况和整体满意度的评论,170,房间整洁卫生，环境优美。liven服务很好。适合亲子旅行。,花园双床房,双床房
171,关于整体满意度和交通便利性的评论,171,超预期的好，豪华酒店的调性和标准在线，老酒店有新装修后也非常棒，赞，服务很好，谢谢Mancy的安排。这位置很好，去哪都方便，下次再见,花园大床房,大床房
172,关于房间设施和前台服务的评论,172,房间很大很干净卫生，在房间可以自己煮咖啡，有两个洗手盆，很方便。服务态度很好，在上下电梯口都有服务员服务，出入酒店门口也有服务员开门，很礼貌，贵宾待遇！餐饮也不错,花园双床房,双床房
173,关于房间设施和前台服务的评论,173,"到酒店那天，出租车到正门口，没有服务员来开门与拿行李，我们带着孩子自己拿大包小包进门的。
酒店虽然不是很新，但是维护的很好。我们带小孩，酒店没有床围，我们订的房型大床才1.8米，没办法睡觉，交涉后才给我们升级了房型，但是真正入住是到5、6点才好的。我们吃完饭才回大堂拿了房卡并知道了房号，真的是第一次的体验。
再有希望卫生间可以有马桶冲洗功能，实在是不习惯。另外周边在修马路，房间里还是可以听到修路的噪音。其余都还行，反正挺适合商务的，不适合亲子出行。",花园双床房,双床房
174,关于交通便利性和餐饮设施的评论,174,位置优越，地铁口出来就是酒店非常方便，赶着过年去的人很多房间还没收拾好，直接送了两份早餐，酒廊的下午茶也可以随时都能去，好评??,粤韵大床套房,套房
175,关于整体满意度和餐饮设施的评论,175,非常满意的一次入住，很喜欢酒店的历史年代感，有机会还会考虑入住。酒店早餐也很丰富，瀑布花园也特别可爱。,花园双床房,双床房
176,关于整体满意度和前台服务的评论,176,选中这个酒店是看中它的环境非常漂亮。实际入住后，不仅环境漂亮，工作人员服务也很热情。他们会热情的和你打招呼，需要帮助时也会立即上前。,花园双床房,双床房
177,关于整体满意度和前台服务的评论,177,20年前第一次出差就住花园酒店，每次来广州都住这里，酒店员工很友好、服务很好??,花园大床房,大床房
178,关于餐饮设施和整体满意度的评论,178,房间和外部看的出年份，也看的出一直不断改进的影子，总体对得起5星，携程的套餐写的定制早餐也没明确指引，早餐地方太多了。,花园双床房,双床房
179,关于卫生状况和整体满意度的评论,179,"卫生：房间卫生干净整洁

环境：酒店氛围很好，很有感觉

服务：Tina小姐姐人美服务好

推荐推荐～下次来还选择",城央绿意大床房,大床房
180,关于安静程度和整体满意度的评论,180,还不错，为了情怀住的，就是楼下施工有时候会有点吵吧。,红棉双床套房,套房
181,关于房间设施和整体满意度的评论,181,一个将近40年的酒店，服务不负超白金的口碑，花园很美，但是酒店的洗手间太小，门的设计不是很合理，隐秘性不够，最好能改进。,城央绿意双床房,双床房
182,关于前台服务和整体满意度的评论,182,酒店不错非常漂亮??值班经理六小龄童非常热情专业，推荐推荐，下次一定再来,花园大床房,大床房
183,关于整体满意度和卫生状况的评论,183,景色超级美 后花园很值得一逛。酒店有点旧了但是保养的不错 卫生做的很干净 所有工作人员服务态度也很好 推荐入住感受一下,花园大床房,大床房
184,关于整体满意度和公共设施的评论,184,来广州住这个酒店很开心的。酒店大堂宽敞明亮，各种设施齐全，酒店的花园景观别致，服务人员随时给提供帮助，早餐很美味,花园双床房,双床房
185,关于房间设施和整体满意度的评论,185,整体体验还是挺不错的，老牌酒店很有韵味，酒店里的内容也很丰富，博物馆很用心的了。房间层走廊确实比较偏低，但也是那个年代的特殊产物。房间里头淋浴间和厕所的门只能关其一的设计比较神奇，但其实也不太方便，尤其是双床房的话。水龙头的位置让水开大的时候容易溅出来。,花园双床房,双床房
186,关于整体满意度和前台服务的评论,186,过年期间去的，酒店非常有节日氛围，家人都非常满意。酒店服务也非常好，还送了下午茶，房间升了级！选对了一切都是最好的安排！,红棉大床套房,套房
187,关于前台服务和整体满意度的评论,187,"结论：整家酒店充斥着老广的精明算计和散漫。

先说优点：设计经典、大堂富丽堂皇、博物馆用心、后花园不错、房间维护尚可（红棉）、服务人员主动问好。

再说槽点，实在太多了，只能挑重点讲。

1. 前台极其不专业：效率低，排队久，期间还被几个老头插队。最活久见的是，办完给房卡，哪里坐电梯、几点吃早餐在哪里、酒店有什么设施全靠自己问，这东西不应该是主动介绍的吗？

2. 流程是混乱的。举个例子：早餐到了瀑布餐厅，说要排队，让去旋转餐厅，说那里人少，不用排队，到了 30 楼之后，跟我说前面还要等三桌。我？？？最关键是看到餐厅里还有好几张空桌子，写着 reserved，那好，你们早餐还需要预定我接受，那么能不能入住的时候提前告知我预定方式？？ 还有晚餐，打电话订荔湾亭，说订满了，问说想吃怎么办，必须 7 点半以后再来排队，来早了都不行；对比白天鹅宾馆，人家玉堂春暖提前一周打电话主动提醒预定，并且住店客人有优先预定权。随后订桃园馆，桃园馆问我是哪个房间的？因为酒店跟餐厅是分开运营的，所以还得留一遍电话。最关键的来了，结账说挂账，服务员说押金不够，我说不够那我现场补？不行，生带着我走回一楼前台刷了押金。

3. 服务人员素质参差不齐，看人下菜。为什么说参差不齐，是因为我觉得有些工作人员很认真负责，比如博物馆；因为订的携程套餐包含了小礼物，前台不会主动说，问了就说去给你找，然后还要提前强调这是随机的哦不能选，绝了；对比之前住过的君悦，人家公仔或者小朋友玩具都是主动赠予的，花园酒店是你去要，要完还跟你说不能随便选。桃园中餐厅，连续 7 年的米其林，点菜的时候跟我说房间五折这不能用那不能用，我寻思算了就点按道上的套餐好了，菜单拿过来，直接甩一句“我们套餐最便宜一个人 388”，醉了。米其林吃过不止 10 家，第一次被这么服务。

4. 还有一些其他的住多了五星级就容易发现的毛病，比如: 酒店大堂混乱（来回几次没见着大堂经理）各种网红 司机 游客，比较无序；房间洗手台设计容易溢水以及马桶浴缸非常旧（无智能马桶就不说了 每盖一次 bang 的巨响一次）；四楼酒店还连着一堆对外出租的写字楼并且看到有非酒店住客过来健身的（对外出租创收没问题但请确保隐私性）；楼下淘金站有大型工地，噪音不小，没办法睡午觉，这个很多人都提过，不再赘述。

总而言之：当初抱着对全国唯一一家民族品牌白金五星级的期待来，来了之后有点担心这样的酒店管理对不起贝聿铭先生的设计，对不起邓小平的题字，对不起“民族品牌”四个字。",红棉大床套房,套房
188,关于房间设施和体验的评论,188,都不能手机充电，个个插头都很松，一半不能用,花园双床房,双床房
189,关于房间设施和公共设施的评论,189,除了房间小点，设施旧点，其他都很好，有庞大的花园，有很多餐厅，有酒店博物馆，服务员也很年轻，如果没去过可以去一次,花园双床房,双床房
190,关于餐饮设施和前台服务的评论,190,服务相当满意，特别点赞酒廊的Carrie。每天早上每层电梯口都有小姐姐帮助乘电梯和指引歺厅，1.2. 图片，瀑布餐厅，3.4图行政酒廊 ，5.6图30层的旋转餐厅，每个餐厅的景各有特色都很不错，喜欢30层的旋转餐厅，可以边吃早餐边欣赏酒店周围360度的城市景观，每个餐厅的服务都是相当的令人满意??,花园大床房,大床房
191,关于整体满意度和交通便利性的评论,191,"全国三家白金五星级酒店之一，各项设施服务都是首屈一指的。
带妈妈去广州玩，选择在这里入住，交通方便，景观一流，服务周到，前台还免费升级了套房，是很好的体验。",花园双床房,双床房
192,关于整体满意度和房间设施的评论,192,房间虽然不大但配置很齐全，服务很好，非常满意的一次体验！套餐包含的东西也很正！酒店环境和位置是真的好到没得说！,花园双床房,双床房
193,关于前台服务和退房/入住效率的评论,193,前台02工作人员服务专业效率高几分钟就办好了入住手续，还主动帮我们升级了房间太惊喜了，无论是咨询还是解决问题都非常迅速，让人感到非常安心。,红棉大床套房,套房
194,关于交通便利性和周边配套的评论,194,酒店位置非常好，离地铁近，酒店门口一直有排队的出租车，出行方便，酒店大堂很漂亮，房间忘了拍照了，酒店早餐丰富,城央绿意双床房,双床房
195,关于房间设施和前台服务的评论,195,房间窗户一点点都不能打开通风，房间设施维护比较一般。房间很小，两个人住，卫生间都转不了身。住了两个晚上，行政酒廊都挺好吃，即使快结束了，看到有人来，还会补吃的。在此特别感谢印度裔Carrie，服务特别亲切，表扬Carrie，唯独你留下了好印象。其他的服务人员都不咋滴了，特别是前台办理入住的人员得多加培训，感觉对工作有怨气。,花园大床房,大床房
196,关于周边配套和整体满意度的评论,196,酒店在市区，周边就是商场，酒店门口车子多，看来入住的人也比较多，店内服务先生小姐热情，办入住的时候还收到送的鲜花好开心，同时也看到沙特航空公司的几位漂亮小姐?也在办理入住，酒店有不少外宾入住，酒店楼上有一个层面还有介绍该酒店的一个历史的博物馆，?我也进去参观了挺好的，酒店有40多年历史不少名人居住过大名在外，店内大堂气派，早餐丰富，味道也好，用早餐的地方也能看到窗外的人造瀑布?。因为酒店建得早停车要停到地下人上来的时候要绕一条过道从酒店后门进酒店?不是太方便，房间干净，样式老了一点，在房间也收到了酒店送的送了点心好温馨，谢谢酒店了！??,花园双床房,双床房
197,关于房间设施和整体满意度的评论,197,"设施：老牌五星，铂金。就缺晾衣服的
卫生：很好，
环境：花园和瀑布还有鱼，娃很喜欢
服务：细心，看喝水情况给矿泉水。",红棉大床套房,套房
198,关于整体满意度和前台服务的评论,198,不愧是老牌五星级酒店，虽然设施老了一点，但服务人员热情，春节期间酒店氛围热闹，家人住得特别开心，有机会会再次入住,花园双床房,双床房
199,关于餐饮设施和整体满意度的评论,199,房间很舒服，酒店各方面服务好，尤其是餐饮的服务态度亲切，业务专业，早餐可以四个餐厅用，满足了不同体验，期盼下次继续入住,红棉双床套房,套房
200,关于整体满意度和性价比的评论,200,超出预期的完美体验！之前看到是老牌酒店重装修，预期不高，但是入住后我没觉得有陈旧感，有特色又有品质的装修风格，很惊艳，和价钱差不多的所谓快捷酒店完全两个概念。因为一点小插曲升级了套房，享受了行政酒廊，哈哈超值！一定要观赏岭南风格的花园，很美！下次来广州一定还来花园酒店！,花园双床房,双床房
201,关于整体满意度和前台服务的评论,201,花园酒店，白天鹅宾馆都是广州的名片，第一次到花园酒店已是三十年前啦，酒店的管理的一如既往，从硬件维护到服务质量都无可挑剔。,花园双床房,双床房
202,关于前台服务和整体满意度的评论,202,花园酒店是我在广州旅行最喜欢的酒店，非常迷人的花园环境，超一流的服务，完美的床上用品，前台优秀的较高职业素养的Kasas，以极快的速度帮我们办理入住，同时又精准的解答我的问题，还为我们升了级！温暖的笑容让我们宾至如归！早餐丰富，摆放艺术氛围拉满！祝福花园酒店！爱花园酒店,城央绿意双床房,双床房
203,关于房间设施和周边配套的评论,203,酒店是老酒店了，房间的环境确实不错，吃喝玩乐都很方便，酒店大厅也是富丽堂皇，重点来了，酒店房间的实施太老气了，还有那个电视剧小到无语。酒店里面的酒吧很棒哦！,花园大床房,大床房
204,关于房间设施和安静程度的评论,204,酒店位置优越，公共区域设施好??庭院设计管理很好，酒店博物馆也非常不错值得一逛??酒店的服务质量还是可以??不足：房间设施比较陈旧，不提供一次性马桶垫；楼下有装修白天比较闹；入住居然还要押金，太不方便了！！！,花园双床房,双床房
205,关于前台服务和房间设施的评论,205,"预订了两间房家庭亲子带老带小，到了的那天有一个特殊酒会导致前台搬了位置，办理好入住没有空房需要寄存行李，被告知要自己推到礼宾处，我们三个大箱子呢，无奈自己推过去。入住时要求不要靠电梯，一上楼就是一间电梯口房间，另一件窗帘机又坏的，等了半天说给我升房了，还说要给我水果盘，但是错过了唯一一次行政酒廊的机会，后面几天都有别的安排也没时间去。
换完房就出门了，晚上回房间发现夜床也没开。不是我矫情是我真的找不到拖鞋！开了夜床就不需要自己找了。打电话问拖鞋的时候就不该多问怎么没开夜床，搞得我一包气，前台回答我是我没要求，他们酒店是要客人要求的，真是闻所未闻，那你是不是该问我下需不需要呢？
搞了半天，结果第二天早上起来其中一间房间的窗帘开关还是坏的，真的很无语。最后这次我都没和携程吐槽，真的吐槽无能了。

好了吐槽完了。酒店虽然有点年头，但是内部保养的很不错，年代感和现代化结合的非常好。酒店里的花园真的特别美，锦鲤又多又大，孩子很喜欢。
行政酒廊的HH很西式，不符合我们的中国胃，没有米饭面条，就是些面包。泳池就是港片里能看到的那种样子，露天的，淋浴也在外面。

有些遗憾没去看花园酒店博物馆，时间没安排好。但anyway，以后应该是不会再去了，这次经历属实不太愉快。",花园大床房,大床房
206,关于交通便利性和整体满意度的评论,206,非常不错的一个酒店，据说是广州本地老牌豪华酒店，地理位置好，交通便利出门就是地铁，房间也不错，服务贴心，很好,红棉大床套房,套房
207,关于交通便利性和餐饮设施的评论,207,老牌酒店，很有调调，位置就在地铁边上，出行很方便。服务人员也都很nice，酒店还有个博物馆，可以逛逛。早餐可以在30楼旋转餐厅用餐。,花园双床房,双床房
208,关于整体满意度和客房服务的评论,208,酒店很有底蕴的，也很有特色，整体氛围很好。升级了房间，很宽敞，打扫也很到位。瀑布餐厅自肋早餐挺好的。一次满意的体验。,花园大床房,大床房
209,关于整体满意度和前台服务的评论,209,房间很大，睡得挺舒服的，老牌大酒店环境没得说，瀑布餐厅的早餐还不错，我们去的时候要排队，有个女的像是管理人员，说可以安排更好的餐厅吃，我们想想算了，也不赶时间就不折腾了，没想到这女的还说了句很不好听的话，素质这么低怎么当上管理职位的，其他硬件方面都不错，门口的服务员还帮忙搬行李，印象不错。,红棉大床套房,套房
210,关于前台服务和卫生状况的评论,210,住店时提前订的房间没有了，说是给升级一间房，就升级了特别脏的一间房，不讲信用的一家酒店，应该是店大欺客吧,红棉大床套房,套房
211,关于客房服务和整体满意度的评论,211,我是住2401的客人????服务员陈红勤女土天天打扫我的房间??♀?非常干净整洁，有求必应，态度很好??每年都住几次花园酒店、今年过年也是在花园酒店渡过。感觉非常之好啊更感谢陈红勤女士的服务??更祝?花园酒店生意越来越好！所有人开心快乐??大吉利,红棉大床套房,套房
212,关于前台服务和整体满意度的评论,212,"房间环境非常好
Mandy小姐姐耐心且专业的帮助令我和朋友印象深刻 如她们金色闪片的制服一样 提供金牌服务 专业能力十分亮眼 为她点赞??
期待下次生日也可以在花园酒店度过",红棉大床套房,套房
213,关于房间设施和交通便利性的评论,213,房间很小，也比较旧，公共区域倒是不错，花园，博物馆都可以逛逛。离地铁站很近，出行方便，外国人特别多。桃园的早茶很不错,花园双床房,双床房
214,关于餐饮设施和前台服务的评论,214,自从九月份住过花园的红梅套房之后，我家太上皇和小朋友都非常喜欢，这次买了三天两晚的套餐，包含行政酒廊和早餐，非常划算。行政酒廊下午茶正对着花园瀑布景色，打卡一流，有中式和西式点心，尤其是印度的Carriy主管非常nice，服务非常好，让我特别感动的是她居然还记得我们是9月来过，更是热情为我们介绍花园酒店的特色和打卡点，让老人家赞不绝口。30楼的旋转餐厅早餐和景观也特别棒。值得一住再住，尤其我们是地道广州人，情怀也很重要。,花园双床房,双床房
215,关于交通便利性和整体满意度的评论,215,服务一流，环境很好，地理位置优越，与地铁口几乎零距离，家庭亲子商务外出旅游出行都很合适，性价比可以的,城央绿意大床房,大床房
216,关于整体满意度和交通便利性的评论,216,酒店虽然有些年头了，但各方面都不错，位置也很好 ，出门打车坐地铁都方便，服务比较到位，环境也不错，值得推荐。,城央绿意大床房,大床房
217,关于整体满意度和卫生状况的评论,217,环境很好，服务超级好有求必应，设施完善，卫生很干净,花园大床房,大床房
218,关于周边配套和交通便利性的评论,218,周边环境较好，交通便利，前厅相当不错富丽堂皇，后花园景致优美。春节有额外福利：驻唱、粤剧演唱、亲子活动等。,花园大床房,大床房
219,关于整体满意度和餐饮设施的评论,219,非常好，免费升级房型，服务好环境好，早餐丰富，瀑布和花园太美了，高大上，下次来广州还选这里！,花园大床房,大床房
220,关于前台服务和整体满意度的评论,220,很好，服务很热情，很有年味，一如既往的好，金卡做了升级，行政酒廊carrie 非常好，期待再次相遇,花园大床房,大床房
221,关于整体满意度和前台服务的评论,221,"这次带妈妈去旅行，选择了地理位置优越，具有岭南风格的花园酒店。妈妈真的喜欢的不行！
光是酒店里的花园，我们都逛了一下午。瀑布、锦鲤、各式各样的花朵绿植，随意走到每一处都是一道靓丽的风景。
从进门到退房，妈妈都是依依不舍。酒店里的每一位工作人员给予的服务都是无微不至的！前台的Viria，听到我是带妈妈旅行，还很贴心的给妈妈送了花园酒店的花！
行政酒廊的出品也很丰富，香槟、红酒、啤酒，还有很多无酒精饮料。期间，Carrie,Berlye,Mira为我们介绍了很多菜品和酒水，妈妈第一次来真的感受到了满满的热情！说下次还要选择花园酒店！",花园大床房,大床房
222,关于卫生状况和前台服务的评论,222,房间非常干净，入住的时候前台小姐姐还给了一朵康乃馨，好温馨,花园大床房,大床房
223,关于房间设施和整体满意度的评论,223,酒店是知名度较高的涉外国际饭店，整体服务水平较高。位于广州老城区，寸土寸金之地内部有花园散步，不错。打造了酒店博物馆，增添了文化气息。相对酒店的价格，房间浴卫盥洗区等略显局促。,花园双床房,双床房
224,关于客房服务和前台服务的评论,224,服务非常好，看到带了小朋友多送了好多饮用水，还送了小甜品，打扫好房间还留了手写卡片，很暖心,红棉大床套房,套房
225,关于整体满意度和卫生状况的评论,225,广州老牌五星级酒店，但是总体各项表现还是非常出色，房间干净舒适安静，非常感谢前台小姐姐送的早餐，花园酒店早餐非常棒，环境也满分，儿子和女儿都很喜欢，愉快的入住体验。,城央绿意双床房,双床房
226,关于整体满意度和餐饮设施的评论,226,每次来广州都会来住一下，酒店服务一如既往的好，吃完早餐逛逛瀑布花园，时间充足的话，还可以逛一下博物馆。,红棉大床套房,套房
227,关于交通便利性和景观/朝向的评论,227,从机场过来地铁还是挺方便，房间不是很大，小花园景色绝佳，我们团购了一晚加早晚两餐，还是物超所值的，以后有机会还想多住几天。,花园双床房,双床房
228,关于房间设施和整体满意度的评论,228,过节气氛营造到位，但房间设施确实比较老旧了，老牌星级酒店的格调还在，位置配套服务也都还不错，值得体验。,花园双床房,双床房
229,关于周边配套和整体满意度的评论,229,一进门就闻到香喷喷的味道，酒店第二次来广州入住，酒店对面就是广州酒家，必打卡的早茶店，值得推荐！,花园双床房,双床房
230,关于整体满意度和前台服务的评论,230,房间挺好，前台Betty服务很好，住的很??意。,花园双床房,双床房
231,关于整体满意度和周边配套的评论,231,"房间住着很舒服，服务也不错。
酒店地段很好，出门逛吃都很方便，春节期间酒店有很多活动，挺热闹的。",红棉大床套房,套房
232,关于前台服务和客房服务的评论,232,"又带家人在广州过年，这次选择在广州花园酒店，很有年味非常棒的体验！
特别要感谢酒店的礼宾部和客房部。由于老人腿脚不便需要借用轮椅，礼宾部小李美女安排得体贴周到，让我们出行无忧游玩了很多景点，谢谢！
负责2218客房的一位男生得知老人嫌床垫软，二话不说直接把床垫翻了个面，这是事后老人对我说的，我虽未曾谋面在此表示感谢！",红棉双床套房,套房
233,关于整体满意度和前台服务的评论,233,初次入住花园酒店，就被酒店内圣诞的气氛吸引，非常漂亮！虽入住时遇到问题，前台很快解决了，并给我们房间升级。房间舒适宽敞，非常干净！是一次不错的体验。,花园大床房,大床房
234,关于整体满意度和前台服务的评论,234,酒店各方面完美，内部瀑布花园和博物馆非常棒！工作人员也很友善，花园酒廊的外籍女主管非常热情周到，总是主动问候。住店期间因为一个意外事件提出意见后，客房部侯经理及时联系沟通，并主动为我们升级了套房表示歉意，让我们感受到了酒店的用心，五星点赞??,花园双床房,双床房
235,关于前台服务和退房/入住效率的评论,235,"下车后的迎宾团队做的很好，主动开车，取行李，用行李车运输大行李。 
前台办理入住时间很长， 行政礼遇也没有加快办理，， 没有工作人员主动引领到旁边的休息区。 后面我们自己问了一圈， 了解到旁边的沙发可以坐着等， 在旁边的沙发区等待了一个小时才拿房卡。 排队等待办理入住的人大多都有怨言，说太慢了。

定的两个大床房都很温馨， 干净， 床品质量都非常好。会有咖啡，茶水，矿泉水。喜欢提供的浴盐，但是没有提供一次性浴缸套。 针线包，丝瓜络都很好用。插座都是国际国内通用，不需要转换插头。 
小花园很美， 博物馆很不错，了解一下酒店的百年史。
早餐品类丰富， 最喜欢吃牛腩米粉。 行政走廊下午茶的点心有限， 是一些小糕点，咖啡，茶， 软饮。 晚上的行政走廊提供finger food， 对于饭量小的女士，其实也够了。 
整体来说性价比很高， 不过因为在广交会时期，酒店每天都是注满， 感觉服务上欠了点，没有达到五星酒店的松弛感。",花园大床房,大床房
236,关于前台服务和整体满意度的评论,236,"作为广州人，每次来到花园酒店的大堂都觉得很感动，这里一直是小时候记忆里的模样，忘不了第一次遇见时的惊艳。
朋友从海外回来每次都指定要住花园酒店，每次来到都见到Yannis 很亲切地打招呼，长居海外的朋友说有种回家碰到熟人的归属感。这种宾至如归的感觉也是我们选择花园的其中一个原因。",花园大床房,大床房
237,关于整体满意度和安静程度的评论,237,不愧为花园酒店，内部环境五星，外部有施工稍显缺憾。,花园大床房,大床房
238,关于整体满意度和周边配套的评论,238,花园酒店，不亏是老牌广州岭南本土风情的动人酒店！装修费用具有本地风情。位置非常非常好，值得体验，是动人的选择。,花园双床房,双床房
239,关于整体满意度和房间设施的评论,239,令人惊叹，花园酒店这么老的酒店，能够维护这么好，挺神奇的，无论房间还是大堂又还是绿化都是不会陈旧，反而更有味道，唯一需要改善的是早餐的品质需要提升,花园大床房,大床房
240,关于性价比和房间设施的评论,240,垃圾酒店 毫无性价比 房间很小 层高很低 吹风机超级没风 浴室和厕所公用一扇玻璃 浴室跟浴缸还是一体 有密闭恐惧症的千万别选它家 估计只适合日本人,花园双床房,双床房
241,关于整体满意度和卫生状况的评论,241,花园酒店装修豪华，卫生与服务一直保持高水准，我也多次入住，值得推荐。这次入住并免费升级了行政套房，非常享受的一次元旦假日。,花园双床房,双床房
242,关于前台服务和景观/朝向的评论,242,"旅行的最后一个酒店，给了非常好的体验。因为带了老人出行对房间的私密和安静程度要求有点，前台的小姐姐给了房间升级，而且正对瀑布花园景色。行政礼遇的下午茶和晚餐虽然东西不多，但是都很精致可口，好像是叫carrie外籍小姐姐吧还会不时来关心老人家的用餐体验。早餐虽然去了网红瀑布餐厅用餐，但是和行政礼遇一样偏向西式的为主。整个入住期间，每位服务人员都态度很亲切，也很有边缘感很舒服。
如果下次来广州还会住",花园双床房,双床房
243,关于房间设施和前台服务的评论,243,订的红棉大床房给我升级了行政套房，房间超大，很不错，服务也挺好，对小朋友也很热情！,红棉大床套房,套房
244,关于餐饮设施和前台服务的评论,244,非常好，送了行政酒廊，不愧美式酒店，很好吃！还有热情的工作人员！,花园大床房,大床房
245,关于前台服务和体验的评论,245,第一次来广州选择住宿花园酒店，期间得到了客服小林的帮助，对此要好好表扬和感谢。,花园大床房,大床房
246,关于公共设施和整体满意度的评论,246,老牌酒店，有自己的博物馆，自带花园，大堂还算比较震撼！博物馆里了广州酒店的发展史，很好,城央绿意大床房,大床房
247,关于餐饮设施和前台服务的评论,247,瀑布餐厅早餐环境很不错，品种一般不多，酒店说线上预订房间的都不给开流水单，只能给开入住证明，第一次碰到,城央绿意双床房,双床房
248,关于餐饮设施和卫生状况的评论,248,一家三口，两人吃了酒店的早餐急性肠胃炎了，一个没吃的没事。谨慎选购酒店的早餐！,花园双床房,双床房
249,关于整体满意度和前台服务的评论,249,这次酒店订对了，给升了房，又送了三天的行政礼遇，爸妈很满意。老爸竟然也知道这家酒店，说八九十年代苏州外事和这边有合作的。只是我没想到酒店的外国人含量这么高，住了三天，感觉90%是外国友人。,花园大床房,大床房
250,关于前台服务和整体满意度的评论,250,迟到的评价，春节期间全家前往广州旅游，选择下榻广州花园酒店。在此，特别感谢Jenis许经理，由于其中一间房间洗澡间有些渗水，帮忙将两间房的房型全部予以升级，并且还贴心安排了一间亲子房，服务专业且充满温度。广州花园酒店既有国际品牌的标准化服务，又融入岭南文化的细腻温情。为我们带来了一次极为出色的入住体验。,花园大床房,大床房
251,关于性价比和整体满意度的评论,251,性价比超级高！！！给我升级了更加满意哈哈哈哈,花园大床房,大床房
252,关于前台服务和整体满意度的评论,252,本来有小意外不太愉快，但前台服务态度好给升房了。套房宽敞舒适洁净，设施保养得很好，酒店早餐夜茶水准也高，整体满意。,花园双床房,双床房
253,关于公共设施和房间设施的评论,253,"花园酒店LNhotel ，历史悠久，非常大气，展现出改革开放以来的欣欣向荣, 外国宾客占比近一半。设施齐全，室外游泳池，健身房，瑜伽馆，和米其林餐厅，行政酒廊，酒吧应有尽有。美中不足 房间内没有USB插口。
服务非常好，白金五星级的水准在线。
地理位置在越秀区，老城区。高峰时段比较拥堵。",花园大床房,大床房
254,关于前台服务和客房服务的评论,254,"广州花园酒店的Echo：服务之星，温暖如家的体验

在广州花园酒店，有这样一个名字，让人一提起就赞不绝口——Echo。她不仅是行政酒廊里的一道亮丽风景线，更是每一位入住宾客心中难以忘怀的温暖记忆。

Echo的服务态度，简直令人印象深刻。她以专业的知识和亲切的微笑，仿佛能瞬间化解旅途的疲惫。无论是对酒店设施的介绍，还是对周边景点的推荐，Echo总能信手拈来，让人感受到她的专业与用心。每当宾客提出需求，无论是房间的细微调整，还是餐饮的特殊要求，Echo都能迅速响应，耐心解答，确保每一位客人都能住得舒心、放心。

更难能可贵的是，Echo的细心关怀仿佛能洞察人心。她总能在不经意间，为宾客送上贴心的小惊喜，比如一杯温热的茶水，或是一份精心准备的点心。这些看似微不足道的细节，却让人感受到了家一般的温暖。",城央绿意大床房,大床房
255,关于整体满意度和体验的评论,255,我说呢这家酒店怎么这么灵 有种老钱有品的感觉， 一查才知道是白金五星级。 怒荐,花园大床房,大床房
256,关于前台服务和客房服务的评论,256,"全新优美的环境不失老牌高级酒店的雍容典雅，
1、前台Clarisa很贴心帮我升了房，一个姣好的微笑开启了顺利的假期
2、客房主管来电很专业的为我开好25度的恒温
3、荔湾亭帮我从前台拿来稀罕物—报纸",花园大床房,大床房
257,关于餐饮设施和整体满意度的评论,257,老牌，一如既往的好。集住宿、美食于一体。最近荔湾亭还有晚茶自助，任食，不过可惜没有我最喜欢的讲估了。可能请人难??还有自助的款式里希望有濑粉。,花园双床房,双床房
258,关于客房服务和餐饮设施的评论,258,"帮我升级了套房 非常惊喜
床品毛巾都非常舒服 洗浴备品也很好用
客房服务很贴心
荔湾园早茶很好吃 住客还有75折
老牌酒店 光彩依旧",花园双床房,双床房
259,关于房间设施和性价比的评论,259,"国庆去旅行

房间设施:60+平方，一房一厅一卫，麻雀虽小五脏俱全，两个1.35的床，三口之家也住得很舒服。起居动线合理，有咖啡机。

性价比:国庆期间，5k不到3晚的价格相当友好。

早餐:早餐可以有四个地方选。
瀑布餐厅是传统自助，景色拍照无敌，但人较多，9点去要排队，就没进去。
顶楼旋转餐厅也是自助，人也不少，第一天没排队，第三天排了一会儿队，东西嘛，该有的都有了，就中规中矩吧，特别好吃的没有。
桃园馆是最精致的，一人一份，一个点心四小拼，一碗粥配油条，一份肠粉，一个蛋挞配水果，茶咖啡牛奶，据说不够可以加，但其实这点量我甚至吃不下！

健身房:健身房干净，器材新、全，为了可以在广州多吃点，每天都去报到1-2次

位置交通:周围挺热闹的，好吃的不少，广州酒家，利苑都是步行可达。

酒店超级大，餐厅就有四五个，还有自己的博物馆，有一个很大的后花园，酒店够老牌，有一说一，这样不计成本的排场，现在应该是很难再有了。
值得一住的酒店，有机会会再来的",粤韵双床套房,套房
260,关于交通便利性和性价比的评论,260,高品牌酒店，地处市中心，服务环境上乘，交通便利。还有博物馆值得参观。当然价格也有点偏高，性价比不够理想,花园双床房,双床房
261,关于房间设施和餐饮设施的评论,261,"送了入住点心，房间算是宽敞舒适
洗手间是浴缸，有点不方便，而且排水较慢
bar stiller的调酒果然名不虚传去，晚上在小花园散步看星星很惬意",花园双床房,双床房
262,关于整体满意度和前台服务的评论,262,这家是我广州首选酒店之一，富丽堂皇的大堂给人印象深刻。从大堂门口到电梯厅及楼层一路都有服务员热情洋溢的打招呼，确实有宾至如归的感觉，特别温馨。房间设施齐全，整洁干净，床品舒适。住了好多次第一次有空去了宝藏花园，终于觉得花园酒店名副其实了。送房间的小食和水果也很精致。,花园大床房,大床房
263,关于整体满意度和公共设施的评论,263,"时隔一年又来广州啦，这次依旧选了花园。体验感和去年一样棒，这次还升级成了套房。
不过这次下午行政酒廊时发现多了不少女孩子在大镜子前拍照，还会占用卫生间，多少有些打扰住客了。",花园大床房,大床房
264,关于前台服务和安静程度的评论,264,买了关注很久po主推送的套餐，也比较优惠，就再去住一晚。最后发现，失望的多，以后没有特别情况就不会再去了。办理入住的速度很慢，这无关效率和是否人多，其实就是系统太落后了。这次选了看环市路这边的，景观也是不错，但隔音效果实在有点差，开始以为是系统隔音玻璃没问题，但归根还是之前的玻璃幕墙系统落后了。走了要登记车牌号码时，那个前台好像是欠了她钱不给的那副嘴脸，这个人估计也劝退后面不少回头客。最后车牌识别也出了问题，只有一个出口，堵着久了后面的车也不断按喇叭，打电话给一个男的来解决问题，他也是气冲冲对客户。妈呀，如果是私人酒店，首先要把这两个家伙干掉，但花园嘛，可能无所谓。不过，我更无所谓，毕竟广州还有很多的五星级酒店。,红棉大床套房,套房
265,关于整体满意度和卫生状况的评论,265,不愧为老牌五星级酒店，环境，卫生的说，下次还住这里,红棉大床套房,套房
266,关于前台服务和客房服务的评论,266,首先我要对花园酒店的工作人员表示感谢，其中包括17楼的客房服务人员，办理入住登记的Betty，以及礼宾部的工作人员，他们的服务让我看到一个五星级酒店的高水准，给人宾至如归的感受！入住当天，办理入住登记的小姑娘Betty看到我们中间有年纪大的老人，随即给我们升级了套房，借来轮椅，还送上鲜花，这样的待遇让我们充满惊喜。接下来几天，负责我们房间的客房服务人员也是认真负责，对我们的要求是有求必应，感恩，感谢。因为我们老人腿脚不便，每次出入酒店大堂，礼宾部工作人员总是特别关照，帮忙叫出租车，帮我们搬轮椅等等，谢谢你们了。除了这些员工，大堂里所见的工作人员都是对客人热情微笑，一位戴眼镜的小姐姐更是主动帮我们在大堂拍合影。酒店的硬件设施我就不赘述了，绝对的五星级感受。相比硬件设施，工作人员的礼貌、热情、乐于助人我觉得才是这个酒店最拿得出手的优势。祝你们生意兴隆！,花园双床房,双床房
267,关于餐饮设施和性价比的评论,267,"服务到位，
健身房24小时开放这个不错，
餐饮广州风味早餐晚餐丰富，
历史悠久装修风格有特色，
价格实惠???
下次来广州还会光顾",花园大床房,大床房
268,关于整体满意度和房间设施的评论,268,全国仅三，广州唯一的白金五星级酒店，服务很好，大堂很有气势，首先映入眼帘的是一幅大型壁画，酒店一步一景，可以玩的地方很多，房间面积很大，床品舒服。,花园大床房,大床房
269,关于交通便利性和整体满意度的评论,269,升级了套房，住的很舒服，酒店就在地铁站口附近，距离各个景点也近。,花园大床房,大床房
270,关于景观/朝向和交通便利性的评论,270,很好，这次的房间能看到一点小蛮腰。酒店交通方便，本身自带几家米其林，旁边还有利苑。各方面都很棒，唯一略有不足是房间插座少了些，如果能有智能马桶就更棒啦。期待下次再入住,红棉大床套房,套房
271,关于前台服务和退房/入住效率的评论,271,"服务好，入住和退房、退押金都很快。餐厅服务人员态度和蔼热情，帮助送餐到位。
酒店环境很好，能够享受行政酒廊待遇让我们很惊喜。",花园双床房,双床房
272,关于周边配套和交通便利性的评论,272,房间比较宽敞，40年老酒店维护还不错，21楼视野很开阔。洗手间拉门设计感觉不方便，穿衣镜对着淋浴房会尴尬。房门把手开门要向上，一开始没反应过来，还好客房服务员主动打招呼过来帮忙说明。公共区域环境非常赞，大堂富丽堂皇，酒店博物馆，花园和瀑布非常漂亮。交通特别方便，地铁5号线淘金站就在边上，去哪里都方便。附近很多美食，对面广州酒家，不远就是利苑，北园也很近。一楼瀑布餐厅早餐比较丰富，推荐竹升面配萝卜牛腩。30楼旋转餐厅有点晕，品种比一楼少，但是也够了，现煮面条配红烧牛腩很赞。,花园双床房,双床房
273,关于整体满意度和性价比的评论,273,酒店非常值得住，高档国际酒店，还给我一个惊喜！升级住房,花园大床房,大床房
274,关于周边配套和卫生状况的评论,274,"我们到达正好赶上广交会，入住的人比较多

设施：设施很完善，附近也很便利

卫生：干净整洁
唯一就是这家酒店是没有外卖小车的，无法将外卖送到楼上，需要住客自己下楼取外卖，介意的宝子们注意哦～",花园双床房,双床房
275,关于整体满意度和前台服务的评论,275,"服务态度热情周到细致?? 客房布局合理??
设施齐全配套完善??
卫生整洁优美??
环境优雅舒适??非常完美的一次旅行体验??",花园双床房,双床房
276,关于客房服务和前台服务的评论,276,反映了床垫有点软，马上便有服务员来换了，服务超赞。前台搞待员Cecilia美丽且态度很好，使人感到很舒服，谢谢。入住期间遇到的酒店的所有员工都非常有礼貌。超赞。,花园大床房,大床房
277,关于景观/朝向和整体满意度的评论,277,"景色如酒店的名字 像一个巨大的花园
优质的服务 让人宾至如归",花园大床房,大床房
278,关于整体满意度和体验的评论,278,酒店装修融合了中国传统文化和岭南园林风情，有非常多的艺术品，如同走进一座充满艺术气息的殿堂。贴心服务，无微细致.,城央绿意大床房,大床房
279,关于整体满意度和客房服务的评论,279,非常好，服务态度很好，房间很干净很大，带妈妈过去过生日，酒店帮忙布置了，送了蛋糕，很满意～^_^^_^^_^^_^^_^^_^,红棉大床套房,套房
280,关于房间设施和餐饮设施的评论,280,房间太细，也有年代感了，冲凉房设计不好，要踏进去比较困难。大堂很漂亮，早餐也很好。打卡拍照超好看，值得住的。,花园双床房,双床房
281,关于交通便利性和房间设施的评论,281,酒店地理位置极佳，挨着淘金站地铁口，大堂门口也常有空出租车在等客人。卫生方面其实挺好的，就是刚进房的时候发现有前面客人遗留的依云水标签没收走，其他地方都很干净。设施方面，房间衣柜表面有明显的木头老化痕迹，床很高偏软但不会太塌，洗手间水力够大，水压水温都稳。房间装饰挺不错的，但是靠门口的墙上有红字印子。窗对着正门花坛和外面的主干道，但是不吵，窗户隔音到位，不过如果有人在走廊上说话或者邻居的关门声还是能从门传进来。,花园双床房,双床房
282,关于整体满意度和体验的评论,282,浓浓老钱风的花园酒店，是黄佟佟小姐推荐的，果然不负所望??,花园双床房,双床房
283,关于交通便利性和整体满意度的评论,283,房间不错，过年氛围很浓，还有各种演出，出门就是地铁口，交通方便。,城央绿意双床房,双床房
284,关于房间设施和前台服务的评论,284,入住顺利，帮我们升级了行政套房，房间很大，还配备了瑜伽垫，服务周到。卫生间的各项设施完备，餐厅的早餐也不错。不足的地方在于，房间里的电视不能联网。,红棉大床套房,套房
285,关于整体满意度和前台服务的评论,285,房间很好，免费升级了房型，服务周到，环境也很好，非常满意！！！,红棉双床套房,套房
286,关于房间设施和前台服务的评论,286,"老牌的五星酒店，携程买的套餐价格还挺划算的。入住送了欢迎小点心，甚至第二天玩回来居然准备了一个生日蛋糕，真是意外。整体工作人员的服务很好，搞得我都有点不好意思。
行政酒廊附赠的早餐比较一般了，下午茶还行，一楼花园很好拍有瀑布适合拍照。
老式的五星级酒店，房间会有一点点潮湿味道的感觉，然后淋浴房和厕所的推移门有点卡顿，房间的浴缸摆放位置会有点影响动线。然后没有共享洗衣房，可能住这个酒店的不需要这个吧哈哈哈哈",花园大床房,大床房
287,关于前台服务和房间设施的评论,287,"房间老旧，墙壁发霉，很潮湿。
服务质量没发上传照片，广州首批五星酒店服务态度领教了，分享一下我的体验大家参考吧。
带小孩办理入住，问能否加婴儿床？
不行，65平的房间才可以加婴儿床。
办理的时候想问问有没有已经收拾好的房间？
没有，而且我们这里入住时间是2点。
通常不是留个联系方式，有打扫出来的房间，我们会电话通知您吗？？？
没事，寄存行李，然后出去逛一圈，2点之后回来领房卡，电脑一顿敲，然后就只说先生办好了。卡也没给，房号也没告诉，整个过程早餐在哪，行政酒廊在哪，什么都没告知，两位前台整个过程没一点微笑。
其他酒店通常都是想办法帮助客人，而不是给人一种高冷的态度，与前两天住Langham相比，不管是服务，设施，早餐或是酒廊，差得不只一点，这样的花园酒店还配五星？
对了 happy hour酒水就只有gin and tonic和JackDaniel with coke两种...
整体不推荐尝试这家老牌五星级酒店",花园双床房,双床房
288,关于交通便利性和前台服务的评论,288,"非常好，去哪里都比较方便 。
格外喜欢大堂
服务也很好 ，行政酒廊的Carrie 真的很Nice",花园大床房,大床房
289,关于整体满意度和公共设施的评论,289,中秋来广州之前定了能看到广州塔的宾馆，但是考虑到大部分景点和美食都在越秀和荔湾，最后一刻改回了花园酒店。网上差评不少，因为酒店年头太久了，说房间种种不好，本来心中非常忐忑，但是在踏进大堂的一瞬间就觉得来对了。不同于传统连锁五星的模式化设计，富有岭南特色的大堂气派非凡，节假日虽然房间内没有升级但也非常精致。酒店设施齐全服务热情体贴，钻石会员升级了行政礼遇，赠送了30楼旋转餐厅的早餐，还有下午茶和happy hour，可以广东的美食太多了，根本没有那么多胃口一一品尝。酒店花园小巧精致，人工瀑布，小桥流水，锦鲤往来，酒店博物馆诉说了悠久的历史和文化，总结来说放心来住，非常好??,花园大床房,大床房
290,关于整体满意度和交通便利性的评论,290,在广州永远的第一选择，宾至如归。酒店位置优越，交通便利。设施齐全，床铺柔软，视野良好。餐饮出色，美食多样且美味。工作人员热情友好、专业高效，服务周到。,花园大床房,大床房
291,关于整体满意度和公共设施的评论,291,酒店真的超级棒，推荐入住，酒店在十一长假中还帮我升级了房间，和父母住了超大的套房，酒店有自己的花园、瀑布餐厅、层顶泳池、博物馆，大厅的超大大观园漆面描金画真的很生动，木雕楼梯也很绝。就是超五星的配置。,花园双床房,双床房
292,关于房间设施和交通便利性的评论,292,"地理位置不错，出门就是地铁站，步行沿淘金路去了韵姐糖水，挺好吃的，值得尝试，当然你也可以点外卖。房间有免费的咖啡胶囊，还有小瓶漱口水，这点我觉得很棒。酒店的博物馆也很值得参观，蛮大的，东西也多。
瀑布餐厅也就那样吧，可能是水气的原因，玻璃感觉脏脏的，糊糊的，观感大打折扣。早茶种类较少，没有特点也没啥亮点，就牛肉烧卖和蔬菜蒸饺有点好吃，所以不值得买带早餐的房间我觉得。
房间空调关了还是冷，服务员提供了暖风机，但开着很吵，不过阿姨很热情笑脸相迎。
我觉得床太软了而且没弹性非常不舒服，一晚上没睡好，另外床单上有两处碎头发，洗脸池有上个客人粘在上面的鼻屎。尽管房间的装修风格我很喜欢，但以后应该不会再入住了。",花园大床房,大床房
293,关于卫生状况和餐饮设施的评论,293,房间干净，环境很好，服务态度满意，早餐品种丰富，午茶好喝又休闲，晚餐虽然品种少了点，但高端上挡次，不愧为花园一样的酒店。,花园双床房,双床房
294,关于整体满意度和公共设施的评论,294,"选择入住花园酒店作为此次广州旅行的第一站，花园酒店是我国唯三家的白金五星酒店，也是亚运会的接待酒店，非常磅礴经典大气，妈妈第一眼就爱上了，映入眼帘的黑金配色的大观园，黑白配色经典的瀑布餐厅，后花园的超级大的鲤鱼都给这次旅行注入新鲜活力。

花园博物馆是一大特色，里面记录了我国酒店发展的故事，花园酒店里面设施的用心，非常推荐。这是第二次入住花园酒店了，应该会有第三次？",花园大床房,大床房
295,关于前台服务和周边配套的评论,295,"种草了很久的酒店，这次终于住上了，硬件非常好
其实设施和大多数五星级酒店差不多，亮点在花园和博物馆，花园植物非常丰富，我们参加活动找10种指定植物很有意义，瀑布拍照??很美丽。博物馆在四层，展品丰富。
酒店附近711，点都德，地铁都超级近
我们住了两天，房间打扫很及时，整洁如新
槽点在前台，第一天入住居然要排队，大家在大厅罚站，倒水喝根本解决不了问题，不如搞些pad也做入住。早饭也是排队。一个问题问好几个服务人员才行。和客人交流不说您好……最后想晚一些退房，前台穿金片衣服的小姐姐直接要好评，还要我展示给她看，五星级还要这样刷好评吗？",花园大床房,大床房
296,关于性价比和餐饮设施的评论,296,广州的老牌五星酒店，这个价格是真的超值了，城市中的后花园，早餐口味比较偏向西式和中东，中式选择不多，这也能理解的，毕竟这里西方和中东客人比较多。,花园大床房,大床房
297,关于整体满意度和体验的评论,297,确实是老牌酒店，金碧辉煌，如果在30年前一定是顶流,花园大床房,大床房
298,关于房间设施和整体满意度的评论,298,之前看评论说酒店旧，可是冲着老牌酒店的名声还是去决定试试，结果超预期。酒店房间还带一客厅，等于是套房，房间也挺新的，房间两个洗手台，厕所干湿分离很不错。提前告知孩子生日还把房间布置了，送了一个小蛋糕。酒店后花园也很漂亮，还有后花园和四楼博物馆打卡活动，孩子玩的很开心，下次还会选择入住，老牌五星酒店还是有他的底蕴在的,城央绿意双床房,双床房
299,关于交通便利性和周边配套的评论,299,不愧是白金级五星酒店，大堂的布置既富贵又有文化，特别是两幅壁画，叹为观止。酒店的博物馆很值得一看，了解到中西酒店的发展历史和酒店文化。酒店地理位置好，在地铁边，交通方便。对面就是广州酒家和友谊商店。酒店房间不大，但设计精巧，类似国外酒店。后花园有高，低两个瀑布，人少景美，很喜欢这家酒店！,花园双床房,双床房
300,关于房间设施和安静程度的评论,300,装修虽老但仍然坚韧地想要散发出昔日辉煌的余晖，岭南风和经典港派中国风结合的没有违和感，房间设施维护地尚可但卫生仍有提升空间，细节处把握不到位。酒店管理体现了国际化的水准，服务的标准化做得不错，对客人的需求响应比较积极。预定时提出了高楼层、无烟、远离电梯的要求，头晚的房间基本没达到这个要求，一夜因电梯噪音未休息好，看来酒店对客户的需求没有充分关注，管理在细节层面是存在疏漏和待改善之处。次日在夫人的反馈下，酒店更换调整了房间，说明酒店在回应客户需求和应急处理方面还是比较方面。酒店地理位置、设施配套、管理水准方面作为老牌五星还是具备一定的性价比的，没住过的可以感受一下。,红棉大床套房,套房
301,关于整体满意度和卫生状况的评论,301,酒店高大上，房间干净整洁优雅，服务一流。花园设计漂亮心怡，有红色小桥，有大瀑布，还有不同种的鱼游来游去，非常满意的一次住宿。,花园大床房,大床房
302,关于房间设施和周边配套的评论,302,订的红棉双床房，给升级了。酒店非常有历史，服务态度很好。大厅很气派，一家出行建议订64平方米的，有两个洗脸台。设施不新了，房间窗户不能打开，一定要开空调换气。双床比较小，2人睡不开。可以不用订早餐，周边吃的很多。住置好，出行方便。,红棉双床套房,套房
303,关于房间设施和客房服务的评论,303,"设施：这个房间标间我必需吐槽下，我性别女，是代父亲出门旅行，房间卫生间不封闭步入式浴缸外无遮挡，非常不方便。住三晚，第一晚结束问服务员，说标间都是这样，就没换房间，以后要是再代父亲出行，我可能不会选择这个酒店。自己来还会住。
服务：清洁很干净，头天叫送了一次矿泉水，第二天就自动多给了水，还主动送了糕点，体验感非常不错。服务员服务意识很强，态度也很好。
饮食：吃了荔湾亭早茶，算是规矩吧，之前在白天鹅吃了早茶，有了对比，比较的话性价比还行。",花园双床房,双床房
304,关于交通便利性和周边配套的评论,304,住了无数次，每次来广州都选这里，主要是周围太方便，吃喝玩乐哪哪都近，对面友谊商店购物全满足，出门口就是地铁便宜的跑遍全广州，门口出租车24小时在线，市中心的地方到哪里哈皮都不怕的士费贵到哪里去。周围吃饭喝茶的地方打开大众点评全是各种老字号扎堆。有人说越秀区是广州的最中心，那花园酒店这里就是是越秀区的中心，非常喜欢这个位置，花园酒店的服务又代表了正宗老广的味道，所以，来广州就来试一试吧，门口的地铁还可以带你去好多地方畅游岭南文化,花园大床房,大床房
305,关于交通便利性和周边配套的评论,305,地址位置优越，门口就是地铁，旁边广州酒家点都德非常方便,花园大床房,大床房
306,关于整体满意度和卫生状况的评论,306,"每次出差广州，只要距离出差地点不太远，都会选择预订花园酒店，已经习惯了，各方面都还比较满意。
设施：满意
卫生：满意
环境：满意
服务：满意",花园大床房,大床房
307,关于整体满意度和交通便利性的评论,307,感谢工作人员YOLO，工作专业，给安排的房间非常好，酒店的庭院非常美，无论是石头浮雕，还是瀑布，都意蕴着中华文化博大精深的浓厚底蕴，作为改革开放y的一面窗口，经典永远不会过时，给花园酒店点赞??另外，酒店地理位置优越，旁边就是地铁口，还有广州酒家、陶陶居等两家著名茶楼，推荐广州酒家炒面，陶陶居水牛奶蛋挞，期待下一次相遇。房间非常大，隔音，完全想不到有些人为啥要求那么苛刻。,花园双床房,双床房
308,关于公共设施和餐饮设施的评论,308,广州花园酒店名声在外慕名而来，后花园瀑布和锦鲤池让人赞叹不已，下午茶的点心名不虚传，值得以后再来光顾～,花园大床房,大床房
309,关于安静程度和房间设施的评论,309,"携程的3天2晚大床房套餐，看网上说大床房比较小，而且有施工噪音，在前台加钱升级的红棉房。
泳池很棒，在旁边躺着也很舒服。有毛巾和饮料。旁边有更衣室，桑拿，淋浴。
博物馆，值得参观下。了解酒店历史。
后花园有瀑布和鲤鱼池。在瀑布餐厅旁边的玻璃门出去，通道有点昏暗。出去后感觉进去另一个空间，但是旁边在施工，柴油味，打钻的声音，还有瀑布的隆隆水声，夹杂在一起，体验不是很好。
打卡酒店的瀑布餐厅(自助早餐)，桃圆餐厅(套餐形式的早餐)，30楼行政走廊(下午茶和晚上的欢乐时光)，还有荔湾厅。瀑布餐厅就是西式自助早餐，也有中式的早餐，面摊的细面好吃，但是没有粤式点心，图中的面包(展示柜里)不好吃。行政酒廊菜品太少，不建议去，但服务很到位，靠窗位只有早餐时间开放。荔湾厅吃了个粉，10%的服务费，不是很理解服务在哪里。本来还想去吃晚饭的，失望的不想去。
附近施工的噪音，房间也能听到，客房服务热心得给换了2次房间，但还是有噪音，不勉强，确实环境不允许。房间有些硬件不好，提了意见，酒店送了水果表示歉意，希望能改善吧。
整体体验可以，附近的施工结束后，会再去体验下。",花园大床房,大床房
310,关于整体满意度和前台服务的评论,310,很有南方风味的老字号酒店，时间长却不陈旧，服务贴心，善解人意，拥有了美好度假的时光。,花园双床房,双床房
311,关于交通便利性和餐饮设施的评论,311,非常好的酒店，又免费升级了套房！交通方便！5号线地铁站在酒店门口，30层旋转餐厅非常有特色，下次还会入住！,花园大床房,大床房
312,关于前台服务和餐饮设施的评论,312,服务特别好呀！Rem帅哥和李文美女姐姐服务都特别热情周到！下次来广州还会选择花园酒店！餐食也特别好吃！,红棉大床套房,套房
313,关于房间设施和餐饮设施的评论,313,服务除了前台偏冷漠外，其他都很好，早餐竹升面加牛腩很不错但一定要早点去，不然排队很长，或者就是选酒廊早餐东西很少但胜在清净。受限于年代久远，房间设施有些古老了，很多开关设置不合理，顶高也有些压抑，但整体细节保养的不错，也有很多诸如化妆凳这样的贴心设置。室外的瀑布很有岭南风情，健身设施较全但有很多在维修。,红棉大床套房,套房
314,关于整体满意度和房间设施的评论,314,房间很舒适，服务很到位。瀑布花园很棒,红棉大床套房,套房
315,关于整体满意度和周边配套的评论,315,历史悠久 游玩内容丰富 吃喝玩乐一应俱全 还有博物馆。了老婆孩子都很开心。服务周到 carrie还送我们一份行政酒廊小吃自助 体验很棒的旅途,红棉大床套房,套房
316,关于周边配套和交通便利性的评论,316,"地理位置方便，
附近食肆林立。",城央绿意双床房,双床房
317,关于客房服务和体验的评论,317,实名表彰客房部的janice 许小姐.,花园大床房,大床房
318,关于前台服务和整体满意度的评论,318,酒店大堂很漂亮，服务态度也很好，家庭出游不错的选择！,花园双床房,双床房
319,关于整体满意度和前台服务的评论,319,"这次入住花园酒店是为了庆祝女朋友生日
非常感谢广州花园酒店给了我们这么美好的周末
广州花园酒店虽然已经有接近40年的历史了
但是房间，酒店设施，设计风格
一点都看不出老旧的感觉
——————分割线——————
我们买的是酒店1088的套餐
包含双早+大床房+双人自助茶市（夜晚）
星期六晚上办理入住的时候
可能是晚上比较多人入住
酒店临时加开了办入住的工作人员
仅用十分钟就拿到房卡
因为是庆祝生日，我提前几天就打电话给酒店
想说布置一下房间，结果一打开房门真的很惊喜
（在此感谢当时接电话，帮我安排的总机小黄）
到了荔湾亭，接待我们的男经理（穿黑色衣服）
很热情！还知道是庆祝生日，提出送了两份主食
（点赞????但不记得他的工牌了）
第二天早餐～～
是我吃过最丰盛的酒店早餐之一了
比珠江新城的一些奢侈酒店还丰盛
带我们入坐的是MONEY（好像是这个名字）
是一位外籍人士，但是普通话超级好！
总的来说再次很感谢花园酒店给我们这么好的回忆
不仅给我女朋友一个美好的生日
更为我们洗去一周的班味～～",花园大床房,大床房
320,关于前台服务和客房服务的评论,320,客房不错，细节服务挺好。大堂李文和小何服务很好,花园双床房,双床房
321,关于房间设施和前台服务的评论,321,"来之前比较了很多家，还是挑选了这家底蕴深厚的老牌五星，卫生、设施、管理和服务都有品质保证：
房间整洁宽敞，装修材质好品牌好，床品舒适，遇到的每一位酒店员工都如春风般和煦，前台小姐姐、客房部的小天和他的同事们，积极主动帮助沟通解决遇到的问题，特别暖心。
酒店门口即地铁，自有花园很棒，健身房壁球室俱全，屋顶游泳池两个大泡池很舒适，早餐有三个餐厅选择，各有特色，相当不错！周边可选餐厅很多，白云酒店白云轩，广州酒家，点都德……

非要说一下缺点的话，就是：1、自助早餐食物还可以丰富和提高品质；2、大堂小姐姐的亮闪闪迎宾服不知道是不是岭南风，总觉得有点不搭环境，好在小姐姐们服务还是贴心周到的；3、热忱的门童服务挺加分的，可是能不要安排纤弱的小姐姐吗？门比人都要重了，看着好让人心疼，酒店也要懂得怜香惜玉，哈哈
下次再来广州的首选，还会带家人来小住。",花园大床房,大床房
322,关于整体满意度和体验的评论,322,入住虽有波折，但先抑后扬，最后感受完美！,花园大床房,大床房
323,关于前台服务和房间设施的评论,323,前台小姐姐ann，Betty，rain，ZARA，mancy，Rebecca，YOLO，Gillian，Kasas，温顺可爱、聪明伶俐、勤奋好学、认真刻苦、性格开朗，沉鱼落雁 、闭月羞花、国色天香、婀娜多姿、端庄秀丽、貌美如花、房间也特别好，感觉进了皇宫一样！,花园大床房,大床房
324,关于前台服务和餐饮设施的评论,324,服务热情周到细致！下午茶糕点新鲜可口??,红棉双床套房,套房
325,关于餐饮设施和整体满意度的评论,325,非常非常赞 虽然有年头了 但是还是有气派 餐饮服务很好 不管是早餐还是行政酒廊 房间格局很好 酒店的花园实在太好看了,花园双床房,双床房
326,关于整体满意度和餐饮设施的评论,326,"酒店就是一座博物馆，这诺大的博物馆典藏的旧物，一桩一件都值得驻足细品，第二次来才把这家开业快40年的白金酒店的内涵充分发掘，是历史的见证，是时光的沉淀，更是中国文化的伟大传承?????? 
服务来说，整个酒店的服务人员整体还是非常有礼貌和服务态度的，感谢客房部Tia赠送的中秋月饼。
重点说说在酒店的三天都在30层行政酒廊的360°旋转餐厅用餐，被Carrie 的服务一整个感动到，为了中秋节三天我们有最好的体验主动提供了很多升级和附加服务，还有另外几位Echo、Kelly 等小姐姐和早餐的小哥哥都态度亲切，服务殷勤，让整个节日的体验充满温情
所以，
爱才是人生的行囊，
其余都是包袱[太阳]",花园双床房,双床房
327,关于公共设施和前台服务的评论,327,广州花园酒店地位位置不错，处于越秀区，然后酒店文化底蕴深厚，四楼居然还有博物馆，这让我十成分惊讶，然后就是我很喜欢这里的行政酒廊，不知道为什么它要搬下来这里的一楼，我觉得这里远不如30 楼的环境，但是这也怪不得这些服务的小姐姐，而且beryle，echo，她们还是很热情的特别是beryle她热情介绍这里，并且有什么吃喝等，很热情的服务，很喜欢她们，但是还是喜欢三十楼，在楼上的安静环境舒适，而且这次再次来是寻找以前来过的餐厅,花园双床房,双床房
328,关于性价比和客房服务的评论,328,环境不错90年代的CBD，现在也不过时。酒店性价比高，服务热情，因老人怕冷，服务员还送一台热风机，服务很到位。,花园大床房,大床房
329,关于前台服务和交通便利性的评论,329,"广州花园酒店地理位置优越，交通便利，大堂也是非常的富丽堂皇，不愧是白金五星级酒店，尤其要点名表扬行政酒廊的Echo，Cathy，kanchan，她们服务十分到位,行政酒廊从三十楼搬下来到一楼的酒吧里面了，虽然样子变了，但是她们服务还是如往常一样，服务周到，这让我感到非常满意??
为这个酒店有你们这样的好员工点赞",花园双床房,双床房
330,关于交通便利性和周边配套的评论,330,来广州转机住了一晚 酒店装饰很大气 地理位置也不错 附近有不少吃的,花园大床房,大床房
331,关于整体满意度和交通便利性的评论,331,房间比较小 但地理位置和整体环境和服务不错,花园大床房,大床房
332,关于整体满意度和房间设施的评论,332,广州花园酒店入住体验令人满意，房间布置温馨，空间宽敞，床铺舒适，地理位置优越，交通便利，周边配套设施完善。工作人员热情好客，服务周到，让人有宾至如归的感觉。,花园双床房,双床房
333,关于前台服务和整体满意度的评论,333,广州花园酒店的入住体验堪称完美，从踏入酒店的那一刻起就感受到了无微不至的尊贵服务！行政酒廊的Jennifer、Cathy和Louis三位工作人员尤为令人印象深刻。客务中心的小琳更是全程暖心护航，无论是行程建议还是突发需求，她总能迅速响应并完美解决。酒店设施高端典雅，窗外城市景观令人沉醉，行政酒廊的精致餐点与静谧氛围更是加分项。这次入住不仅享受了奢华的硬件，更被充满人情味的服务深深打动，绝对是我在广州的首选下榻之地！,红棉大床套房,套房
334,关于前台服务和整体满意度的评论,334,房间超级喜欢，环境很好，位置在友谊商店对面，很多外国人，服务一流，前台小姐姐帮我们升级了套房，还送了欢迎甜品，以后还会入住。,城央绿意双床房,双床房
335,关于整体满意度和交通便利性的评论,335,房间宽敞明亮，服务热情周到，环境优美舒适，停车方便，出行便捷，下次一定还在住。,花园大床房,大床房
336,关于整体满意度和卫生状况的评论,336,"设施：非常完善
卫生：干净整洁
环境：优美舒适宜人
服务：态度非常好??四楼博物馆今天开放推荐了朋友带儿子去参观了，真幸运因为平时周一是不开放的，刚好碰上国庆假期哈哈。",花园双床房,双床房
337,关于餐饮设施和前台服务的评论,337,"尊享行政礼遇（含下午茶及欢乐时光-用餐地点锦鲤酒吧行政酒廊）:多谢当日服务员echo,Carrie,Kitty 的亲切服务，服务很周到，而且时不时的会问我们有没有需要帮助的??食物出品很好，配得上五星级的头衔！",花园双床房,双床房
338,关于餐饮设施和前台服务的评论,338,携程的三天两晚套票，中秋假期的尾巴过来广州老派酒店放空身心，一天好好待在酒店享乐就好，除了包早餐，还包含了下午茶，欢乐时光在30楼的行政礼遇，行政酒廊的Carrie、Echo、Kitty服务周到，让这次行程倍感亲切！,花园双床房,双床房
339,关于整体满意度和前台服务的评论,339,春节期间和家人去广州旅游，入住广州越秀区花园酒店。这是一家老牌5星酒店，可以看到当年的金碧辉煌，大堂背景墙是金色的，登记的前台还得排长队。可以看得出大家对花园酒店的认可。早餐丰富，服务热情周到。后花园太漂亮了。特别提出表扬的是前台mancy（黄女士），看到我们带了孩子，主动为我们升级了房间，非常感谢！给酒店全5星好评，下次来广州一定再住花园酒店。,红棉大床套房,套房
340,关于前台服务和整体满意度的评论,340,非常棒的酒店，从一进酒店就感觉到非常温馨热情，办理入住的前台服务员Yolo耐心细心，还有负责酒店讲解的小李，讲解的很细致。特别感谢酒店给做的房间布置并升级房型，使我们度过了一个快乐假期。谢谢。,花园双床房,双床房
341,关于整体满意度和交通便利性的评论,341,酒店地理位置很好，设施豪华而大气；服务很贴心，过生日还送蛋糕??，不愧是老牌五星酒店。下次来还会入住。,红棉双床套房,套房
342,关于餐饮设施和客房服务的评论,342,总体满意，很有底蕴的五星白金酒店，客房服务非常好，餐饮味道不错，唯一提点小意见，就是行政酒廊环境小，酒水可选择少，餐食精致）（这点很喜欢），当我提出能否提供一碗白米饭，服务员的回答是，我们这里的欢乐时光就是这样，没有白米饭提供，我觉得这样的回答不应该是五星酒店的回答，本人因为特别喜欢行政酒廊，去过很多五星酒店的行政酒廊，所以这种回答让我觉得挺惊讶的，这是这次住店的真实感受，有时间我还是会再去入住的,花园双床房,双床房
343,关于整体满意度和交通便利性的评论,343,酒店环境优雅，近市中心交通十分便捷。－流的服务水平，有宾至如归的感觉。早餐十分丰盛味道好极了。如有机会，下次再入住。,花园双床房,双床房
344,关于整体满意度和前台服务的评论,344,订的基础房型，前台小哥给我升级了套房，非常惊喜，物超所值。酒店离淘金火车站也非常近，出行方便。酒店四楼还有个博物馆，介绍广州酒店发展历史，值得一看。推荐大家来广州住花园酒店。,花园大床房,大床房
345,关于餐饮设施和前台服务的评论,345,在携程囤的行政礼遇三天两晚套餐，趁着中秋假期来广州老牌五星酒店放松一下。套餐包含酒店30楼行政酒廊早餐、下午茶和Happy hour，懒得出门的话可以一天三餐都在酒店解决了。早餐还会开放旋转餐厅区域。酒店还送了跟广东省博物馆联名的月饼。行政酒廊的Carrie、Echo服务热情周到，让这次行程倍感亲切！,花园双床房,双床房
346,关于整体满意度和前台服务的评论,346,"30年前爸爸妈妈蜜月时候来过的酒店
这次打卡很有纪念意义啦
非常感谢酒店准备的浪漫惊喜
	
鲜花水果小蛋糕我家年宝高兴坏了
妈妈说这是她住过最开心的酒店啦
红棉房是次顶配的行政套房超级超级大
服务人员都非常热情周到
特别表扬凌璇阁的一个三哥服务员
对孩子热情他中文超6的
自助早餐出现了NFC果汁还有益力多用料扎实
	
下午泳池游泳也有人及时送来夏日畅饮
	
孩子们还可以在后花园喂锦鲤
红棉房送的代金券我们在荔湾亭餐厅消费啦
再次表扬经理送了我们做月饼体验还有糖水！
	
这是一个拥有博物馆的酒店
一个有园林瀑布的酒店
一个有可爱文创周边的酒店
一个有米其林餐厅的酒店
一个有26个打卡点的酒店
一个中国仅有3家白金五星的酒店
一个去了下次还想再去的酒店！",红棉双床套房,套房
347,关于整体满意度和公共设施的评论,347,已经连续第二年的九月入住花园。今年恰逢中秋。整个中秋假期都在花园非常愉快地度过。真的好喜欢花园酒店的氛围和瀑布小花园及花园博物馆。酒店暖心送来包装精美的月饼礼盒直接把??节氛围拉满。感谢花园，祝花园酒店越来越好。,花园双床房,双床房
348,关于餐饮设施和房间设施的评论,348,"其实挺一般的，大概是个别评论拔高了期待。
服务是会有点区别对待，荔湾亭中餐厅服务倒是不错。红棉双床房带客厅，但是房间太小，床特别窄，枕套也没洗干净，虽然我有带一次性床品，但小床睡得不舒服。
迷你吧品类齐全；送得鸡尾酒体验，恰逢过敏戒酒，只去酒吧转了圈，环境还行。
中餐厅出品真的不怎么好吃，烧腊和茶点还行，炒菜一言难尽，时蔬里放的菇子是馊的，越吃越不对劲，第二天就拉肚子了…
早餐品类也少，本地特色好像只看到马蹄糕，唯一能夸的只有瀑布。
大堂装修倒是豪华，金碧辉煌的面子工程；博物馆去得时候正好闭馆时间，没有参观到。
下次自己住还是老老实实去万豪索菲特希尔顿之类的吧，至少客房，服务，食品安全能有一样能得到保证？",红棉双床套房,套房
349,关于整体满意度和体验的评论,349,在广州旅游，商务。你可以永远相信花园酒店,花园大床房,大床房
350,关于整体满意度和餐饮设施的评论,350,中秋节入住花园酒店，一进门就被金碧辉煌的大堂吸引，酒店后花园特别漂亮，花园酒店房间很大也很不错，预定套餐还送了下午茶和行政待遇特别好，特别是行政待遇Carrie和Kitty服务好，早餐也可以在30楼吃，特别丰富，酒店历史悠久很不错满意满意推荐,花园双床房,双床房
351,关于前台服务和整体满意度的评论,351,这是第二次入住花园酒店～中秋节假期定了两间房庆祝，从入住前Call center的服务，到入住当天起前台、礼宾、客房等的服务都让人体验感非常好！！下次来广州还会再来住的～希望未来花园酒店能成为我在广州的唯一选择。,粤韵大床套房,套房
352,关于整体满意度和景观/朝向的评论,352,感受三十九年历史的五星白金酒店，瀑布花园，酒店历史博物馆，服务也很棒！30楼行政酒廊，旋转餐厅，远看小蛮腰和城市天际线，确实很美，尤其表扬工作人员小姐姐们：Carrie，Kitty，Cathy和Echo，服务热情周到，点赞！,花园双床房,双床房
353,关于整体满意度和景观/朝向的评论,354,环境不错的酒店。住得很舒服。房间高空还有景色看。服务也是不错的。早餐好吃的。吃完在花园散散步惬意的。,红棉大床套房,套房
354,关于交通便利性和整体满意度的评论,355,花园酒店地理位置优越去哪里都很方便，酒店整体感觉高端大气不愧是广州的老牌五星级酒店！酒店环境也很好，有很大的后花园。房间整体也满意，服务人员都很有礼貌。中秋节期间入住还很贴心的给我们房间和朋友房间都送了月饼，周到大气！,花园大床房,大床房
355,关于前台服务和整体满意度的评论,356,酒店各方面都非常满意，因为普通双床隐私性不太好，看我带着儿子，主动给我升级了房间，客务中心小颜的服务也很nice ，总之都满意！下次去广州还会选择这里??,花园双床房,双床房
356,关于前台服务和交通便利性的评论,357,工作人员很热情，离地铁站近，出行方便。,花园大床房,大床房
357,关于整体满意度和餐饮设施的评论,358,酒店地理位置优越，环境好，早餐品种丰富，味道好，前台小姐姐YOLO安排的房间很完美，还送了花，行政酒廊很好吃，Carrie和Berlye以及Cathy三位小姐姐人美声甜，服务态度很好，以后来广州还会选择花园酒店。,花园大床房,大床房
358,关于房间设施和前台服务的评论,359,房间整体布局非常人性化好用??全面提供不同的空间场景（寝室/客厅/办公/衣帽化妆间等等）环境干净，还提供不同风味的软包装饮品舒适如家??唯一对我个人来窗户不能打开安全　角度让窒内引入外界新鲜空气产生交换（纯粹我个人喜欢）在此我要称赞客服中心电话咨询服务的小华服务到位全方面介绍酒店各个餐厅的特色并特别推荐30楼的行政酒廊高雅格调非常适合小众商务活动??特别我在行政酒廊遇到的两位职员Cathy和Berdly业务知识够丰富，尤其Cathy对酒店各处环境如数家珍向我推荐必游的酒店博物馆??????和花园酒店的领南特色瀑布花园??????酒店泳池整体感觉不错希望提供一次性泳帽以满足酒店国际宾客入住??,花园大床房,大床房
359,关于整体满意度和房间设施的评论,360,广交会起期间 每次都住花园酒店 服务很好 就是人太多早餐需要排队 这次给升级了套房 特别宽敞 还配有踏步机 虽然没使用 但感觉不错,城央绿意大床房,大床房
360,关于公共设施和前台服务的评论,361,"很棒的一次体验！
1、刚步入酒店，就被酒店的大堂设计惊艳到了，非常漂亮有特色。大堂里的服务人员很多，每个人都能热情的迎接。某些时段还有表演，小朋友很喜欢。
2、原本订的是大床房，办理入住的时候前台客服很惊喜的给升级了套房。房间里还送了欢迎水果，很丰富。
3、泳池和健身房设施齐全，工作人员也很尽心尽责。泳池边上还有两个按摩浴缸，是小朋友们的玩水乐园。
4、酒店4楼有个博物馆，国庆期间还有打卡活动，小朋友很喜欢，打卡完成还领取了小礼品。
5、酒店的后花园名不虚传，有小桥、瀑布和成群的锦鲤，景色很不错，是拍照的好地方。
6、打卡了荔湾亭，出品稳定，糯米鸡、菠萝包很好吃。
最后提一句，大堂左侧有个面包店，卖的面包很好吃！特别推荐苹果丹麦、菠萝丹麦！",花园大床房,大床房
361,关于整体满意度和周边配套的评论,362,非常漂亮的酒店，地理位置优越，房间宽敞、酒店有几个歺厅，酒吧也不错，还有个小小博物馆，是出游不错的选择,红棉双床套房,套房
362,关于公共设施和性价比的评论,364,大厅还挺震撼的，金碧辉煌，有很多外国人入住。泳池露天在四楼，水凉。性价比还是挺高的。有一个酒店博物馆，值得一看。瀑布在花园里，有一个挺大的花园。是一个有特色的酒店。,花园双床房,双床房
363,关于房间设施和餐饮设施的评论,365,床舒适，早餐一般。老字号,花园大床房,大床房
364,关于前台服务和餐饮设施的评论,366,前台帮忙升级的粤韵套房，楼层设的迎送岗，酒店的博物馆、瀑布餐厅的早餐、荔湾亭的夜茶氛围，一切都很美好。,花园双床房,双床房
365,关于房间设施和公共设施的评论,367,酒店环境一级棒，门前有澳门的感觉，一进大堂也很高大尚，有博物馆、游泳池，一楼瀑布餐厅环境很棒！但早餐没啥好吃的有点一般。唯一吐槽的就是房间太陈旧了，很破。其它都很好。,花园双床房,双床房
366,关于前台服务和整体满意度的评论,368,原本只是想趁休息日舒缓一下身心，却没想到“花园”能带给我如此多的惊喜?????? 首先，check in时被告知我被升级至套房了。入住后，主管卫生的许经理更是给予了无微不至的关怀与照顾???? 使得一个人的旅行也倍感温暖???? “花园”的好，好在细节，好在服务，这是新派酒店无法做到的。每一样摆设都彰显心思，每一处地方都恰到好处，值得你去慢慢品味。房间很安静，酒店氛围也很轻松，它的管理也很人性化，根据房间情况给予延迟退房，简直颠覆了我对此概念的认知??。所以，不到“花园”，你是不会知道它有多好的，在此再次谢谢许经理，谢谢携程??????,城央绿意大床房,大床房
367,关于餐饮设施和客房服务的评论,370,"朋友推介的历史悠久的酒店，酒店很特别很有特色，酒店大堂有本地和外籍的工作人员，每位服务态度都很好很耐心解答。吃自助晚餐的餐厅也考虑得比较周到，不管是外地的还是外籍的游客都有很多各地方的菜式，海鲜很新鲜很清甜，五成牛排稍微有点生吃得不是很习惯，其他菜式都很有特色，菜品看起来很有食欲。餐厅的不管是厨师还是外籍服务员服务态度都非常好，很热心很耐心，一开始提前了一天也没有预约到座位，但是告知可以先办理入住等到有座位入席吃饭再打电话通知我过来，不用本人在现场排队，这点做得很不错，对于我这种带小朋友的游客来说是很不错的用餐体验。
房间的卫生也做得很好，浴缸也比其他酒店做得更方正一些，很适合带小孩住，洗浴都比较方便。特意带小朋友逛了花园酒店的几十年历史的博物馆，很有意义的一次住宿体验！4楼的泳池也很不错，大夏天在泳池游泳玩玩水枪也是个很棒的选择。
有一点不怎么好的就是，从酒店大堂去地下停车场没有指示牌，要询问工作人员才知道怎么走。酒店内的温度太低了，一进门就感觉到很冷要穿多件小外套，和室外温度相差太多了，可以在原有的温度内稍微调高一些吗？",花园双床房,双床房
368,关于整体满意度和房间设施的评论,371,花园酒店不愧为城市的名片，与普通五星级级酒店更多了一份城市的印记与温度。就连洗手间的一堵墙都有木棉花的画，处处都有设计。后花园更是别有洞天。,红棉双床套房,套房
369,关于整体满意度和卫生状况的评论,372,小时候家里人带着去参观，认识了啥叫五星级大酒店，心里面五星级的形象。服务没的说，工作人员都很有礼貌，干净卫生。就是老牌酒店了，设施多少有点陈旧，隔音有点一般。,花园大床房,大床房
370,关于前台服务和整体满意度的评论,374,"花园饭店，不亏是老牌白金五星酒店，工作人员训练有素礼貌热情，大堂非常大气，房间舒适雅致。这次我是带着家人入住，一共订了三家房间，因为一如既往有回家的感觉，家人们都非常满意，果断又续住了两天。另外酒店旁边挨着地铁，出行也很方便。到广州选择花园酒店，一定会给大家带来心灵上的愉悦，强烈推荐入住。这里顺便特别感谢前台经理吴灵伶和Justin, 办理入住时，由于自己操作有误少订了一个房间，他们及时帮我与携程联络，第一时间解决了问题。我爱花园饭店，下次来广州一定还是选择花园酒店。",花园双床房,双床房
371,关于整体满意度和交通便利性的评论,375,广州花园酒店历史悠久位置优越交通便利，环境优美宜人。卫生整洁先进。服务周到热情，升级后的房间更是宽敞舒适明亮，入住体验完美。,花园大床房,大床房
372,关于整体满意度和体验的评论,376,服务超棒，下次还是会选花园酒店,花园大床房,大床房
373,关于交通便利性和餐饮设施的评论,377,房间布局合理，比红棉大床房少了会客厅，两个人广州旅游足够了，位置很便利，去哪里都很方便，出门就是淘金地铁站，30楼的行政酒廊早餐和下午茶都很丰盛，味道也好，还是个城市旋转观景台，挺有意思。行政酒廊的echo服务很好，点名表扬??,花园大床房,大床房
374,关于整体满意度和交通便利性的评论,378,酒店升级了房型，酒店地处市中心，闹中取静，出行方便，房间宽敞，干净整洁，很是舒适，出差一直选花园酒店，熟悉的地方很有安全感,花园大床房,大床房
375,关于公共设施和整体满意度的评论,379,服务非常好，酒店环境也很好，尤其是自带一个花园，有曲径通幽的感觉，瀑布花园、30层的旋转餐厅环境都不错。整体装修啥的会稍微有一点老，毕竟是早批的五星酒店。,花园大床房,大床房
376,关于交通便利性和周边配套的评论,380,第3次入住酒店了，离地铁口很近，酒店有专门的停车场，解决了在广州这里停车这个头疼事。地点很方便周边吃喝玩很多选择。房间虽然不大，服务，特别好，很舒适。因为有老人特意换了没有浴缸的冲凉房。,花园双床房,双床房
377,关于房间设施和交通便利性的评论,381,来之前特意查了酒店的历史，特别有历史感的酒店，40年的历史，外管还是很有质感。我是冲着贝隶铭去的，名设计师的手笔。酒店有一个花园，挺有格调的，孩子在花园喂鱼，可以玩挺久。这里有很多的外国人入住，服务员的态度非常棒。说一下不足的地方，酒店房间设施确实比较旧了，但是有一说一，几十年的酒店，设备要求肯定不如新酒店。酒店的浴室设计比较奇怪，浴室没有地方挂衣服，出来洗手盆那里穿的话，其实通过对面的镜子会被房间的人看到。说一下地理位置，非常优越，地铁五号线一分钟路程，去各大景点路程都不算远。房费在这个地点不算贵了，所以大家可以根据自己的需求选择。,花园双床房,双床房
378,关于整体满意度和客房服务的评论,382,房间安排非常舒适，卫生整理及时。酒店后花园让人感到温暖、温馨??；早餐丰富、服务生态度绝对到位。值得推荐！,花园大床房,大床房
379,关于整体满意度和体验的评论,383,酒店氛围很好，亲子游合适,花园大床房,大床房
380,关于整体满意度和前台服务的评论,384,太暖心了，服务超级好，值得你们预定,城央绿意双床房,双床房
381,关于前台服务和餐饮设施的评论,385,假期就是吃吃喝喝的时候，又来花园酒店了。前台姐姐热情地将我的红棉房升级到粤韵房，两张1.3米的床，体验感更好。洗漱台有两个，干湿分离且两人不干扰。酒店服务员都热情好客，让人如沐春风。在荔湾亭订位后进了晚餐，环境和服务都很不错，出品也物有所值。酒店还有个博物馆，可以了解酒店的辉煌历史。早餐种类很丰富，整体是很好的体验，值得再去。,红棉双床套房,套房
382,关于前台服务和房间设施的评论,386,很感谢花园酒店前台的热情接待，给我升级安排的房间安静舒适，酒店的设施和服务让我感到宾至如归。房间宽敞明亮，床铺舒适，让我得以安享良好的睡眠。此外，每到一处的员工都有着热情服务和细致入微的照顾让我倍感温馨。酒店还提供了丰富的自助早餐和各种休闲设施，令我倍感放松。花园酒店是老广州的五星酒店，亦是广州的地标，在某些人的心里是一个时代无法磨灭的记忆！,花园双床房,双床房
383,关于整体满意度和周边配套的评论,387,值得推荐，博物馆可以看看,花园双床房,双床房
384,关于整体满意度和房间设施的评论,388,很多年没有入住花园了，装修很有中国特色，房间大，还给我升级房型，特别喜欢瀑布花园，是城市里的一个绿洲，服务员很细心,花园大床房,大床房
385,关于整体满意度和体验的评论,389,布置的很有新年气氛,花园双床房,双床房
386,关于整体满意度和餐饮设施的评论,390,"这次携家人入住广州花园酒店，感觉非常好，住宿环境非常好，菜品精致，味道好，孩子们对游泳池更是喜欢，总之，体验很好。再有，感谢行政酒廊的Kitty,Deepa，Beryle ，Cunchan四位小姐姐的热情服务。",花园大床房,大床房
387,关于整体满意度和前台服务的评论,391,"超出预期的酒店！酒店大堂，园景很漂亮，工作人员热情，前台还帮忙升级了房型，很惊喜。
我们带着小孩连住两个晚上，小孩子很喜欢。
体验了位于30层的行政酒廊，服务很好，餐食也很棒，可以远眺小蛮腰，强烈推荐。还要感谢行政酒廊Echo, Cathy, Bergle的热情服务~",花园大床房,大床房
388,关于交通便利性和周边配套的评论,392,第一次开到花园，感受到十分浓厚的白金五星底蕴，外国友人很多，一片祥和，门口就是淘金A口，出行十分方便，对面有广州友谊商场和丽柏，购物也是相当的方便，期待下次再来,花园大床房,大床房
389,关于房间设施和餐饮设施的评论,393,一如既往的好，喜欢。床特别舒服。环境也好。早餐也丰富,花园双床房,双床房
390,关于房间设施和整体满意度的评论,394,买的携程的套餐，红棉房有一房一厅，淋浴室有浴缸，也有花洒，分开的。房间很干净。宝宝过生日，提前打电话说明还送了蛋糕。酒店自带后花园+博物馆，大厅富丽堂皇。在酒店就可以逛一天，晚上在日本餐厅吃的饭，用的套餐的400消费金额。晚上滴滴去花城汇看喷泉。一切都很完美,红棉大床套房,套房
391,关于整体满意度和交通便利性的评论,395,老牌五星，历史悠久，酒店保养的挺好，大堂富丽堂皇，园林设计很用心，值得一逛，四楼的酒店博物馆也很值得看看，总体是个很值得体验的酒店，酒店交通便利，地铁口就在旁边，唯一不足是酒店早餐普通，但是也能满足基本需求了,城央绿意大床房,大床房
392,关于客房服务和房间设施的评论,396,二十年后再次入住花园酒店，没有那年那月的惊艳，只有一些怀旧的回顾。重返二楼荔湾亭，再上30楼，还是满满的贴心服务。两点不太满意之处，房间二并一后大一些但格局不太好，特别浴室的镜子斑斑驳驳更有年代感；另外就是客房服务不到位和僵化，因床头插座不明显，昨天上午离店时遗漏充电器，昨晚想起打电话过去，第一通电话说服务员没有上报，等落实后再回电，当时我还寻思是否我放在行李箱，再次大寻找不果后，也未等到酒店回电。我只能再次打电话，此次我非常明确进行描述，登记后二十来分钟回电说找到。我让帮忙叫一个到付的闪送之类，回复只能顺丰到付或是自取，没有考虑客人因为没有充电器的不便。只是服务僵化的问题，缺乏变通。另外就是房间服务员没有及时上报失物，存在瑕疵；再之就是酒店接到电话后，存在回复不及时等，相对遗憾。,红棉大床套房,套房
393,关于周边配套和整体满意度的评论,397,酒店位置很方便，服务也很好，各种设施很全，二楼和三楼的餐厅也很不错，酒店有不少外国人，还有后面的瀑布和园子造景也相当不错，各方面都符合老牌酒店的水准，住的是套房，酒店通风要是再好些的话就更完美了,红棉大床套房,套房
394,关于整体满意度和前台服务的评论,398,五星级的服务值得点赞，虽然房间的装修有点旧，但是卫生，细节都有五星级标准，酒店大厅大气高级，每个楼层都配备服务人员开电梯，带了两个小孩，还免费送了两小孩的早餐及行政酒廊，入住体验好非常好，早餐瀑布餐厅和30楼的旋转餐厅，环境很好，餐食也很不错,花园双床房,双床房
395,关于整体满意度和体验的评论,399,环境服务都挺好的,红棉大床套房,套房
396,关于卫生状况和前台服务的评论,400,"干净卫生
服务优质",红棉大床套房,套房
397,关于房间设施和客房服务的评论,401,"房间挺宽敞的，而且双床跟孩子两人睡一床够用
服务：酒店服务一级棒，每人都是笑面迎人。
卫生：卫生打理的也非常干净，打扫阿姨看房间里有几束花，还很贴心的拿花瓶给装起来
设施：很有历史感，唯一不足就是房间墙面有点印",花园双床房,双床房
398,关于房间设施和交通便利性的评论,402,"挺好的
出行方便
房间还有个小客厅
就是卫生间离床挨的太近",花园双床房,双床房
399,关于前台服务和房间设施的评论,403,"1、前台服务员Gilian很nice，服务态度很好，很耐心，感谢给我们升级房间。
2、其他服务员态度也很棒，每次见面都打招呼，还主动按电梯。
3、粤韵套房很赞，一房一厅，面积很大，设施很新。房间还赠送了行政礼遇，包含下午茶和晚间的happy hour，超级赞，家人都非常满意。
4、30楼旋转餐厅太棒了，慢悠悠旋转，早餐非常丰富，都很好吃，超出预期。
5、酒店后花园值得散步，打卡拍照，太美了。
6、酒店交通便捷，旁边就是淘金地铁口，去哪里都很方便，都能乘坐地铁到达。",花园大床房,大床房
400,关于房间设施和交通便利性的评论,404,非常好，房间很大，近地铁口。,粤韵双床套房,套房
401,关于餐饮设施和前台服务的评论,405,24号退房，房间虽小，但东西很齐全，还有博物馆。30楼的欢乐时光，下午茶体验感都很好，服务非常棒！但是30楼的早餐服务不如1楼的早餐服务，服务员说话也不好听，一大早心情就把心情破坏了，体验感太不好了！所以我住了五天四晚，只去30楼吃了一次早餐。1楼的早餐服务就很棒，服务员也很有礼貌，引导完等你坐下来会很耐心的询问需要咖啡吗？如有需要他们会帮你打好送过来。总体来说，除了30楼那次早餐体验的不舒服，酒店的其他方面我都很喜欢。,花园大床房,大床房
402,关于整体满意度和性价比的评论,406,不愧是老牌五星白金酒店，花园酒店非常值得入住，价格也非常实惠，性价比超级高。服务也好、设施设备也好都非常符合五星的标准。下次去还会首选花园酒店。,花园大床房,大床房
403,关于整体满意度和公共设施的评论,407,"设施：很有传统中式的风格，设施也很全面。

环境：酒店环境非常好，花园非常漂亮，酒店可探索的地方很多。

服务：服务很细心，刚好赶上中秋节，居然还有额外赠送的月饼。",花园大床房,大床房
404,关于退房/入住效率和体验的评论,408,"酒店位于广东省广州市越秀区环市东路368号, 邮编510064。帮朋友预定的，我已经支付了房费，但入驻时交了500押金，退房后就退回了。",花园双床房,双床房
405,关于整体满意度和体验的评论,409,本次入住很满意，不愧是老牌五星级酒店，各方面都做的不错,花园双床房,双床房
406,关于前台服务和整体满意度的评论,410,"在广州玩，做功课，按照酒店博物馆的顺序依次住了，白天鹅，中国大酒店，和花园酒店
总的体验下来，这家真的最最贴心，下次还会来的
金庸说来了这里如进荣国府，一楼大厅的红楼梦壁画确实美丽，前台办理入住的时候很贴心，回答也很耐心，这是唯一一家我们到了就能入住的，其他两家均要到两三点，说要打扫。接着酒店后面的花园很美，酒店的电梯很方便，房间布局合适，床品整洁，都没有出去玩就呆在酒店逛逛了，不累不热，另外酒店的早餐在一楼和顶楼，我们选择了顶楼的旋转餐厅，视野非常好，菜品很多，下次来想多吃些甜品",红棉双床套房,套房
407,关于整体满意度和卫生状况的评论,411,非常喜欢花园的圣诞氛围。房间一如既往的温馨，干净。,红棉大床套房,套房
408,关于整体满意度和前台服务的评论,412,环境很好 态度很棒,花园大床房,大床房
409,关于前台服务和整体满意度的评论,414,来广州玩，最终选择广州花园酒店，因为它是白金五星级酒店，服务确实不错，进入酒店大堂的那一刻，就会让人肃然起敬，浓厚的艺术文化气息扑面而来。那一刻就觉得选对了，很值得！Echo非常热心的帮我们一家老小升级的房间，酒店服务也是相当贴心。,花园大床房,大床房
410,关于整体满意度和前台服务的评论,415,非常好的酒店，酒店员工热情周到，设施很好，老牌酒店的风格浓郁。酒店里的博物馆值得去参观，有机会还会再来住。,花园大床房,大床房
411,关于餐饮设施和前台服务的评论,416,花园酒店值得一住，前台客房餐厅碰到的服务员都很专业认真态度热情。1楼的自助早餐和3楼广式早茶行政酒廊小点心都很好吃。下次有机会来广州还住你们家。,花园双床房,双床房
412,关于性价比和前台服务的评论,417,携程的套餐很划算。前台的小姐姐们有求必应，碰到的每位员工都微笑打招呼，客房服务还能根据前一天的使用情况增加备品，非常人性化。除开我住的房型淋浴跟浴缸在一起老人使用不方便外，都十分满意！,花园双床房,双床房
413,关于餐饮设施和前台服务的评论,418,90年代住过的酒店之一，如今依然保留如初，每一个空间有着满满的回忆。 30楼的行政酒廊每天有下午茶和happy hour，这里每一位员工都很友好，特别是Carrie，我们对她印象深刻，是一位不可多得的优秀员工。,花园双床房,双床房
414,关于前台服务和客房服务的评论,419,"老广来评一下～好久没来花园了，这次携程的套餐真的很给力，马上订了。结果原来花园的服务已经不太OK了～我们到前台，给了身份证之后，那个前台的男士很冷漠地让我们给500押金，说了房型，递了房卡。我就问，不是有花园小羊周边？
他：哦，是吗，然后才去找。接下来我再问，是有消费额度可以用晚餐吗。他继续冷漠说，你吃了告知服务员房号吧。（难道他不能说是的几个餐厅都可以）后来我只能留言问携程客服说是不是套餐的东西要让他们确认一遍，携程客服马上打去前台，没人接，我让客服不要打。算了，我们自己去日本餐厅问。

日餐东西OK，厨师很热情，服务员也可以，就是她们收桌很慢，会吃了很久的东西没位置放新的也不收。日餐带位小哥态度好。

房间中规中矩，干净，但是不新，有很多使用痕迹是打扫不了的。另外晚上11点多打电话想要个硬枕头也没人接电话……怎么会这样……

早餐我们选在桃源馆用，也不错～但是应该瀑布好吃点。退房还是要自己提醒前台我们是套餐有消费额度才行……哎，而且他从头到尾也没发现我是岭南会金卡，我理解携程订的不能用，但是对比洲际万豪等前台服务几乎为0……",红棉大床套房,套房
415,关于餐饮设施和安静程度的评论,420,三十年再次进住该店，风采依然。对比同市一众豪华品牌，不遑多让。一次过品尝了桃园、锦鲤吧与茘湾亭的美酒佳肴。遗憾的是，玻璃窗密封胶老化且无窗把锁扣，让窗外噪音有机可乘，扰人清梦。,红棉大床套房,套房
416,关于房间设施和卫生状况的评论,421,房间很旧很小墙纸脏的，第一次服务人员给了一个带浴缸的房，淋雨要站到浴缸里去洗位置非常小，像三星级，不过经过沟通有更换！洗漱用品比较差，老酒店，酒店外观漂亮打卡地方多，就是外美内差表里不一,花园双床房,双床房
417,关于餐饮设施和退房/入住效率的评论,422,老牌五星酒店，地理位置很好，设施的维护也不错。刚入住的时候，对于酒店的服务态度是很满意的，没想到住了三晚，遇到两个状况感受很差。其一是早餐，一楼瀑布餐厅和三十楼，菜式基本上都是牛肉为主，完全没有猪肉菜式，当然早餐也没有海鲜这类的，对于我们这样因为宗教信仰而不吃牛肉的人而言，连续三天早餐素食度过，酒店的介绍完全不提及这个部分，否则我们定然不选择这个酒店，真是悲哀！非常难以接受！其二是退房，前台小女孩连数学计数都困难，我们付了1500押金，主动告知用了20元饮料费，她的原话是“剩下的148元我们会到时候退，但是什么时候不知道”再追问又回应说“押金150元用20元剩下148”，这就是著名的花园酒店吗？退房8个多小时，发现押金没退回，刚才联系携程客服，进行投诉反馈，酒店回应明天中午退。这令人非常不解，花园酒店的服务效率和品质都这么低下了吗？！,花园大床房,大床房
418,关于公共设施和整体满意度的评论,423,暑期带娃出行，选了一圈最终选择了这家，果然没选错，设施和设备都是相当齐全，服务也是非常满意，泳池满足了小朋友游泳的的快乐！对于酒店不能只看新旧，主要看综合实力啊！房间有些旧算是瑕疵，但是综合评分不错的，推荐！,花园双床房,双床房
419,关于前台服务和交通便利性的评论,424,viria和eaco态度热情 办入住还送了新鲜康乃馨 酒店整个服务都有种如沐春风的感觉 房间不算很大 但床品枕头非常舒服 还送了欢迎水果 点心 酒店位置非常好 旁边就是地铁到哪都方便,花园双床房,双床房
420,关于整体满意度和客房服务的评论,425,"体验特别好，服务很细心，很愉快的入住
酒店环境特别好，服务非常细心周到，早餐，下午茶，傍晚微醺时光都是特别惊喜的服务，还有点心送到房间服务",花园双床房,双床房
421,关于景观/朝向和体验的评论,426,花艺环境佳，还能看到维波楼的收藏,花园大床房,大床房
422,关于房间设施和交通便利性的评论,427,房间比较小，如果白天长时间留在房间里感觉比较压抑，床是挺舒服的。酒店处于广州市中心商圈，交通还是挺方便的，工作人员也挺热情有礼貌，或许入住的客户中，国外客户在这个酒店的占比比较大，酒店各种服务都会不自觉的往国外客户倾斜，有感受到一定的区别对待。总的来说，还算可以的。,花园大床房,大床房
423,关于房间设施和前台服务的评论,428,"优雅的环境配上舒缓的音乐，亲切又体贴的服务，希望能够一如既往的保持下去。
设施：设备还是稍微旧了一点。房间浴室和厕所屏风不太够用。",花园大床房,大床房
424,关于前台服务和客房服务的评论,429,"服务很细致周到。
中秋节前一天入住，还在房间放了一盒月饼，很惊喜。小孩喜欢游泳，刚在泳池边的位置坐下，就送来了纯净水和浴巾。老牌的五星酒店，实至名归。",花园双床房,双床房
425,关于前台服务和卫生状况的评论,430,多次来广州都住这里。服务很棒，晚上到酒店晚，Betty看带着孩子，立即帮升级了房型，很贴心的问候关心，给个赞！房间干净，整洁。入住的朋友不少，酒店有三个早餐点，还有个旋转餐厅，菜品中西合并，品种繁多。露台的泳池是孩子最喜欢的。,花园大床房,大床房
426,关于整体满意度和前台服务的评论,431,"设施：五星级的标准，大厅非常奢华，虽然很多年了，但是维护的特别好
卫生：整体都很好，干净整洁
环境：环境在广州来说，算是天花板了 ，比较大气
服务：门童小哥比较帅气，前台接待美女也非常热心，为顾客引导非常耐心
因为老公是广州人 他一直对花园酒店有情怀，所以这次回来一定要住花园酒店，比较推荐！",花园双床房,双床房
427,关于餐饮设施和前台服务的评论,432,广州花园酒店30楼行政酒廊的服务很赞很周到，到广州一定要来打卡这里的旋转餐厅，不但早餐丰富，下午茶也很美味。大赞几位美女，Carrie，Echo，Kitty，服务热情大方，笑容有感染力，真是一次身心愉悦的旅程，大大的推荐,花园双床房,双床房
428,关于房间设施和整体满意度的评论,433,卫生： 洗手间与沐浴间共用一扇玻璃门，如果要沐浴就影响了洗手间的使用，没法同时使用，环境很好，大堂富丽堂皇 设施很好，服务态度很好 地理位置很好，出行方便 ，是一次很好的入住体验。,花园双床房,双床房
429,关于房间设施和性价比的评论,434,"40年前人们印象中的位于广州环市东路的花园酒店是一间超豪华的五星级酒店。其实历经四十年沧桑变化的今天，店内大多数的房间已经残旧不堪，非常落后 ！只有少数几年前重新装修的红棉套房和粤韵套房可以入住。房间面积狭窄，住进去很不舒服！洗手间阵阵霉味散发出来，厕所和洗漱间共用一扇趟门，关了厕所门，洗漱间的门就只能敞开，极不方便，还有，进入厕所后侧着身体才能把门关上。全广州26家五星级酒店都住过了，这里的性价比最低！
        大堂再豪华都无用，房间环境和设施才是住客的首要所在 ！",花园双床房,双床房
430,关于房间设施和整体满意度的评论,435,服务周到规范，环境优美，位置优越，早餐品类丰富。尤其是那两个瀑布，让人印象深圳。美中不足的是，充电插口太少，卫生间没有放手机的架子。,红棉大床套房,套房
431,关于前台服务和餐饮设施的评论,436,非常有年代和历史沉淀感的一家酒店，我呢，怀着对参观历史建筑一份期望入住此酒店。但却是我入住所有五星酒店里面体验感比较差的，我说的是前台和餐厅的服务，并不包括客房等服务，还有硬件维护的也不错。总结体验如下，1、之前订的房间是18到21层，而且当天一再要求高楼层，但是晚上我夫人过来取卡的时候却给了个第7层低楼层，后通过携程的交涉很圆满的解决了，但是现场服务人员却轻描淡写的说可能交接的时候有误，这是你们老牌五星酒店不应该的啊，虽然后面送了宝格丽的洗护小包装；2、第二天吃早餐的时候由于人多，服务员让我夫人去排队。排就排呗，但排队的同时，有一个非洲的朋友过来以后在门口停留了会，和领班聊了会，竟然直接由领班带进去了，当时我们就提出质疑，领班尽然信誓旦旦的说他的朋友已经在里面了，这就是空口说白话，实际上最后这个非洲的朋友是单独一张桌子（大家懂得都懂）。后来领班又说他们是一个团队的，所以可以不用排队，我们直接回复他-就算是一个团队有朋友在里面也不能代排队代占座、除非你们是一个房间的才可以，现在都什么时代了，尽然还有这种事情发生[尴尬]3、自助早餐品种少、味道一般、性价比不高、而且问现场的面点（下面条混沌）师傅、这个蒸点是酒店包的还是外面采购的？面点师傅含糊其辞打太极说不知道要问厨师，晕，本来准备入住三天的，最后第三天（前面二天已经付款无法退）果断退房换了天河的酒店（扇子??）4、第三天早餐的时候也是排队，发现已经没有人押队了，秩序井井有条；5、客房服务不错，衣服洗的很干净（但价格比三亚丽思高30%，当天就干了1100洗衣）；6、硬件维护的不错，也很大气，可以看出当初设计的前卫和投入；希望花园酒店能够适当提升下服务水准，国人与外国人统一对待！如果没有上述1、2条，则酒店还是很完美的体验,花园双床房,双床房
432,关于周边配套和整体满意度的评论,437,酒店不错，续住了，周边景点很多,花园双床房,双床房
433,关于房间设施和整体满意度的评论,438,因为订的酒店出了点问题，改住的花园酒店，老牌五星级，服务不错，设施比较老旧，没有现代感，厕所和浴室只能关一边门。但是酒店整体感觉还是很不错的，瀑布孩子很喜欢，每次回酒店都要去逛一逛，双床拼起来很大，我们两大两小睡着还挺宽敞，有儿童洗漱用品。最惊喜的是，酒店送来的生日蛋糕！,花园双床房,双床房
434,关于前台服务和交通便利性的评论,439,酒店酒店位置离地铁机场都很近，高峰期间能订到距离不远交通也方便的酒店确实不容易，这家酒店相当不错，很感谢前台灵灵邀请我们过来行政酒廊，这里的服务让我感觉到非常的温馨，一进来Aimee就很热情的跟我们打招呼，Echo也非常热情的询问我们要喝些什么，需不需要中式点心，非常的热情，Kitty笑容也很甜美，这是我们旅行中最难忘的体验之一，强烈推荐任何人,花园双床房,双床房
435,关于餐饮设施和交通便利性的评论,440,酒店早餐的瀑布景色怡人，吃早餐心情好。酒店在老城区，交通方便，边上就是地铁站。附近美食多，只觉得卫生间做成封闭式就更好了。,花园双床房,双床房
436,关于整体满意度和前台服务的评论,441,酒店非常漂亮，地理位置佳，作为名副其实的五星级酒店，服务和设施非常棒，映入眼帘的大堂红楼梦主题的烫金壁画彰显酒店地位和独特气质。特别感谢前台办理入住的小姐姐，服务态度极其专业，笑容温暖人心，见我带娃出行，为我们升了套房，特别棒，而且早餐有三个餐厅可以选择，自助餐吃得比较多，尝试了三楼粤式茶点早餐，米其林级的餐饮品质让人印象深刻，孩子非常喜欢。早餐后逛了漂亮的后花园，喂了锦鲤，逛了园子，看了瀑布，美不胜收。这次广州之行花园酒店给我留下了特别棒的印象，下次来广州我一定继续选择入住花园酒店。,花园双床房,双床房
437,关于房间设施和整体满意度的评论,442,花园真的名副其实 挺适合带老人孩子 我妈妈非常喜欢 四楼还有一个博物馆 花园很大非常漂亮 拍照很好看 一楼进门就不停的哇 看点评说房间有味道 入住后并没有 可能回南天会有一点吧 房间总体很大格局设置很好 美中不足的是硬件设施略微陈旧 床边的音响感觉很古老 现在都用蓝牙了 淋浴花洒有点难拧 最不好的就是马桶了 不是智能马桶倒是无所谓 但是不能连个阻尼都没有 第一次放下马桶圈 嗙好大一声 吓一大跳 然后每一次都要提醒自己小心翼翼 马桶的抽水按键对美甲很不友好 而且需要按好久才能抽干净 太旧了 前台入住的时候可以主动多一些酒店的介绍就好了 每个楼层都有一个管家小姐姐 服务很好  入住的时候酒店有个打卡活动 很好的一个活动但是酒店并没有介绍和告知 还是看了小红书才知道的 总体来说很不错 瑕不掩瑜 下次还住,红棉双床套房,套房
438,关于餐饮设施和安静程度的评论,443,补充一下，一定要在瀑布餐厅用个餐，这种感觉真的只有这一家。我女儿很喜欢花园，以后还会下榻，他说这里比长隆睡得好、吃的好。唯独就是不要睡在修路那一侧，真的真的很吵，是你睡不着的那种。泳池的蓝色水很好玩。感受一下吧,红棉大床套房,套房
439,关于整体满意度和前台服务的评论,444,花园酒店很美，酒店内好多外国人，但各种服务都很到位，因为楼下在施工，但一点不影响入住的体验，Mandy的服务也很好，总体来说比较满意的一次入住～,花园大床房,大床房
440,关于卫生状况和客房服务的评论,445,生日布置敷衍就算了(用的塑料花瓣铺床上），卫生还差，床上居然有包装残物。,红棉大床套房,套房
441,关于周边配套和餐饮设施的评论,446,环境不错，大堂金碧辉煌，有那种old money的感觉，那个人造瀑布呢，就是个噱头，个人觉得近看有点山寨，酒店博物馆值得一看，登记就行不用门票。位置也不错，去永庆坊、北京路还都挺方便的，唯一吐槽的是早餐，就是比较适合外国人（土耳其）人的菜式，如果你想尝试广式餐点的建议还是去对面的广州酒家或者酒店里面就有个餐厅。,花园大床房,大床房
442,关于客房服务和安静程度的评论,447,"酒店很豪华很漂亮，可是入住体验却很差，是最后两天客房服务人员优秀的服务态度给加了分。
入住体验差是因为下订单时就要求无烟房，办入住时还特意强调因为带孩子需要安静一点的房间，谁知第一天早上7点就给外面施工地方打地的声音吵醒，以为是不巧碰到，谁知第二天又是这样，本来游玩就很累还每天一早就吵醒太难受了，只能立马投诉要求换房，（虽然这种施工不是酒店发生的行为但是酒店人员肯定知道那些房间外面施工会影响到客户，而且是在特意要求需要安静环境下还这样安排就不合理了）
虽然客房服务态度很好立马就安排了，但是定房时酒店显示楼层应该是26-28层，入住就只给安排了14层，换房后更低了就12楼，一进门客厅就是一股烟味，这下好了，特意要求避开的两点全给我安排上了??????
原来想着这次入住体验太糟糕了，在这种不爽的情绪下却碰到了一个超级细心的客服服务人员，不但给孩子拿来了儿童洗漱用品（第一天和第二天根本没有孩子的洗漱用品）还贴心的把化妆品全部摆列整齐，更是知道房间有烟味后把空气净化器搬来消除味道，更感动的是还手写了留言，为这糟糕的心情增添了很多美好。
所以如果要评价的话酒店给50分，客房人员给100分。",红棉大床套房,套房
443,关于房间设施和公共设施的评论,448,酒店给升级了套房，小孩很高兴，缺点是套房没有浴缸，不能尽情地耍了，酒店泳池没有儿童的设施，小孩玩了一会就没兴趣了，30楼的行政酒廊不错，酒店瀑布餐厅挺有特色，还有很多大锦鲤,花园双床房,双床房
444,关于前台服务和整体满意度的评论,449,"第一次入住广州花园酒店，选择完全正确。大堂很宏伟，金碧辉煌。前台ECHO小姐姐看我们路途劳累，特意送了行政酒廊的下午茶，很贴心。我们在行政酒廊又遇到了一位印度小姐姐Carrie和Berrle,没有想到又是以为的惊喜，印度小姐姐中文很棒，一直在了解我们的需求，还邀请我们第二天下午可以继续去行政酒廊喝下午茶，还为我们预约了时间。因为我们有事去不了，感觉有点遗憾，喜欢花园酒店，下次我们会再次入住。再次感谢印度美女姐姐的热情服务。",红棉双床套房,套房
445,关于前台服务和客房服务的评论,450,中秋假期带家人出行，入住了美丽的花园酒店，得到了用心用情的照顾，全家人都十分满意。特此感谢根据我们需求帮我们办理入住的Cassie女士，感谢带我们参观游览26个打卡点的金牌导览Hohn先生，感谢为我们送上手写信件和中秋月饼的客房房口部迎送岗 Adeline女士。你们的专业非常值得称颂，下次来广州，一定会再次入住的。也祝你们中秋节快乐！,花园大床房,大床房
446,关于性价比和交通便利性的评论,451,房间64平，宽敞。服务热情周到。环境优美，装修大气，作为白金五星酒店性价比很高，出行方便，只要不去长隆玩，离广州所有玩的地方，像永庆坊，陈家祠，海心沙，沙面，北京路，圣心大教堂，珠江夜游都不远。,红棉大床套房,套房
447,关于房间设施和前台服务的评论,452,酒店已经三十九年了，但很多硬件设施还是很好，工作人员的服务也很棒！特别30楼行政酒廊的Carrie，Kitty和Rose，服务热情周到，赞！,花园大床房,大床房
448,关于公共设施和整体满意度的评论,453,酒店很有历史厚重感，大堂很气派也维护地很好，房间偏小但是重新装修后挺温馨，泳池桑拿冰水池等等设施很完善，床品枕头都很舒服合适，墙面柜子个别地方有点点发霉的地方可以加强维护，另外还有漂亮小花园和酒店博物馆整个入住的体验都很愉快休闲放松。,花园双床房,双床房
449,关于客房服务和餐饮设施的评论,454,对花园品牌从未失望，广州花园酒店更是意外之惊喜！感谢贴心客房管家，热情的客房清扫员，和一楼瀑布餐厅，30F酒廊的优质餐食，下次来广州依然会选择花园酒店！,花园大床房,大床房
450,关于整体满意度和餐饮设施的评论,455,第一次入住传说中的白金六星级酒店，其他两家都住过；环境确实被惊艳到了，房间也很棒，行政酒廊的早餐非常棒，只是早餐厅服务员的态度就很牵强了，没有亲和力的服务，站门口对客人也是不理不睬的，这点是有待提升的,花园大床房,大床房
451,关于整体满意度和前台服务的评论,456,特别好的酒店，每一个人都很专业。服务热情周到。房间干净整洁。娃的玩具临走之前落在了酒店房间里，打电话给酒店，也给找到并且快递到家了。酒店地理位置也很好。,花园双床房,双床房
452,关于前台服务和整体满意度的评论,457,环境很好，特别是大厅很大气，而且服务态度都很好！非常感谢Ariel.winnie.kitty.三人都很专业，笑容甜美，看到带了孩子还帮升级了房间，孩子玩得很开心，下次来还会入住,花园双床房,双床房
453,关于性价比和整体满意度的评论,458,一走近大堂就可以用金碧辉煌来形容，国庆假期价格也没有特别夸张，和隔壁的连锁酒店就相差了一百块左右，毫不犹豫选择了这家,花园大床房,大床房
454,关于整体满意度和交通便利性的评论,459,广州花园酒店人气很足，是老牌五星级酒店。交通方便，房间干净卫生，早餐丰富。Cecilia很热情，服务很好，还免费升级了房型，太满意了！下次来广州还住花园酒店！,花园大床房,大床房
455,关于前台服务和整体满意度的评论,460,每次出差都特别喜欢住花园酒店，无论是地理位置，卫生条件，尤其是服务水平，在这里要特别表扬前台接待Mancy，态度热情周到，业务也非常熟练，下次出差还是会选择住花园酒店！,花园大床房,大床房
456,关于整体满意度和前台服务的评论,461,"五星级酒店 就是方方面面都具到
服务 硬体 都是恰如其分的五星等级
下次还是要来住",花园大床房,大床房
457,关于前台服务和客房服务的评论,462,接待热情周到！客房服务细心！设施略显老旧但依旧掩饰不住老牌五星级酒店的风采！下次再来时期望能给我留下更美丽的印象！,花园双床房,双床房
458,关于前台服务和整体满意度的评论,463,这次的旅程很满意，在花园酒店入住很愉快，并且这里的服务很好，在行政酒廊里Mira Beryle和Cathy的服务态度的都很不错，这里很环境景色都不错。,花园双床房,双床房
459,关于房间设施和公共设施的评论,464,"房间设施完备，入住客人可以在地库免费停车。酒店后面的花园之大超乎我的预期。行政酒廊的Carry服务热情周到。早餐也不错。
下次来羊城还会选择这里",花园大床房,大床房
460,关于前台服务和餐饮设施的评论,465,"服务很好，免费升级了套房，行政酒廊的Kan Chan, Deepa, Beryle, Mira都很nice，下午茶和欢乐时光都很丰盛，整体入住体验非常好！值得推荐！",花园双床房,双床房
461,关于前台服务和整体满意度的评论,466,"这次在酒店的入住体验真的格外舒心，前台 Betty 和礼宾 Roy 提供的优质服务给我
 前台 Betty办理入住手续时，她的操作既熟练又迅速，每一个环节都耐心细致地为我们讲解，还主动告知酒店的各项设施以及相关注意事项，让初来乍到的我们对接下来的住宿安排一清二楚。而且，无论我们提出什么样的问题，她总是能第一时间给予专业且周到的解答，那种耐心和热情自始至终都没有丝毫减退，哪怕是面对酒店入住高峰期，她也能有条不紊地应对每一位宾客，服务质量丝毫不打折扣，真的特别让人钦佩。还有礼宾 Roy，他同样给我们留下了深刻的印象。刚到酒店门口，Roy 就热情地迎了上来，主动帮忙拿行李，动作十分麻利又小心翼翼，让人感觉自己的物品被妥善照顾着。在引导我们前往房间的途中，他还一路热情地介绍酒店的特色之处，让这段路程变得轻松又愉快。不仅如此，在我们后续出行需要帮忙叫车或者咨询周边景点信息时，Roy 也总是能迅速给出实用的建议，帮忙安排得妥妥当当。
 谢谢 Betty 和 Roy 用他们的专业素养、热情态度以及无微不至的服务，为我们打造了一次难忘的酒店入住体验，也期待下次再来。",花园大床房,大床房
462,关于前台服务和整体满意度的评论,467,酒店金卡会员升级了房间，前台Arrie和Wnnie服务挺好的。行政酒廊Carrie和Echo很热情，欢乐时光比下午茶多东西吃，房间确实是有一些年份了，很干净，但也有一些老化的部分。总的来说还是很不错的，下次再来。美中不足的是入住时没人帮忙拿行李，五星级酒店不应该啊！,花园大床房,大床房
463,关于客房服务和餐饮设施的评论,468,四年前住过这次来广州还是入住了这家酒店，本来是会员可以升房间的但是十一期间房间很紧张没有给我升房间，但是送了3天的早餐，特别要说一下客房服务员刘美丽很贴心因为天气热每天都会给我们补充足够的饮用水。,花园双床房,双床房
464,关于整体满意度和房间设施的评论,469,历史悠久的酒店，深藏着文化底蕴。门面气派，环境一流，服务也特别好，很热情粤韵大床套房很新很干净，住了很舒服。,花园双床房,双床房
465,关于整体满意度和前台服务的评论,470,这次来广州听取老婆意见试试老牌五星酒店，从进酒店开始礼宾到服务员都很热情礼貌，太nice了房间是一厅一房特别的舒适。这次入住真的是我来广州住的最舒服的一次，酒店本身就是一个可以逛和参观的地方，它的底蕴真的是其他酒店无法比拟的。,花园大床房,大床房
466,关于交通便利性和房间设施的评论,471,酒店处于市中心  交通便利  打车方便  门口就是地铁环境非常优美  到处都是好闻的香味  酒店管理非常到位  服务热情周到  房间床品非常舒适  房间设施唯一不足是卫浴半开放  洗澡要跨进浴缸  和厕所的门是公用移门  使用起来有点尴尬  酒店早餐非常丰盛  品种很多  酒店内也有几个特色餐厅  看上去也不错,花园双床房,双床房
467,关于客房服务和体验的评论,472,"服务员兰英
服务热情、周到，看到酒店送的花后，主动拿来了花瓶插好，并写了一张热心卡片。",花园双床房,双床房
468,关于餐饮设施和整体满意度的评论,473,广州老牌酒店 很大 还有很多类型的餐厅。还有米其林二星西餐厅。 赶上广交会 好多友人入住,花园大床房,大床房
469,关于前台服务和整体满意度的评论,474,太满意??啦 到达前管家Rita就开始联系我 为我推荐餐厅和服务 到达后前台给免费升级了套房 最满意的是大床 睡了一个好觉 下次一定会继续入住的！,花园大床房,大床房
470,关于性价比和餐饮设施的评论,475,订的红棉套房套餐。优惠较多，性价比极好。3楼桃园餐厅菜品不错，但价格有些贵，但套餐送了些餐券儿，还好。服务人员很nice。,红棉大床套房,套房
471,关于周边配套和前台服务的评论,476,酒店位置不好，周围吃饭选择很多，所有工作人员都很热情，会主动打招呼，礼宾部Eva服务很好很热情。酒店早餐也不错，品质很高，房间是有点老了，但是维护的还不错,花园双床房,双床房
472,关于前台服务和客房服务的评论,477,这次是我第二次入住花园酒店，体验依旧无与伦比，必须给个满分好评！ 从前台办理入住起，前厅部副经理吴灵伶就展现出了非凡的专业与贴心。得知同行有老人家，她精心为我安排了安静舒适的房间，让我们一进酒店就感受到满满的关怀。到了房间，楼层服务员Adan更是细致入微，了解情况后迅速为我额外准备了几块地巾，以防老人滑倒，这一举动真的太暖心了。酒店房间设施设备一如既往地齐全，各种用品一应俱全，完全满足了我们的需求，每次入住都有喜出望外之感。 可没想到，3月25日晚上，家人生病了，情况紧急。酒店值班经理Yannis得知后，毫不犹豫地忙前忙后，安排人员带着老人家前往医院，一路悉心照料。礼宾部的罗家俊也不辞辛劳，专门陪同到医院，帮忙处理各种事务。他们的热情与担当，让慌乱中的我有了十足的安全感。真心感谢花园酒店的吴灵伶、Yannis、Adan、罗家俊，因为你们，让我在这异乡感受到了家一般的温暖，下次出行，我依然只选花园酒店！,花园大床房,大床房
473,关于整体满意度和房间设施的评论,478,广州花园酒店，环境优雅宜人。房间宽敞舒适，设施齐全。餐饮丰富美味，服务周到热情，是来广州住宿的绝佳之选。??,红棉大床套房,套房
474,关于交通便利性和餐饮设施的评论,479,酒店环境非常不错??是一座可以逛的酒店。地理位置优越，交通方便。工作人员热情主动，顶层的360度旋转餐厅吃早餐很惬意，有烟熏三文鱼，沙发有些脱皮了,花园大床房,大床房
475,关于餐饮设施和交通便利性的评论,480,"不错，带娃床有点小。早餐很不错
连住2晚，一早瀑布餐厅，挺丰富的
第二天早上换桃园厅，阳光精致早餐
离地铁口很近，出门非常方便",花园大床房,大床房
476,关于整体满意度和前台服务的评论,481,临时决定入住，酒店免费升档成套房。服务、环境和自助早餐一流，顺带参观了四楼的酒店博物馆，非常值得看看，了解下广州众多著名酒店的前世今生。,花园大床房,大床房
477,关于交通便利性和整体满意度的评论,482,交通方便，服务不错，房间小巧精致，4楼博物馆和花园小朋友很喜欢，打卡的活动小朋友也很喜欢，体验还不错。,花园大床房,大床房
478,关于整体满意度和卫生状况的评论,483,酒店非常不错，好评，干净卫生，下次还会住这里，酒店服务人员态度也很热情，尤其是前台 非常周到，服务态度很好！！！！。,花园大床房,大床房
479,关于房间设施和餐饮设施的评论,484,"kiki小姐姐的服务特别好，酒店房间很大，床品舒适，酒店后面的瀑布花园设计，很有特点。
酒店入住了很多外国人，早餐有小牛排，行政酒廊晚上的品类会多些。",红棉双床套房,套房
480,关于餐饮设施和整体满意度的评论,485,酒店很豪华 早餐在瀑布餐厅拍照超好看 房间的镜子照的人也瘦 行政酒廊的沙爹牛肉串好吃 服务也非常好！开始我还想老酒店设施会不会陈旧，结果完全不用担心！,花园大床房,大床房
481,关于卫生状况和餐饮设施的评论,486,楼层过道和房间内部都不错，干净整洁。早餐是套餐制的，可以品尝地道广州早茶。接待的小姐姐和小哥哥们也都非常热情。,花园大床房,大床房
482,关于前台服务和客房服务的评论,487,房间紧凑吧还好，住老酒店看重的是服务品质，晚上九点多到店，问前台可以免费升级房型吗？前台说客房已满了抱歉，可以送你四份早餐吗（我们是两个大人两个小孩），这突来的惊喜确实把我惊了一跳（早餐单价是2百多一点一位），第二天孩子要游泳，致电前台可以免费延时退房吗？前台回答可以的这边给你延时到两点退房，随后叫客房服务员拿件小孩浴衣，结果不仅拿了浴衣还拿了小孩的洗发水和沐浴露，这服务真是太贴心了，特别说一下这个酒店的游泳池很棒，泳池边的三个救生员让你能安心把孩子放在那里玩，还有免费的饮品喝哦。酒店门口随时有出租车等候，出行太方便，下次还会入住。,花园双床房,双床房
483,关于房间设施和公共设施的评论,488,酒店环境非常赞????，尤其是后花园和博物馆，就是酒店的设施有点老旧，尤其是是插座要么插不上去，要么插上去了会松掉，还有大堂竟然没有可以坐的座位，不是很人性化,花园大床房,大床房
484,关于整体满意度和前台服务的评论,489,环境优美，服务态度很好,花园大床房,大床房
485,关于退房/入住效率和餐饮设施的评论,491,老牌的五星酒店，虽然年代久远，却维护得很好，只是房间狭小，设施陈旧，房间空间矮，这个没办法，硬伤，但是酒店环境挺好，楼上的博物馆值得看看。先说入住，没有半个小时也有二十分钟，等得太久了，小姐姐一人送了两只康乃馨表示歉意，这个速度得提高，退房五秒，交卡就走。30楼的旋转早餐厅很好，没有人来人往的嘈杂，比较安静，需要等位但是不久，唯一这里让我不太痛快的就是明明鸡蛋里加的料都是我一个个点的，怎么我后面来排队的老黑就先拿了，留我愣在那，然后厨师又重复一遍我要加的东西给我做好，我去国外好像也没得到太多优待吧，国内还被区别？？那我就干脆专找外籍服务生服务吧，两个貌似印度人的员工态度都很好，耐心的帮我拍照，名字忘记了。最后一点，酒店很贴心的送了一大盘水果，可惜，除了火龙果其他的都酸掉牙，采购部门用点心啊,花园双床房,双床房
486,关于卫生状况和整体满意度的评论,492,房间整洁干净，有宾至如归的感觉，不愧是老牌五星级酒店，尤其是酒店居然有博物馆，给孩子们提供了参观场所,花园大床房,大床房
487,关于前台服务和整体满意度的评论,493,"这次来广州听取老公意见试试老牌五星酒店，从进酒店开始礼宾到服务员都很热情礼貌，这里要重点谢谢办入住的帅哥Tony 接待热情耐心听我说要新点房间直接就帮我升级粤韵大床房,是我原来订的房型的一倍价格，太nice 了房间是一厅一房特别的舒适。这次入住真的是我来广州住的最舒服的一次，酒店本身就是一个可以逛和参观的地方，它的底蕴真的是其他酒店无法比拟的。",花园双床房,双床房
488,关于卫生状况和房间设施的评论,494,住了第一晚就开始出疹，痒的要死，一开始没在意，后面越来越厉害，房间也是洗水池脏的要死，房间里设施陈旧，一点都标不起五星酒店的称号，希望大家避雷吧,城央绿意双床房,双床房
489,关于整体满意度和交通便利性的评论,495,每次去广州首选花园酒店，服务态度好，酒店环境好，尤其是酒店一楼的花园老人孩子都喜欢，交通也十分方便？,花园双床房,双床房
490,关于前台服务和体验的评论,496,地道老广州，粤语服务有味道,花园双床房,双床房
491,关于前台服务和餐饮设施的评论,497,"服务：Echo,beryle,mira,Cathy非常棒

广州花园酒店设施完善，大堂历史悠久。
大堂非常的富丽堂皇，房间也不错，行政酒廊服务更是没的说，然后广州花园酒店的位置离地铁站也非常的近。然后离北京路，越秀公园，动物园，珠江新城，越秀公园，天河区都挺近的，去广州塔也不远，酒店很棒，尤其要点名表扬酒店三十楼行政酒廊，行政酒廊的小姐姐们，Echo,beryle
,cathy,mira,kitty,gretta,kanchan,她们都非常的贴心，善良，美丽，大方，这次入住体验非常的棒，因为有她们他们每一个小姐姐的笑容都很甜，其中一进来Beryle就热情的接待我们，给我们介绍酒店哪里有好玩好吃的地方，Echo也会非常积极的服务，我们看到什么空的盘子啊都会过来询问我们，然后询问要不要收走。中秋节入住期间，行政酒廊有给我们送了月饼，让我们真情实意的感受到了中秋的氛围。Carrie是一个印度人，他的中文很棒。这都让我们感到非常舒服，你们的服务态度也很好，租个台也很热情，打招呼能感受到30楼的服务意识都很好，看着这一群可爱的小妹妹们的校友，我们用餐的也很开心,我们介绍了酒店的26个打卡点，有博物馆还有后花园的打卡点，因为广州花园酒店有他们，所以过年我也会回来广州花园酒店入住的，希望下次回来入住，还能看见Echo,Carrie,kitty这群小姐姐们
过年见

设施：很棒",花园大床房,大床房
492,关于交通便利性和前台服务的评论,498,广州花园酒店环境很好，周围出行也非常方便，出门就是地铁口。一进入大堂，金碧辉煌的壁画映入眼帘，前台宾客关系经理lavinia 零零热情好客，迅速为我办理入住，漂亮温柔的小姐姐！广州花园酒店作为一家已开39年的历史悠久的酒店，房间整体维护还可以，房间水龙头开大的话水会溅出来，建议改进。服务加满分！,花园大床房,大床房
493,关于公共设施和房间设施的评论,499,还可以吧，有一些外国人进进出出，空调打的比较冷，后面那个小花园还是比较漂亮，早上打打太极拳很棒！,花园大床房,大床房
494,关于卫生状况和前台服务的评论,500,房间卫生干净，服务很好，原来房间有一些小瑕疵，直接帮我们免费升级了房间，就是酒店比较老旧，周边交通很方便，地铁口就在酒店门口，酒店环境也非常好，早餐也可以,花园双床房,双床房
495,关于前台服务和房间设施的评论,502,"看了各个平台的评论加上有岭南金的会员卡才来订的酒店，但入住感觉很一般。入住时报了金卡会员号，前台没有任何关于金卡会员的介绍。客房没升级、免费早餐也不提、酒廊礼遇还是在我特意询问后才给了一张一个人的礼遇卡。什么欢迎水果，入住三天毛都没看见。我也是开了眼了！
但是酒店装潢很漂亮，公共设施维护很好。只是客房卫生间反味，房型过于紧凑。给娃买了毛绒纪念品，小姐姐得知我们不用开发票直接给我个人微信二维码让我缴费……呵呵了……",花园双床房,双床房
496,关于性价比和整体满意度的评论,503,环境不错 但是价格有点高 里面有个博物馆 可以参观一下 总体还不错 缺点大堂没有休息的地方,花园双床房,双床房
497,关于整体满意度和餐饮设施的评论,504,"各区域的服务很细致
早餐出品不错
房间整体不错，舒适干净，唯独空调有噪音大，但还可接受。
泳池的设施设备也还行，但少了些泳衣泳裤甩干服务（虽然有塑料袋配）
FO Rebecca & Chef Ricky very nice
酒店内的博物馆不错值得看看",花园大床房,大床房
498,关于景观/朝向和体验的评论,505,金碧辉煌 园林幽雅,红棉双床套房,套房
499,关于交通便利性和餐饮设施的评论,506,酒店位置极佳，出门就是地铁，出行非常方便，酒店早餐的旋转餐厅也非常有特色，餐食丰富。酒店套餐中赠送的下午茶和欢乐时光，也很精致。,花园双床房,双床房
500,关于房间设施和餐饮设施的评论,507,红棉双床房，房间很大，舒适，科技感十足，瀑布餐厅的自助早餐品种丰富，中西合璧，很是可口。携程上买的套餐，很划算。,红棉双床套房,套房
501,关于整体满意度和前台服务的评论,509,花园酒店属罕见的城区花园式酒店，山水园林特别吸舒适，大堂辉煌有特色吸引眼球。借此机会还参观了博物馆了解酒店的历史底蕴。每到一处服务人员都很温柔礼貌，细心体贴。感谢酒店前台Gillian免费升级了红棉大房，还赠送了下午茶，如果房间能见到园林就更好了。下次还是会入住。,花园双床房,双床房
502,关于客房服务和餐饮设施的评论,510,带父母和宝宝休假，房间无烟很安静，但空调口上方的墙壁发霉了没有清理。楼层房间的清洁阿姨和服务人员特别好。桃园馆的早茶的牛奶因为天气热了有点发酸，没有宝宝的餐具提供，而且有一个穿深蓝色西装的**男领班不会收餐盘，上水果时因为桌上有很多宝宝用过的纸巾和空盘子，当着客人的面很为难和不耐烦的叹气，好像不知道怎么处理似的，还需要我主动把一个空盘子递给他拿走才处理好，令人感觉很不舒服，服务意识和水平很低。服务细节需要提高培训。瀑布餐厅和荔湾亭的餐食和服务很满意，宝宝正在好动的年纪，但服务员对宝宝很有耐心，有很高的服务意识，餐食也很新鲜美味。前期打酒店电话预约时感觉接电话的服务人员和餐厅沟通协调不是很好，没有及时帮忙预约餐厅位置。到店后遇到的服务人员总体还不错。,花园双床房,双床房
503,关于整体满意度和前台服务的评论,511,带两个小孩 询问后给升级了房型 酒店很漂亮很高大上 早餐也很丰盛 各个服务员态度都很友善 笑脸相迎 很愉快的体验 有机会还是会选择这个酒店,花园大床房,大床房
504,关于性价比和整体满意度的评论,513,太满意了，性价比极高，服务巨好。体验感极佳，行政酒廊的小姐姐（名字如图）又漂亮又温柔，客房，硬件都非常优秀！住了2晚换了希尔顿，后悔中……,花园双床房,双床房
505,关于整体满意度和公共设施的评论,514,广州花园酒店，一家有着历史文化感的酒店，一家来了后会让你惊艳的酒店，一家需要专业讲解的酒店，一步一景，从金碧辉煌的大堂壁画到瀑布餐厅，后花园，到酒店自带的博物馆，都给人无限惊喜。床品很舒适，睡的很舒服，酒店服务很周到，给我们送了早餐和下午茶。特别感谢三十楼旋转餐厅的CARRIE和大堂的HENRY（带我们一路参观讲解酒店的历史文化景致，孩子很喜欢听）。总之，很值得入住的一家老牌酒店，适合亲子家庭出游入住，下次来还会选择。,花园大床房,大床房
506,关于餐饮设施和整体满意度的评论,515,偶然花园暑假推出特惠套餐，时隔几年再次带妹来打卡，非常惊喜，推出打卡点活动，参观酒店博物馆，晚上在荔湾亭任点任食茶点，早上望着瀑布品尝丰富早餐，一系列活动令行程丰富多彩，宝宝乐而忘返,花园双床房,双床房
507,关于前台服务和客房服务的评论,516,"服务我真的是想打超五星的评价，太贴心了，非常友好。
不过确实毕竟是老酒店，电话坏了我一直打不通联系不到前台，只能使用自己的手机，报姓名确认身份。
我们是带娃入住，说明之后准备了儿童拖鞋以及洗浴用品，非常感谢。离开的时候因为我们带娃涉及到睡午觉还给我们延迟退房到2:00。
总体我觉得是性价比很高～从入住到离开感受到了五星服务。",花园双床房,双床房
508,关于房间设施和整体满意度的评论,517,广州的老品牌高档酒店，商务出差，来到这里下榻。总体的感觉还是挺不错的，大堂富丽堂皇，房间干净清新，只是房内的设施稍显陈旧，客房大楼没有负一负二层，得到另外一个地下停车场停车，其他都挺好的。,花园大床房,大床房
509,关于房间设施和体验的评论,518,房间插头很少，电视遥控极简模式很不方便操作。,红棉双床套房,套房
510,关于餐饮设施和前台服务的评论,519,非常满意的一次住宿体验，原本是为了酒店中的米其林餐厅来的，从到店接待的服务，每日清洁服务，多样化的早餐选择都让我重新认识了花园酒店，酒店自有的博物馆让我非常震撼。,花园大床房,大床房
511,关于整体满意度和前台服务的评论,520,"带着父母入住，他们很满意，宾至如归。碰巧是我自己的生日，酒店给的情绪价值也是非常到位了，谢谢。
停车很方便。员工也很礼貌。",红棉大床套房,套房
512,关于房间设施和卫生状况的评论,521,房间干净卫生，细节满满，还有文具盒。有??还提供浴盐，拖鞋很舒服。酒店内设计有博物馆很有特色。后花园很大很漂亮。赠送的小羊玩偶很可爱??,花园大床房,大床房
513,关于整体满意度和交通便利性的评论,522,"年味超浓~交通便利~后花园儿环境优美~下次来广州还住这里。
前台瑞贝卡特别nice，服务特别耐心细致~",花园大床房,大床房
514,关于交通便利性和餐饮设施的评论,523,昨天交通很便利，门口就有地铁。服务非常周到，每层都有服务员。购买的套餐在楼顶的旋转餐厅吃早餐感觉很好。后面有一个很大的很美的花园。,花园大床房,大床房
515,关于整体满意度和前台服务的评论,524,"?? 广州花园酒店——一场无与伦比的入住体验 ??
 
朋友们，我刚从广州花园酒店回来，心情还沉浸在那无比美妙的时光里！必须要跟大家分享一下我这次超赞的入住经历！
 
当我踏入广州花园酒店的那一刻，就仿佛走进了一个充满魅力和故事的世界。酒店那悠久的历史气息扑面而来，每一处细节都仿佛在诉说着过去的辉煌，让我心生敬畏和好奇。
 
不得不提的是酒店的博物馆，这简直是一个隐藏的宝藏！在那里，我仿佛穿越了时空，领略到了酒店一路走来的风风雨雨，以及背后蕴含的深厚文化底蕴。那些珍贵的展品、精彩的介绍，让我对这座酒店有了更深层次的认识和理解。
 
而行政酒廊更是给我带来了惊喜不断！舒适优雅的环境，丰富多样的饮品和小吃，每一口都是极致的享受。在这里，我可以放松身心，尽情地享受属于自己的惬意时光。特别是主管carrie，美丽的印度小姐姐（周三还有来自尼泊尔的Kanchan小姐姐），提供了非常好的服务，happy hour的氛围很好，人也不多，顶楼可以看到广州老的CBD环市东的风景
 
但最让我感到温暖和满意的，还是酒店工作人员那无与伦比的热情态度。从进门的那一刻起，每一个微笑、每一句问候，都让我感受到了家一般的亲切。他们总是能在第一时间满足我的需求，无论是解答疑问还是提供帮助，都表现得专业而贴心。
 
还有酒店那美丽的花园！漫步其中，花香四溢，绿树成荫，仿佛置身于人间仙境。在这里，我可以暂时忘却外界的喧嚣和烦恼，尽情地享受大自然的恩赐。
 
总之，在广州花园酒店的这次入住体验，无论是硬件设施还是软件服务，都堪称完美。我真的非常喜欢这里，已经迫不及待地想要再次回来！强烈推荐给大家，相信你们也一定会爱上这个充满魅力的地方！",花园大床房,大床房
516,关于房间设施和客房服务的评论,525,房间有点小，床品不错，还贴心地提供了荞麦枕。服务一如既往地好。,城央绿意大床房,大床房
517,关于前台服务和卫生状况的评论,526,进门的香水味有点浓，外宾比较多，工作人员服务还不错，房间卫生也不错，隔音我觉得没有其他评价说的那么差，位置也方便，就是开窗需要工作人员来开比较麻烦。,红棉双床套房,套房
518,关于前台服务和餐饮设施的评论,527,"感觉这酒店是给歪果仁开的
服务很一般（清扫服务员除外）
台灯坏了，打电话半天没人接，接了态度也不好，来人换灯进门不打招呼换完带有怨气的走了
硬件设施不错，估计这也是评上金榜的原因
但是房间一般，泳池一般，服务员高高在上。。。
瀑布餐厅更是可笑，明明他能去抢，但是他偏偏给你安排了一个外面摊位味道都不如的自助餐给你换钱",花园双床房,双床房
519,关于前台服务和客房服务的评论,528,花园酒店虽然经常光顾荔湾亭餐饮，住房还是头一次。酒店服务的确不错，无论进大堂门口，还是礼宾部，再进服务台前的礼仪小姐到服务台的登记，都是笑脸相迎，中途叫外卖在礼宾部那里收货，站开关门的小姐姐看到我行动不太方便主动帮忙提上客房，特别的感动。21楼兰英客房服务员每天不辞辛劳的打扫卫生，每每出去游玩回来之后，都有宾至如归的感觉。十天的旅游行程转眼就过去，到了退房时间，一大早21楼朱小姐的迎送、礼宾部刘先生帮忙把行李拿到礼宾部暂存，酒店无论是环境还是接待，都是一流的服务质量，下次有机会还是我首选的住宿地方。设施虽陈旧一点，其他都很好。,花园双床房,双床房
520,关于餐饮设施和整体满意度的评论,529,升级住了红棉双床房，房间很大，送的迎宾点心很精致。酒店的环境非常好，玩携程铂金的行政酒廊在30楼旋转餐厅，早餐非常丰富，下午有点心水果和饮料。行政酒廊的Carrie是印度人，中文讲得很好，也非常热情。,花园双床房,双床房
521,关于公共设施和整体满意度的评论,530,各方面都不错，有很多打卡点！大堂壁画和中国风的文化装饰值得体验！更值得惊艳的是藏在酒店里的博物馆！令本土广州人回忆了一把！,花园双床房,双床房
522,关于整体满意度和体验的评论,531,十一假期在花园酒店度过了两个晚上，我们一家都觉得很满意，以后有机会还会继续入住。,城央绿意双床房,双床房
523,关于前台服务和整体满意度的评论,532,服务满分，酒店活动送的小羊很可爱，自带的花园很漂亮，早餐也不错。掉了一根电源线在酒店马上联系我快递过来，体验感很棒。,红棉双床套房,套房
524,关于整体满意度和房间设施的评论,533,房间很干净不错，床非常柔软舒适，整个酒店的人员服务非常到位（点名echo哦！），不愧是白金五星酒店，感觉服务人员比宾客还要多！,花园大床房,大床房
525,关于前台服务和卫生状况的评论,534,"服务：很体贴 虽然办理入住时有点麻烦 但后期都解决

卫生：很干净中午办理的入住 都能及时打扫干净

设施：已经是老牌的五星酒店了 以往我更偏向对于新的酒店 这次是朋友要来临时找的 起初还是有点担心 但入住过后发现很棒 所以说酒店设施各方面无论不关岁月长短 跟管理层很大关系 为你们点赞????
环境：如若有点不怎么喜欢的是花园那块 环境幽雅但就是太多网红了 想去休息逛逛一堆网红在拍拍",花园大床房,大床房
526,关于前台服务和公共设施的评论,535,酒店公共设施装修的很好，酒店工作人员非常礼貌、周到??，连按电梯都有专门服务，我们准备 中午十二点退房时，航司短信提示延误 2 个小时，酒店特意安排我们可以延迟退房，这个太贴心了??????。但是缺点还是要说的，客房内部装修有点老，希望酒店能够将客房内部装修再提升下，以后再来还会选择入住。,花园双床房,双床房
527,关于前台服务和整体满意度的评论,536,酒店大堂富丽堂皇，服务宾至如归，有人主动帮忙提行李，开门，连电梯口也有服务员帮忙按电梯，前台的小姐姐isabella不仅人漂亮热情服务周到，而且还帮我升级了房间，太开心啦！以后过来旅游还会住这家酒店的。,花园大床房,大床房
528,关于前台服务和整体满意度的评论,537,前台小姐姐Viria人超nice，看到小朋友免费升级了房间还赠送了小朋友的早餐，房间也很干净整洁大气，花园酒店博物馆也很有意思，酒店充满中国传统文化和西方文化元素的完美融合，金光闪闪的太豪了，还有很多好吃的餐厅，很棒！,花园大床房,大床房
529,关于房间设施和安静程度的评论,538,床垫很舒适，房间也很安静！入住过很多次了，很多房型都住过，每次去体验感都非常棒！下次还会选择推荐！,花园双床房,双床房
530,关于餐饮设施和前台服务的评论,539,3楼的旋转餐厅是亮点，每次出差我都住花园酒店，接待都是外籍加英文服务 非常国际化，老牌广州高端酒店，周边餐馆也很多,花园大床房,大床房
531,关于前台服务和整体满意度的评论,540,这次入住广州花园酒店体验超棒！必须夸夸前台的Rem。从踏入酒店的那一刻起，Rem就热情相迎，脸上洋溢着真诚的笑容，瞬间驱散了旅途的疲惫。办理入住时，他业务非常熟练，快速又高效地处理好了各项手续，还耐心解答我各种问题，给出游玩和用餐建议。Rem用专业与热忱诠释优质服务，让我有宾至如归之感，下次还选广州花园酒店 ，也期待再遇Rem ！,红棉大床套房,套房
532,关于前台服务和卫生状况的评论,541,房间非常干净。特别是前台小姐姐吴灵玲的服务非常令我感到满意??，让我体会到宾至如归的感觉。给她点个赞！,花园大床房,大床房
533,关于前台服务和整体满意度的评论,542,之前看评价，说有什么霉味，心中有些许忐忑，结果到达第一天，踏进酒店的第一步就消除了所有顾虑，前台工作人员Vann（不知道名字是否正确？）帮忙升级了两间房，房间非常漂亮舒适，设施也很齐全，房间收拾的非常精致干净，工作人员也很友好，几乎每层楼都有工作人员帮忙按电梯，入住非常满意！后来因为航班取消，因为有老人，跟酒店商量，原房续住，工作人员很快速地帮忙协调解决，非常感谢！酒店的后花园环境很好，就是蚊子有点生猛，哈哈??,花园双床房,双床房
534,关于交通便利性和房间设施的评论,543,"环境：酒店就在地铁口附近，很方便。酒店外部环境和内部装修陈列很讲究的。酒店外被绿色的植物包围和点缀，自然和谐；酒店内部随处可见的艺术品和讲究的装修设计，更让我对这家酒店有了新的认识。
设施：虽然开业很久，但是维护很好，根本不像其他老酒店一样，用陈旧的设施和老气装修来体现酒店“年代”和“经典”。各种设施设备配套很完善，不过还是有一点意外房间客厅电视屏幕有问题，希望及时检查维修；房间衣柜门开关的凹槽位置太锋利了，很容易划破手。
服务：从大堂的迎宾，到电梯口的员工，让这份服务从进入酒店就开始了，感觉无处不在。但是，好像去早了没房间，规定必须两点入住，无论是节假日还是工作日，去早了就要被 upsell ，虽然没多少钱，但是好像别人替我已经做好了选择。已经有点累了，还是加钱升级了，入住后才看到别人的会员金卡原来可以免费升级。
其他：早餐选择比较多，旋转餐厅景色也很好。
总的来说我很建议外地来广州的朋友去体验一下，感受来说比万豪希尔顿凯悦不一样，纯住宿角度来说也比白天鹅更推荐。",花园大床房,大床房
535,关于前台服务和餐饮设施的评论,544,家庭出游，订的套餐，服务非常好，提前打电话准备好房间，提醒天气情况。早餐偏西式，选择在瀑布餐厅，餐后后花园散散步，很惬意。,花园双床房,双床房
536,关于客房服务和交通便利性的评论,545,广州有点热，客房服务很贴心多准备了饮用水。第一天看演唱会，第二天出去玩原本回来想问客房多要几瓶水的，没想到都准备好了，非常满意。酒店很漂亮，出行便捷，门口就有地铁站。,红棉双床套房,套房
537,关于前台服务和餐饮设施的评论,546,在预定前就了解到花园酒店的背景，也考虑到酒店因为装修比较老旧可能会有一些体验上的不足。但实际入住后觉得一直被惊喜到。酒店迎宾很体贴，能看到我（其实并未主动提出）的特殊入住需求，也给了很多实用建议。房间虽然不大，也没有智能马桶，但对我提出要除湿机马上就能响应。酒店的早餐很惊艳，虽说是网红餐厅但并没有因为客人众多而服务有任何缺失，其他餐厅预定也很方便。一层的花园人非常少，吃完早餐去溜达一下很悠闲。酒店位置也非常便利，出门就是地铁，周围都是餐厅，不想出门就订外卖，外卖柜位置虽然隐秘但知道在哪里后就挺好找的。,花园大床房,大床房
538,关于前台服务和交通便利性的评论,547,非常好的老牌五星级大酒店，前台接待服务非常热情，房间干净整洁。离地铁站非常近出行非常便捷，小孩在游泳池游泳体验非常好。,花园双床房,双床房
539,关于整体满意度和体验的评论,548,挺不错的，下次还会住这里??,花园双床房,双床房
540,关于前台服务和景观/朝向的评论,549,服务一级棒，两间房给换成套房，28楼视野无敌。国庆出游，体验感很不错。,花园大床房,大床房
541,关于房间设施和前台服务的评论,550,"40年的酒店，外观很久。
里面大气，设施房间一流。
服务更是很棒，老钱风的高水准。
特别是行政酒廊，服务热情主动，谢谢@Kitty。",花园大床房,大床房
542,关于整体满意度和体验的评论,551,"广州美到可以封神的酒店！
艺术，文化，自然和美食，均可在此领略。",花园大床房,大床房
543,关于交通便利性和前台服务的评论,552,酒店位置就在地铁口附近，出行方便，大堂非常漂亮，很多外宾住在这里，工作人员也有很多是老外，中文很英文都很好，服务态度也非常好,花园双床房,双床房
544,关于前台服务和整体满意度的评论,553,服务非常周到、环境优美，还给免费升级了行政套房、赠送了两张早餐卷。,红棉大床套房,套房
545,关于房间设施和卫生状况的评论,554,"设施：卫浴设施有点老旧，尤其是卫生间，冲水的时候总觉得水阀要坏了。

卫生：整体还不错
环境：很好，饭后在酒店里逛逛，当散步 
服务：服务员都很好，很细致很热心，看起来培训到位。",粤韵双床套房,套房
546,关于房间设施和整体满意度的评论,555,酒店大堂奢华，房间设施就过得去，房间略显成就，送下午茶点心,花园双床房,双床房
547,关于餐饮设施和卫生状况的评论,556,这次的酒店套餐活动非常好??房间干净整洁，早餐也很好吃，行政酒廊欢乐时光小食丰富，Carrie、Berlye服务很好,花园大床房,大床房
548,关于餐饮设施和整体满意度的评论,557,周末带小朋友玩，第二次来花园酒店，服务一如既往的好，有花园小桥流水，有丰盛的自助餐，空中旋转餐厅，还有沉淀历史文化的博物馆，,花园大床房,大床房
549,关于前台服务和整体满意度的评论,558,前台服务很热情，大堂造型很顶，入住时才知道花园酒店是中国三家白金五星酒店之一，还有个酒店博物馆。整体感觉不错。,花园双床房,双床房
550,关于前台服务和整体满意度的评论,559,前台生小姐妹态度很好，帮我升级了套房，送了行政下午茶 可惜只送了我这个岭客汇会员，总体是一次很不错的旅行。,花园双床房,双床房
551,关于餐饮设施和前台服务的评论,560,老牌五星级酒店，细节很有特色和文化底蕴，早餐在一楼和三十楼都可以，菜品很丰富，三十楼的旋转餐厅可360度观景，用下午茶时30楼行政酒廊的印度小姐姐carrie中文流利、热情大方，第二天早餐后还收到了全英文的祝福小卡片，下次还会入住。,红棉大床套房,套房
552,关于餐饮设施和前台服务的评论,561,老牌五星，环境服务一流。晚餐都在30楼行政酒廊解决，工作人员都很热情，就是出餐的种类可以再丰富一点就好了。,花园双床房,双床房
553,关于前台服务和整体满意度的评论,562,入住广州花园酒店是我在广东住的最满意的酒店，一进大堂，富丽堂皇！虽然是老五星，很有年代感，服务却很到位！后花园真的漂亮，小朋友特别喜欢，喷泉瀑布园林花草！特别是前台的小洪美女细心的在身份证上看到当天的生日，贴心的为我们免费升级了房间，让我们在酒店过了一个难忘的生日！真心感谢！还有迎宾的李雯美女，送了礼物给了我家的小朋友，谢谢你们！,花园双床房,双床房
554,关于整体满意度和前台服务的评论,564,"花园酒店，名副其实！环境真的很美，酒店的每处的花艺设计都非常高级！尤其是瀑布餐厅，只能用哇塞来形容了??????拍照巨出片！
再来夸一下服务，从到酒店大门下车，从迎宾开始的每一位工作人员都很有耐心，满脸笑容！真的让我体会到了宾至如归的感觉！因为是zijiz人带着1岁多的宝宝，有的时候来不及照看宝宝的时候，大厅里的工作人员都会帮忙照顾，非常贴心！
虽然花园酒店是老牌五星酒店，但是房间设施还是一样很好！唯一的建议就是希望贵酒店能够提供儿童围栏就更加完美了！",花园大床房,大床房
555,关于前台服务和周边配套的评论,565,"带爸妈一起出游，入住3晚的红棉套房，非常好的体验，前台的工作人员Winne Wei热情负责。

酒店保养了不错，比较新。打车去各景点都比较近，餐饮配套齐全，这点特别方便。留了一点小遗憾，来不及去打卡瀑布餐厅下午茶。",花园双床房,双床房
556,关于整体满意度和公共设施的评论,566,"白金五星，确实很棒，虽然年份有点久，但是各方面服务都很好，很多航空公司机组人员都住这里
泳池游泳，服务生很快就送上清凉饮品，真棒",花园双床房,双床房
557,关于前台服务和客房服务的评论,567,"中秋期间入住，十分令人惊喜的一家酒店，从前台Winnie的接待开始，就感受到了酒店热情热心的高水准服务。客服服务员的整理和打扫非常细致，早上刷牙不小心打碎了漱口杯、立即来帮忙现场处理。临走还收到了楼层引导员小李的祝福和小礼物。餐厅服务体验了两天的下午茶歇，行政酒廊以及早餐，一楼的服务较顶楼略逊色一点点，但早餐的选择和品质都很不错，完全弥补了服务上的不足。顶楼的服务员都很漂亮温柔，服务也很细致
真的很推荐大家入住噢！",花园大床房,大床房
558,关于餐饮设施和周边配套的评论,568,房间安排的非常好，早餐也很丰富，酒店内也是有可参观和玩的地方，附近有名的餐厅蛮多，不过酒店内的餐厅也很好。,花园双床房,双床房
559,关于性价比和前台服务的评论,569,很不错的酒店，性价比很高。工作人员很热情，我们一家三口出行，还特意免费升级了房间。贴心的给小朋友准备了儿童拖鞋，还多给了饮用水。,花园双床房,双床房
560,关于整体满意度和体验的评论,570,环境很一般,花园大床房,大床房
561,关于整体满意度和前台服务的评论,571,不愧是白金五星，不愧是花园酒店，服务很好，隔音也很好，比现在的新酒店真的不知道强多少，感谢ceclia，看到我们带娃帮忙协调房间，酒店餐厅也都很好吃，第二天花园的桂花太香了，真的很推荐,花园双床房,双床房
562,关于房间设施和前台服务的评论,572,房间设施非常好??前台服务小哥kasas服务也很周到，后花园很漂亮，大堂非常雅观！,城央绿意大床房,大床房
563,关于房间设施和整体满意度的评论,573,"满分好评，感谢Rebecca女士帮我们升级了套房房型，让旅行十分完美！@Rebecca
老牌白金五星酒店，瀑布餐厅超级壮观。
最主要是房间整洁、宽敞，新中式的装修风格给人留下了深刻印象，电动窗帘和中式酒柜的设计也很别出心裁。
最重要的是这个窗边浴缸十分满意了，看着城景泡澡，一种闹中取静，大隐于市的感觉。",城央绿意大床房,大床房
564,关于整体满意度和体验的评论,574,具歴史代表的五星酒店。,红棉大床套房,套房
565,关于整体满意度和前台服务的评论,575,房间整洁明亮，温馨舒适。服务热情周到，宾至如归。酒店位置好，出行方便。酒店竟然有瀑布和博物馆，很意外。大堂更是金碧辉煌，服务员还主动帮我们照了相。免费升级了房间和延时退房。体验很好很满意。,城央绿意双床房,双床房
566,关于整体满意度和交通便利性的评论,576,来住过很多次了，各种房型都住过，非常舒适。服务很好，有求必应。这个位置去哪儿哪儿也都方便。而且疫情后越来越热闹了，早餐也变得越来越好吃了。,花园大床房,大床房
567,关于交通便利性和周边配套的评论,577,花园酒店就在地铁出口处，出行非常方便，对面就有广州酒家，早午茶味道不错，价格也不贵。酒店的服务人员非常热情，有求必应，以后带家人还会再去哦,花园大床房,大床房
568,关于整体满意度和前台服务的评论,578,服务很到位，环境很好,红棉大床套房,套房
569,关于整体满意度和前台服务的评论,579,很好，出差广州第二次选择了！酒店很有底蕴，酒店工作人员很礼貌，又给升级了房间，挺好挺好！下次还会选择！,花园双床房,双床房
570,关于整体满意度和性价比的评论,580,出差多年，五星级酒店也住过很多，第一次特别想写点评给花园酒店，不管是套房旋转餐厅还是服务人员的服务态意识，水准都非常高！景色太棒了(ˉ▽ˉ)??，太适合我们这样出差没时间逛的客人了，酒吧乐队水平也很高，请每位喝了一瓶啤酒，性价比绝高，推荐给朋友100次(‐＾▽＾‐)??,花园大床房,大床房
571,关于前台服务和交通便利性的评论,581,"这次总共入住4晚，可爱的前厅Virina小姐姐(名字拼写不知道有没有写错)让我们用很优惠的价格升级到粤韵双床房，还送了早餐！
超级棒的入住体验，酒店出门就是地铁去哪都很方便。下次去广州还会选择花园酒店！",花园双床房,双床房
572,关于整体满意度和客房服务的评论,582,体验非常好，不愧是老牌五星酒店，打卡过上海花园酒店，慕名来到广州花园酒店。感谢客房部姚师傅，非常细心周到，下次还会去,红棉大床套房,套房
573,关于整体满意度和公共设施的评论,583,和同事出差，一如既往的历史的沉淀的稳重的高级感。热情的服务，布置精美的鲜花出其不意的出现在各个角落。健身房环境也很赞完成了一个5公里,花园大床房,大床房
574,关于前台服务和整体满意度的评论,584,第一次住花园酒店，设施卫生环境都很好，前台的Viria非常nice，想人所想急人所急，表扬一下，老板该给加薪了。??因为不错的服务又续住了几晚，下次还会再来。,花园双床房,双床房
575,关于餐饮设施和整体满意度的评论,585,花园酒店是老牌的五星酒店了，地段就在闹市中心，大堂金碧辉煌，带一个大大的后花园，四楼还有一个酒店博物馆，酒店自带10家餐厅，可以说无敌方便了。30楼的旋转餐厅可以俯瞰360度风景，环境雅致，早餐品种很丰富，下午提供下午茶、五点后还有happy hour，来自印度的Carrie讲得一口流利的中文，笑容甜美，热心帮我们介绍了很多美食，还有美酒、现做的烤饼，还会热情跟小朋友互动，Aimee、Mignon服务效率特别高，还有Lina，都让人感受到宾至如归，一家人都留下难忘的美好回忆，下次还会再来的！,花园大床房,大床房
576,关于整体满意度和体验的评论,586,花园酒店名不虚传！,红棉双床套房,套房
577,关于整体满意度和体验的评论,587,"一如既往的 喜欢花园酒家 ,每年都会入住的酒店",花园大床房,大床房
578,关于整体满意度和公共设施的评论,588,每次来广州都住这里，传统老钱五星酒店，花园酒店名不虚传，从硬件到服务都很在线。大师贝聿铭设计的作品，如果有空去酒店花园里散散步非常惬意。,花园大床房,大床房
579,关于卫生状况和交通便利性的评论,589,干净整洁，位置也挺好，去哪儿都方便，后面有个大公园，散步好去处,城央绿意双床房,双床房
580,关于前台服务和体验的评论,590,喜欢前台接待Cassie，态度很好没有无烟房还给我升级了。很贴心… 爱了爱了,花园大床房,大床房
581,关于前台服务和餐饮设施的评论,591,前台赠送了早餐，行政酒廊Carrie和Cathy，赠送了下午茶，非常周到热情。酒店很有历史韵味，值得打卡,城央绿意双床房,双床房
582,关于前台服务和整体满意度的评论,592,环境优美没话说真的。每次出差必选花园酒店入住。前台有位叫什么来好像virIioi戴眼镜的小姐姐非常细心温柔可爱型…哈哈我可能打错英文名。不好意思哈。,花园大床房,大床房
583,关于卫生状况和交通便利性的评论,593,房间卫生干净服务很好热情周到，一楼西餐厅也不错就是太多美洲飞洲伊朗等外国人，周边没什么可吃的离地铁比较近出门就是打车也方便门口就有很多,花园双床房,双床房
584,关于前台服务和餐饮设施的评论,594,强烈推荐花园酒店，在这里度过了非常愉快的时光。本来看了些差评有些犹豫，但酒店就在地铁口，交通方便，而且由于是从天河区换到这边住，来不及再选了，就想先过来看看，事实证明来对了。一进门就被酒店大堂吸引，中西合璧的布置非常漂亮，工作人员很多但井然有序。前台办理入住的viria小姐姐人美心善，专业高效，很快就办好了手续，主动升级了套房，住的非常舒心，还送了行政酒廊的下午茶，非常感谢。一整天一直在下雨，懒得出门，但行政酒廊的食材新鲜，服务超好，也是很好的体验，mignon一直在介绍酒店各个餐厅，推荐各类饮品和餐食，还按照我的要求，特调了一杯很清淡的酒，非常好喝。Carrie是一个印度小姐姐，聊了一会儿weather，aimee和lina也非常热情周到！早餐在旋转餐厅吃的，俯瞰下去景色很美，小哥哥们服务周到。雨停了，去花园转了一圈，步步有景，鱼很漂亮也很肥，很多人拍照。4层的博物馆比想象中大而全，不仅有酒店的历史，也有些广州的历史和酒店行业的发展史。,花园大床房,大床房
585,关于前台服务和公共设施的评论,595,酒店老牌五星，大厅很大气，房间很好，前台小姐姐ANN免费升级了房间，唯一就是停车场在边上，要走几步。,花园双床房,双床房
586,关于前台服务和餐饮设施的评论,596,旧地重游『白金五星级酒店』：广州花园酒店，园林的建筑景观，定会让你宾至如归。每次下榻位于闹中取静的市中心——花园酒店，都能给我一种好温馨的感觉。在这里，我遇到了酒店行政酒廊的Carrie姐姐和她的同事Aimee，得知我们是一家人来城央度假为我们的其中一间房间升级为粤韵房和给了我们一家人的行政酒廊使用权。这次的行政酒廊是在30楼，凌旋阁广州最大的旋转餐厅——可容纳两千多人同时进餐的凌旋阁，北眺云山，南望珠水，可以尽览广州的景色。早餐选择丰富且中西结合。同行老人家都不得不赞叹一个字“靓”。用餐过程中行政酒廊的Carrie姐姐会不定时过来询问是否需要帮助，入住期间还去了后花园观赏锦鲤，感觉“老朋友”都被养得胖嘟嘟了。在这里，Carrie姐姐和Aimee的服务很好的诠释了白金五星级酒店的水平。再次感谢您们对我们一家的款待。期待下次再见！,红棉双床套房,套房
587,关于整体满意度和前台服务的评论,597,豪华大气、服务好,花园大床房,大床房
588,关于整体满意度和房间设施的评论,598,一如既往的好… 房间不错 …服务好…,花园大床房,大床房
589,关于整体满意度和性价比的评论,599,白金五星级，名副其实。值得再去哦。,花园大床房,大床房
590,关于前台服务和交通便利性的评论,600,不愧是老牌五星，随时随地感受到专业的服务，门口就地铁，出门好吃的太多了，游泳还有饮料送！以后来广州就认花园酒店,花园双床房,双床房
591,关于性价比和前台服务的评论,601,房间很大，套房，睡得很舒服，酒店环境也很赞，两点不足，一就是1千多的房价迷你吧的饮料竟然全部收费。二就是入住时那个服务员竟然不知道我的价钱含早餐，然后询问了也答错了吃早餐的地方，新来的吗？要好好培训了。,花园大床房,大床房
592,关于周边配套和前台服务的评论,602,环境优美，有个园林可以喂鱼，酒店有个博物馆，前台姐姐服务周到,花园大床房,大床房
593,关于前台服务和整体满意度的评论,603,来到酒店经理看到我们两大三小的组合，二话不说马上给换成了亲子套房，因为来的晚预订不到晚上自助餐位置了，经理又帮我们优先预约了第二轮自助餐，整个服务流程提现了专业以及关怀，非常满意的一次体验,花园双床房,双床房
594,关于交通便利性和整体满意度的评论,604,花园酒店位置好，交通便利，酒店设施高端大气，服务热情周到，出行首选。,花园双床房,双床房
595,关于整体满意度和卫生状况的评论,605,酒店干净卫生，住的很舒服，多住几晚体验感更好，生日酒店还送了一个小蛋糕，预定了一晚瀑布酒店，感觉一般般,花园大床房,大床房
596,关于前台服务和公共设施的评论,606,感谢前台Gillian的服务，花园酒店的配套设施都很好，客房很宽敞，花园式的环境很漂亮，楼顶还有博物馆，虽小却也底蕴深厚,花园双床房,双床房
597,关于前台服务和整体满意度的评论,607,服务很好，酒店大堂大气，服务人员很热情,花园双床房,双床房
598,关于交通便利性和周边配套的评论,608,环境是真的好，酒店大厅^-^气派 周边还有广州酒家 超级方便 地铁出来就是酒店 对于带娃的出行 节省不少时间了 太完美了??还贴心的送了小甜品,花园双床房,双床房
599,关于前台服务和退房/入住效率的评论,609,酒店大堂很气派，不论是办理入住还是退房都有引导，效率挺高，房间不大，是老酒店了，胜在洗澡水很冲洗的舒服，客服小李还亲自送来小甜品。出行地铁方便吃饭可选择余地比较多，就是周边那几家很红的餐厅都需要等位好久。,花园双床房,双床房
600,关于餐饮设施和房间设施的评论,610,床真舒适，美美的睡了一觉！30楼的旋转自助餐厅的食物太美味??瀑布花园太壮观了！,花园大床房,大床房
601,关于整体满意度和前台服务的评论,612,老牌五星，浓郁的老广州味，喜欢喜欢有年轻时候的回忆，服务特别好。真诚细致。特别感谢James。Man c.y,花园大床房,大床房
602,关于公共设施和整体满意度的评论,613,酒店整体设施都比较完善，后花园很大，4楼还有个博物馆，是老品牌五星级酒店了，入住期间羊羊精品店Livia很热情，酒店的小羊超级可爱~,花园大床房,大床房
603,关于卫生状况和整体满意度的评论,614,"echo小姐姐很棒 
卫生：很好
环境：优美
服务：态度好",红棉大床套房,套房
604,关于整体满意度和前台服务的评论,615,服务很好，环境舒适宜人，值得入住！,花园大床房,大床房
605,关于前台服务和客房服务的评论,616,酒店虽老但服务还是很好，rose,花园大床房,大床房
606,关于餐饮设施和前台服务的评论,617,行政酒廊 Cathy 和 Echo 服务很好，希望行政酒廊食物种类可以更丰富。还有回访的小颖态度很赞。整体体验感很不错。,花园大床房,大床房
607,关于整体满意度和前台服务的评论,618,非常好的体验，老牌的星级酒店，服务态度很好，很多外国友人入住，位置不错！总体感觉很好，体验感很好！满意！,花园大床房,大床房
608,关于前台服务和客房服务的评论,619,老牌5星级饭店，房间有点年代感，但还是很干净，服务是真的好，从前厅到客房和餐厅，遇到的每一个服务生都很亲切，很有礼貌，4楼的博物馆记录了广州酒店的发展历程，值得一看,花园双床房,双床房
609,关于整体满意度和前台服务的评论,620,暑假带孩子去长隆，长隆附近的酒店都涨到住不起了，所以选择了住花园酒店，老牌五星级酒店，服务一流，必须五星好评。,花园双床房,双床房
610,关于前台服务和公共设施的评论,621,"美丽的花园酒店，广州的国际化大酒店，很美，服务也很好，特意表扬一下酒店的康乐部，游泳池的服务，救生员都有三个，还有酒水部，迎宾，送水送毛巾，救生员小周热情服务，讲解，让客人游泳的很安心，餐饮服务都很好，特别行政酒廊30楼的金牌导游CARRIE，没在服务时间帮我女儿做了咖啡，端午节早餐人有点多，也只等了10分钟，吃完后还有经理来道歉，服务不周，很是感慨酒店服务人员的素质，
但我这里重点说一下前台服务，希望管理层能看到，前台是我这次住店体验不好的，工作人员没有认真看订单，先分配我去9楼房间，我的订单是18楼以上的，吃完饭一看不仅楼层低，还是尾房，后来交涉后给升级了，过程就不说了，其实最终还是住的升级房型，你一早给我不是不用这么麻烦，因为我也是你们金卡会员，在办理入住的时候看到柜台堆满了一支一支的康乃馨，是送给客人的，给我办理的工作人员没有任何触动，就在她手边。
大堂的迎宾小姐姐还会主动帮客人拍照，很美的酒店，希望前台能看到，不要给酒店拖后腿。",花园双床房,双床房
611,关于整体满意度和餐饮设施的评论,622,房间干净卫生，超喜欢后花园，忘了拍照，还参观了4楼的博物馆，服务态度不是一般的好，在酒店吃了早餐和晚餐，菜式丰富，根本没办法一一品尝，非常满意，下次过来还会选择花园酒店,花园大床房,大床房
612,关于整体满意度和周边配套的评论,623,广州的老牌酒店！各方面都还是不错！房间不算大，但布局还算合理。后花园是酒店的亮点，荔湾亭点心出品也是不错的！,花园双床房,双床房
613,关于性价比和交通便利性的评论,624,老牌五星级酒店，还是很能打的，性价比高！离地铁非常近，离利苑近！酒店金碧辉煌的，很多老外，周边很多印度餐厅??,花园大床房,大床房
614,关于交通便利性和前台服务的评论,625,位置很好，出行方便，设施，卫生，前台服务也很不错。就是两点瑕疵：门童交接有空档，下大雨的天气，开车到了，也没人指引停车，接箱子；大堂引导员有点不在状态，不停私语，还望加强培训。,花园大床房,大床房
615,关于卫生状况和整体满意度的评论,626,酒店环境很好，非常干净，服务好,花园双床房,双床房
616,关于周边配套和体验的评论,627,很有文化底蕴的酒店，博物馆超级棒,花园双床房,双床房
617,关于餐饮设施和前台服务的评论,628,大堂气派！老牌酒店服务做得就是好，每天都有小惊喜，太贴心了！！自助早餐选择种类很多，必定有你喜欢??,花园双床房,双床房
618,关于周边配套和交通便利性的评论,629,每次去广州都备注的一个酒店之一，环境不错，就是房间小一点，周围购物方便，去任何一个地方也很方便，最喜欢的就是酒店的花,花园双床房,双床房
619,关于酒店和体验的评论,630,"是什么好运让我在广州暴雨天气入住了花园酒店～
没有亲眼目睹花园酒店的瀑布后花园有点遗憾，
但其他都是很棒的体验～

所选的区域位置比较市中心，
无论去广州塔还是去沙面岛玩耍
居中的位置出行都比较方便。

大堂看着有点奢华，
一楼有瀑布餐厅以及下午茶??
定了两间双床和大床，
虽然是一样的价格，但大床房带浴缸
备好泡泡浴球可以带娃洗个泡泡浴??

早餐就是比较中规中矩的自助餐，
但点心这块很是吸引甜品爱好者～

下次来还是会住这里，希望可以天公作美～",花园大床房,大床房
620,关于交通便利性和公共设施的评论,631,酒店位置出行方便 虽然是近40年前开业的第一批五星级酒店 但是并不觉得老旧 房间面积大分区合理 健身房设施齐备 后花园颇有岭南园林神韵值得一观 行政酒廊在顶层旋转餐厅 服务细致热情 唯一小缺憾是房间香氛有点类似于阿拉伯特点 略微不适应,红棉大床套房,套房
621,关于性价比和餐饮设施的评论,632,广州和南沙两家花园酒店都住了，自助晚餐都做得很一般，没啥好吃的，三文鱼质量也不行，这个房价实在性价比不高,花园双床房,双床房
622,关于整体满意度和交通便利性的评论,633,酒店环境非常棒，去各个景点都很方便，房间也干净，服务贴心，因为办理了续住，酒店还送了早餐，非常满意的一次体验,花园双床房,双床房
623,关于餐饮设施和前台服务的评论,634,很满意的一次住宿，环境好，早餐品种很丰富，一楼瀑布餐厅，三楼中餐厅，还有三十楼的行政酒廊，Carrie和Echo二位小姐姐很专业又很有礼貌，推荐，推荐,花园大床房,大床房
624,关于整体满意度和房间设施的评论,636,房间很不错，服务也很到位。很有年代感的一家酒店，下次来还会光顾,花园双床房,双床房
625,关于整体满意度和交通便利性的评论,637,定的大床房，给升级了套房，套房的面积比大床房大一倍，没有到酒店之前很忐忑，因为看到评论说因为酒店旧所以有霉味，到了房间之后发现完全是多虑了，房间一点味道也没有，地理位置也很棒，打车去各景点大概都在30元以内，出酒店门就是地铁，周边吃的也很多，很多热门的店周边都有分店。这次住的很满意。,花园大床房,大床房
626,关于交通便利性和前台服务的评论,638,花园酒店位于城市市中心很方便，酒店的花园也很漂亮，服务也很好，大堂非常的华丽，?酒店大堂的花园大使小何服务很不错??,花园大床房,大床房
627,关于前台服务和餐饮设施的评论,639,前台Zara和Viria的接待很热情，免费赠送了小朋友早餐。分别体验了一楼瀑布餐厅和30楼的旋转餐厅。,红棉大床套房,套房
628,关于整体满意度和体验的评论,640,酒店环境好 很好看的酒店,花园大床房,大床房
629,关于交通便利性和房间设施的评论,641,淘金地铁站出来就是，但是门前交通不太方便，车进酒店要等很久。景观一般。设施是不错的，还有咖啡机，床比较大。,花园大床房,大床房
630,关于前台服务和性价比的评论,642,跟我前一天的天差地别，前台帮我办理入住的礼宾也非常富有笑容和专业，全程微笑。价位适中，值得再次入住,红棉双床套房,套房
631,关于整体满意度和房间设施的评论,643,"一路风雨来到广州，毕竟有悠久的历史，从城到人到酒店从美景到美食都丰富而厚重。
房间免费升级行政套房，17岁的少年免费加床，花园饭店真的有温暖到我，房间的细节让，辉煌的大堂，让多年来游历29国的我第一次感觉到宾至如归，结合国外很多博物馆的展品，终于明白了，他们当年为何那样推崇中国元素的装修。
床很舒服，布局合理，枕头可选择，香皂很香，拖鞋很软，自动窗帘方便又遮光，灯光很舒适，忘带房卡也不怕去，电梯口总有热情美丽的服务员。
地铁淘金站的旁边，地处越秀老城区，繁华方便，到各个景点都很方便，外国门童帮忙开门时，心中很骄傲，民族自豪感。
花园酒店让我的广州之行幸运，圆满，非常完美的入住体验，五星推荐！",花园大床房,大床房
632,关于整体满意度和房间设施的评论,644,花园酒店是老广心中机具代表性的酒店，从小就对酒店有着特殊的情感，今天终于有机会体验一次，房间做了升级，套房空间大，环境卫生可以，本次出行满意,花园双床房,双床房
633,关于前台服务和交通便利性的评论,645,非常喜欢这家，每次来广州只选花园，服务和交通便利没话说，??,花园大床房,大床房
634,关于交通便利性和前台服务的评论,646,"位置:越秀区中心位置，近地铁，出行就餐方便。
惊喜:感谢前台艾薇儿，赠送了三份早餐，升级90平行政套房。风景绝佳，体验不俗。
氛围营造:文化气息浓郁的大堂，国风雅韵buff，春节还有室内庙会，年味浓郁。
服务:春节期间，实习生过多，有些跟不上，可以理解。
用餐:场地小，西餐偏多，喜欢粤式早茶的请飘过。
总体:老国产五星级，有自己的调性！",花园双床房,双床房
635,关于前台服务和整体满意度的评论,647,到酒店时间晚，感谢前台小姐姐安排了满意的房间和延迟退房。每次到广州都住花园酒店，漂亮，卫生、服务好、出行方便。5??赞赞赞,花园大床房,大床房
636,关于前台服务和退房/入住效率的评论,648,酒店服务太差了，整个过程是，在酒店打印资料费20元，我提出放房费一起结算，工作人员说只能现场支付。现场支付了20，最后结帐酒店又从押金中扣，两次投诉才拿回20元，整个过程匪夷所思，难道只有二次付款才能从押金里扣吗？！现场支付后工作人员不进行标注的吗？！区区20元，费的心力远不及此。更气的是住3天花将近5千，发票只开了1128元，莫名其妙的各种错！作为五星酒店的基本服务能力在哪里？！,花园双床房,双床房
637,关于前台服务和整体满意度的评论,649,广州花园酒店服务体验非常好，可以说是感动式服务，酒店注重服务细节和用户体验，主动为客户提供超值的升级服务，从迎宾、接待、客房到环境和配套都名副其实，再次到广东还想入住花园酒店，感谢酒店管理者和服务人员的辛苦付出和优质服务，你们完全能代表中国五星级酒店品牌和形象！,花园双床房,双床房
638,关于前台服务和整体满意度的评论,650,老牌酒店的品质保证，第一次入住花园酒店，感觉很贴心，免费升级了套房，送了入住果盘、小孩洗漱套装、冰箱贴、手绘地图，还给小朋友送了一只小羊玩偶，特别可爱。酒店虽然有点年份，但整体还是干净整洁，大堂很华丽，很多广州的装饰，还有一个博物馆可以了解酒店的背景和文化。瀑布餐厅氛围感很好，可以看到花草繁茂的后花园和流水瀑布。整体服务很到位，客房、餐厅都有充足的服务人员，前台的Mancy和James特别nice，有种宾至如归的感觉。,花园双床房,双床房
639,关于餐饮设施和整体满意度的评论,651,酒店环境优美，瀑布餐厅和后院的小花园都很有特色，工作人员服务热情，房间干净卫生，稍小设施也有点老旧。早餐非常丰富，还有很多外国人，总体还是非常不错的。,花园双床房,双床房
640,关于交通便利性和餐饮设施的评论,652,服务非常好！里面的餐也很正宗，地理位置很好，地铁站出口就是，很方便！适合带孩子！,花园大床房,大床房
641,关于前台服务和周边配套的评论,653,来过很多次了，这边的人气跟地理位置都让我很喜欢，也是一个非常有老广气息的酒店，这边也有挺出名的餐厅，还有一进门就能见到身穿金色衣服的小姐姐，交谈过后发现他们原来是花园白金大使，让我印象深刻的是一个叫小何的大使，服务真的很不错??,花园大床房,大床房
642,关于房间设施和前台服务的评论,654,房间很好，适合小朋友，还有小朋友拖鞋牙刷，打电话给前台，送来的非常快。还有铅笔橡皮尺子卷笔刀。小胶棒，小羊商铺ADA LINA 迎宾LIVEN 都很好。来之前看到很多差评，有点忐忑，但是来了之后，很好。小朋友说非常好，酒店特别大,花园双床房,双床房
643,关于餐饮设施和前台服务的评论,655,91年的时候路过花园酒店，觉得好高端好大气，就非常想去，各种阴差阳错，一拖就拖到了30年后。后花园，锦鲤酒吧感觉都非常好，早餐是在旋转餐厅吃的，风景不错，还非常丰盛，牛腩也很好吃。前台服务很好，很热情，回访的小晴态度也很好，值得表扬，有机会一定再来。,红棉大床套房,套房
644,关于餐饮设施和整体满意度的评论,656,大堂美轮美奂，瀑布餐厅震撼。太喜欢花园酒店了,花园双床房,双床房
645,关于房间设施和餐饮设施的评论,657,房间设施很好，餐饮很精致，服务员很多，随时出现在你需要的时候。,花园大床房,大床房
646,关于整体满意度和卫生状况的评论,658,房间干净整齐，服务很棒。环境配得上五星级，后花园飞瀑流泉，游鱼欢悦，绿树蓬蓬。酒店建筑设计更是独到有文化韵味。,红棉大床套房,套房
647,关于整体满意度和餐饮设施的评论,659,老牌五星级酒店，虽然有将近四十年了，但内部装修风格和质感比大部分现在新的酒店都好多了，环境不用说，对得起花园酒店的名字，服务不知道是不是广交会的缘故，住的几天都特别好，早餐分别吃了30楼旋转餐厅和一楼瀑布餐厅的，东西差不多，都很丰富，总体对这几天的入住很满意,花园大床房,大床房
648,关于房间设施和整体满意度的评论,660,"酒店的环境真的没话说，不愧是老牌酒店，大厅富丽堂皇；
唯一的缺点就是房间有点点小，但整体房间设施都不错，干净、舒服。",花园大床房,大床房
649,关于前台服务和整体满意度的评论,661,"代客户预订，还给升级了房间！客户感觉很满意！今天又续了一天！
作为广州的老五星，服务非常好！连每个楼层都配有服务员指引！厉害厉害！",花园大床房,大床房
650,关于前台服务和整体满意度的评论,662,对海外华人港澳台人来说最知名的内地酒店就是广州花园酒店，非常多外国客入住。位于市中心老城区位置得天独厚，服务也很好，check in等待 会送上可乐饮料。员工积极主动，广交会房间紧张时期酒店还免费给我升级了套房，可能我是携程高级会员的缘故吧，总之非常感谢酒店。,花园大床房,大床房
651,关于前台服务和整体满意度的评论,663,第一次入住白金五星级酒店，全国只有三家，这家服务真的好，服务员是很有包容心的那种，知道不说破给客人尊荣！那瀑布是绝绝子，让人很迷恋，前厅经理给我们房间升级了套房双床，送了一份早餐，第二天去用早餐，因为一份早餐的原因在30楼旋转餐厅打包两个人享用了，服务员热情的帮我打了包！后来我又去了30楼和1楼另外两个早餐厅，畅通无阻！管理员知道却默许了，让我们很舒服！去了花园博物馆，真的学到了，那份底蕴无需多言处处渗透！在楼层上电梯打开就有服务员热情的送上红茶指引，第二次上去就记得我住的房间，细节到位，下次有机会还会去花园酒店，尝尝米其林餐厅美食，在早餐厅听瀑布声，去花园酒店博物馆里记记酒店发展史！,花园双床房,双床房
652,关于餐饮设施和前台服务的评论,664,在花园酒店吃住都非常的舒服，花园酒店不愧是花园酒店，酒店的花都非常的漂亮。最让人印象深刻的就是30楼的行政酒廊，这里的风景非常优美，音乐听着也很让人动听。行政酒廊的mignon的笑容很甜美，服务很贴心，ken得服务也非常的周到。让我有一个非常不错的用餐体验，下次旅游还会选择这家酒店。,花园双床房,双床房
653,关于卫生状况和房间设施的评论,665,干净卫生，虽然有点旧,花园双床房,双床房
654,关于房间设施和前台服务的评论,666,房间很大 两米大床很舒服 服务很周到 前台送了小朋友早餐 下次还会来,红棉大床套房,套房
655,关于交通便利性和周边配套的评论,667,酒店房间挺大的，一家四口住得下，离地铁站非常近，点外卖也很方便，有酒店后面中国银行外卖柜，酒店里还有博物馆值得一看,红棉双床套房,套房
656,关于整体满意度和交通便利性的评论,668,非常非常满意的一次入住，酒店就在市中心，离地铁站也近，去哪里都特别方便。特别感谢Rebecca小钟，看我们又老又小，拖家带口的，主动提供了很多帮助，真心特别满意。行政酒廊的下午茶和欢乐时光我们也特别喜欢。整个酒店有好多外国人进出，非常国际化，还可以喂锦鲤，孩子喜欢的不得了！,红棉双床套房,套房
657,关于整体满意度和体验的评论,669,这个酒店环境美爆了,花园双床房,双床房
658,关于周边配套和房间设施的评论,670,酒店位置不错，无论是出游还是觅食都很方便，但是房型实在实在是有点太小了，第一次见到一个五星酒店、浴缸和淋浴房局促在小小的一个空间里，确实也是没想到的。。。不清楚是不是广交会的缘故，大堂晚上会有美丽的小姐姐跳舞，贴心的管家小姐姐还帮我们插了鲜花，感恩ing！,花园双床房,双床房
659,关于前台服务和体验的评论,671,特别感谢前台小姐姐Ann在我9/22号办理入住时的热情细致的接待,花园大床房,大床房
660,关于前台服务和退房/入住效率的评论,672,前台服务态度非常好，办理入住和退房也迅速，生日升级了套房。晚上瀑布自助餐，种类少。门口因为兴建地铁，很难去建设六马路。,花园双床房,双床房
661,关于交通便利性和周边配套的评论,673,入住两天，感受都还不错，交通也很方便，打车地铁都很便捷。周围美食也很多，广州酒家，点都德，赵记传承～酒店服务非常不错，询问去澳门大巴，服务员会亲自带着走老远到上车的地点！小颜服务热心体贴到位！谢谢她的帮助,花园双床房,双床房
662,关于交通便利性和餐饮设施的评论,674,酒店位置好，出行便利。早餐丰盛服务热情。,花园大床房,大床房
663,关于整体满意度和前台服务的评论,675,"中秋佳节来广州避台风选择了广州花园酒店
没有额外加价 性价比直接拉满
贝聿铭大师设计的雨棚穹顶充满浪漫感
但更令人惊喜的是酒店服务人员从前台到客房部到餐饮部都热情礼貌管理有素

感谢客房部的Adan和Marry金芳
给予我们整洁安静的客房环境
让我和我的家人宾至如归

感谢行政酒廊的主管Carrie女士
以及她的伙伴Rose、Cathy、Kitty
给予我和我的家人热情舒适的服务

有机会再来广州还会选择花园酒店入住的",花园大床房,大床房
664,关于客房服务和整体满意度的评论,676,大厅超美，房间舒适，还有小点心，客房服务周到，服务热情，后花园打卡好去处,花园大床房,大床房
665,关于客房服务和餐饮设施的评论,677,"房间物品补充及时。
行政酒廊的Carrie和mira服务热情周到，很棒！",花园大床房,大床房
666,关于房间设施和卫生状况的评论,678,环境很美 服务也挺好 就是换气不好导致房间浴室有味 浴缸龙头的周围也能看出设施老旧,红棉双床套房,套房
667,关于公共设施和体验的评论,679,酒店本身就是一个景点，最惊艳的是四楼的博物馆！,花园双床房,双床房
668,关于交通便利性和周边配套的评论,680,和好友分别带孩子去长隆玩，选择了交通方便的市区，不亏是花城，酒店处处都是景，很多拍照打卡、拍摄婚纱的，满眼的绿植、鲜花视觉放松、漫步其中，心情愉悦，标准客房2大2小足够用，紧凑、够用、舒适、卫生！酒店本身就是小景点！,花园双床房,双床房
669,关于前台服务和整体满意度的评论,681,"帮我升级了房型，谢谢
但送的小羊没有了，可惜",红棉大床套房,套房
670,关于前台服务和整体满意度的评论,682,再次来到花园酒店，不再是只有情怀在牵引着我，开门小哥哥的笑容，金色小姐姐的迎接，前台妹妹的有求必应，房间的干净卫生，每一样都是能与白金五星的对标！单独表扬感谢Jin经理的帮助，和让我感受到花园的温暖！作为广州人，花园酒店已经不再是记忆中的大酒店，而且有温度与回忆，传承与融合的文化载体！我会再来的，也会与亲朋好友再来的！,花园双床房,双床房
671,关于整体满意度和房间设施的评论,683,"环境：大厅很大气，金碧辉煌


设施：虽然老牌五星，但整体保护的很好
床品：舒适

卫生：干净

服务：从门童开始整体都很友好

餐食：瀑布餐厅look很好，早餐还行，但品类不多",花园双床房,双床房
672,关于整体满意度和餐饮设施的评论,684,设计非常好，早餐品类丰富，Lili的服务态度非常暖心，总体入住体验绝佳,花园双床房,双床房
673,关于整体满意度和房间设施的评论,685,"广州酒店首选！
设施：软件硬件没得说
卫生：超五星酒店标准
环境：环境幽雅宜人
服务：一流",花园大床房,大床房
674,关于整体满意度和体验的评论,686,这是一段难忘的出行，来广州的次数不多，每一次我都选择花园酒店，每一次花园酒店都不会让我失望。下次还来,花园大床房,大床房
675,关于前台服务和体验的评论,687,连住几天，今天恰逢儿子生日，前台的lili  NIKI给我们精心准备了蛋糕，走心的服务,花园双床房,双床房
676,关于房间设施和卫生状况的评论,688,"进房间的桌面
第一晚的被子还有破洞，未拍
连续两晚脏被子
外出回来的纸巾盒
加钱升级的套房
不想评价，选了好久的酒店！！！！",花园大床房,大床房
677,关于公共设施和整体满意度的评论,689,"上午十点半的飞机从上海飞广州一点落地，到酒
店差不多两点，就不想再去景点人挤人了，所以
特意选了这家自己就可以当作景点的花园酒店好适合带小朋友的家庭言因为过年期间客人太多，所以一直晚等到四点半多才打扫完房间，但是呢一点也没有影响旅行的心情。寄存完行李以后，拿着酒店地图去把酒店的景点都打一遍卡再去酒店四楼的博物馆听了三点的讲解，了解中西方酒店发展史，逛完博物馆正好去二楼荔湾亭吃个下午茶，一系列操作完毕以后刚刚好回房间休息，完美。不得不说广州真的太有过年和搞钱的氛围感了，整个儿金碧辉煌富丽堂皇。",花园双床房,双床房
678,关于整体满意度和体验的评论,690,一个有文化的底蕴的酒店，有博物馆的酒店，服务贴心,城央绿意双床房,双床房
679,关于前台服务和餐饮设施的评论,691,广州之行的最后一天订在了有“白金五星”之称的“花园酒店”，酒店位于中心城区，极具岭南文化特色并与现代科技相结合；这次行程匆忙，酒店里许多地方没有打卡，早餐选择一楼的瀑布餐厅；酒店的后花园着实惊喜，虽是雨天，景致依然很美！前台服务尚觉欠缺，相比之下，三十楼的行政酒廊堪称完美，工作人员热情好客，详细的介绍、周全的服务，让初来广州的我们真切体会到了宾至如归，在这里也表达对你们的谢意????,花园大床房,大床房
680,关于餐饮设施和整体满意度的评论,692,服务很到位的老牌五星 早餐厅都有三个 每一个都很有特色,红棉大床套房,套房
681,关于前台服务和整体满意度的评论,693,非常满意的一次度假体验，超出预期。特别要表扬前台的cecilia小姐姐，悉心安排好我们的住宿，不厌其烦，入住后我们有一间房需要更换为双床，又要加床，她都帮我们一一解决，我们也按照酒店规矩付了需要增加的费用，但整个过程令我们感到非常满意。我们和朋友两家人就在广州市附近的城市居住，我们安排入住当天上午到南越王墓参观，然后入住花园酒店，下午闲逛酒店，还参观了花园酒店博物馆，晚上就在酒店内吃饭+蒲吧，开心快乐地在酒店欢度美好时光！！第二天我们还去了楼顶的旋转餐厅吃早餐，心满意足地离开这里！！我们决定以后再来一次花园酒店，要多住一两天！！,红棉大床套房,套房
682,关于安静程度和卫生状况的评论,694,安静，卫生好，床品舒适,花园大床房,大床房
683,关于前台服务和卫生状况的评论,695,"房间整洁，酒店接待和前台Liren和小鱼服务态度很好，很亲切～
花园真的是很美 大堂也很干净大气",花园双床房,双床房
684,关于整体满意度和景观/朝向的评论,696,一家有历史有故事的酒店，景色优美，服务五星，非常适合带小朋友，值得入住,花园双床房,双床房
685,关于前台服务和客房服务的评论,697,感谢这次酒店为我们免费升房，礼宾部的员工很热情，主动搬行李，客房清洁也很到位，酒店的位置很好，洗澡的喷头水压有些小，另外不建议在酒店用早餐，性价比不高,花园大床房,大床房
686,关于前台服务和交通便利性的评论,698,来这边很多次，零零帮忙入住。很不错，花园大使小何的服务也很好，位置在市中心很方便,红棉大床套房,套房
687,关于前台服务和交通便利性的评论,699,服务非常好，房间问题即时反应处理。地理位置优越，地铁就在酒店门口，一楼也有便民的小商店，有机会还会再来。,花园双床房,双床房
688,关于交通便利性和餐饮设施的评论,700,喜欢的酒店，老牌风，有厚度。方便出行，出门右转即地铁站，去哪儿都很方便的。酒店的餐厅好吃，服务也相当到位的。,花园大床房,大床房
689,关于前台服务和整体满意度的评论,701,这次广州行，爸爸极力推荐住花园酒店，真的超级满意。办理入住是一个外国小哥，特别的热情，还送了鲜花，中文也说的非常好！儿子最近热衷看老王的视频，一个劲的说小哥好像老王。酒店荣誉满满，有自己的博物馆可以预约参观。下次到广州来还会选择！,花园双床房,双床房
690,关于房间设施和整体满意度的评论,702,总体可以，设施比较老一些,花园大床房,大床房
691,关于整体满意度和房间设施的评论,703,"真的是很用心在服务的酒店，装修很美，设施很棒。
房间很舒服，宽敞干净",花园大床房,大床房
692,关于前台服务和整体满意度的评论,704,经常来广州花园酒店接待合作伙伴，每次来都感觉很舒心，一进门有礼宾帮忙开门，并且主动和我打招呼，入住认识了 前厅部副经理 Lavinia吴灵伶，很热情地给我办入住，让我感受到温暖和体贴的服务，非常满意，五星好评,花园大床房,大床房
693,关于整体满意度和交通便利性的评论,705,非常满意的一次住宿体验，酒店设施好，服务热情周到，免费升级客房并升级至30楼旋转餐厅享用早餐，非常感谢！酒店就在地铁淘金站旁边，出行非常方便，距机场也只有二三十分钟车程。总之，本次广州之行让我爱上了广州。,花园双床房,双床房
694,关于整体满意度和房间设施的评论,706,酒店环境优美，房间整洁，已多次入住，这次还免费升级房间??,花园大床房,大床房
695,关于整体满意度和前台服务的评论,707,花园酒店是我住过的最好的酒店之一，酒店内部环境非常养眼，服务也非常棒，非常满意！,花园双床房,双床房
696,关于前台服务和整体满意度的评论,708,服务很好，每个人都很热情，免费升级了一个套房，很安静很舒服，欢迎甜品很可爱，其实本来冲着美食酒店入住的，对餐食有点小小的失望，不过下次来广州还会选择花园酒店。,城央绿意大床房,大床房
697,关于整体满意度和体验的评论,709,很不错，老牌五星级酒店标杆,花园双床房,双床房
698,关于卫生状况和前台服务的评论,710,卫生干净   服务到位  还有博物馆参观。了解中外酒店史??,花园大床房,大床房
699,关于前台服务和整体满意度的评论,711,谢谢花园酒店的接待，从一下车开始就收到了无微不至的关怀。前台的邓先生给我们安排了一间套房，还附赠了行政酒廊入场券和早餐券；房间宽敞明亮整洁，硬件设施也无可挑剔；在暴雨天气下，酒店的娱乐设施（后花园博物馆什么的应有尽有）和餐饮也足够满足需求。凌璇阁的餐饮环境服务也让人印象深刻，特别是有一位印度裔的服务员Carrie很贴心，中文也特别好。Thank you Carrie！岭南集团的酒店水准一直都让人很满意！,花园大床房,大床房
700,关于前台服务和餐饮设施的评论,712,酒店环境一流，很多景观值得亲子打卡，参加活动也有小礼物赠送；前台服务到位，ann和cassie直接帮忙升级为红棉房并加赠早餐以及酒廊待遇一人份；餐饮方面有多个餐厅可供选择，美食多样、服务勤快。总之，在携程活动加持下酒店体验超预期，大赞！,花园双床房,双床房
701,关于整体满意度和餐饮设施的评论,713,广州花园酒店，让我们非常惊艳！大堂依然大气、豪华，中西餐都让人极其享受。虽然是老牌五星酒店，各类设施维护保养极好，服务更是保持了五星水准！强烈推荐！,城央绿意大床房,大床房
702,关于交通便利性和前台服务的评论,714,"到广州一如既往选择花园酒店入住，地铁和打车出行都很方便。前台帮忙升级了套房～宽敞很多住起来很舒服，设施一点点旧但齐全整洁。客务中心小杨也有主动了解体验反馈。
花园酒店真的经典，比起普通酒店好玩，岭南文化满满，这次有时间参观了四楼博物馆。瀑布餐厅早餐时间开到11点，不用早起赶时间??餐厅view很好！24h的健身房也很贴心！下次来有机会再试试桃园馆餐厅！",城央绿意大床房,大床房
703,关于餐饮设施和整体满意度的评论,715,老牌酒店，情怀满满，还有多家超棒的餐厅，很值得一住。,红棉大床套房,套房
704,关于前台服务和交通便利性的评论,716,一走进大堂被震撼到了，金碧辉煌。酒店各环节的服务都很好，特别是我们的车刚停，门童立马过来开门、提箱，引导到前台办理入住。客房干净整洁，就是隔音不是很好，酒店位置交通便利，出行方便。,花园双床房,双床房
705,关于整体满意度和卫生状况的评论,717,不愧是白金五星，房间干净整洁，维护得很好。服务一流，大堂穿bulinhbuling衣服小姐姐太给力了。环境特别好，早餐丰富，地理位置也方便,花园双床房,双床房
706,关于客房服务和安静程度的评论,718,房间安静舒适，整洁卫生，客务部小刘服务热情周到，客房服务员小王、Tina细心服务??????,红棉大床套房,套房
707,关于整体满意度和前台服务的评论,719,房间舒适，环境很好，大堂小姐姐非常热情周到。交通便利，位置好。,花园大床房,大床房
708,关于整体满意度和前台服务的评论,720,"这里非常舒适，环境也很漂亮。
服务很周到。Viria很体贴",花园双床房,双床房
709,关于整体满意度和餐饮设施的评论,721,终于有机会体验了一把心心念念的酒店，推门瞬间就有了度假的感觉。各方面服务都很贴心，酒店套餐还可以再多一点～,羊羊得意主题大床房,主题房
710,关于整体满意度和前台服务的评论,722,酒店花园很美，服务也很赞，真是一次美好的旅行,花园双床房,双床房
711,关于餐饮设施和整体满意度的评论,723,"广州花园酒店的花园酒廊堪称城市中的一方静谧绿洲，无论是环境、服务还是餐品都令人印象深刻。步入酒廊的瞬间，便被其优雅的设计所吸引——挑高的玻璃穹顶将自然光线温柔洒落，绿植环绕的空间与典雅的欧式家具相映成趣，仿佛置身都市花园。落地窗外是郁郁葱葱的庭院景观，尤其在午后阳光斜照时，光影交错间更显诗意，随手一拍皆是质感大片。
服务细节堪称典范，花园酒廊的Kitty小姐姐笑容亲切且专业高效，从入座时的贴心指引到点单时的细致推荐，无不体现白金五星级酒店的待客之道。席间Kitty会主动询问需求，甚至为我们拍照调整灯光角度，细微之处尽显用心。
餐品方面，花园酒廊的欢乐时光堪称招牌。三层银质托盘上，咸甜搭配的精致点心既满足味蕾又充满艺术感——烟熏三文鱼挞的咸香、芒果慕斯的清甜、司康饼的松软温热，每一口都令人回味。特调饮品也别具巧思，推荐尝试以岭南水果为灵感的季节限定鸡尾酒，果香与酒香融合得恰到好处。若赶上晚上，现场还会有乐队演奏，无论家庭小聚、商务洽谈或独自放空都极为适宜。
总体而言，花园酒廊以高品质的环境与服务，将都市奢华与自然惬意完美结合，是值得反复打卡的城中秘境。离店时还会送酒店特色小羊，这份温暖的小惊喜，为我的出行体验画上了圆满句号。",花园双床房,双床房
712,关于整体满意度和前台服务的评论,724,广州老牌五星，名不虚传。管理到位，服务员认真客气，业务能力强，酒店整个环境非常好，有自己的后花园，餐饮档次高，早餐很认真。周边出行也方便，对面友谊商店六楼的广州酒店品质很高。这次酒店很客气，还给我们升级了套房，很棒。以往升级最多是亲子房湖景房或者海景房，第一次碰到五星级能升级套房的。感谢酒店的精心服务！,花园双床房,双床房
713,关于整体满意度和前台服务的评论,726,非常棒的老牌酒店，服务也很好,花园大床房,大床房
714,关于前台服务和整体满意度的评论,727,"设施：作为中国白金级别酒店所有设施一应俱全，甚至还有一个花园酒店博物馆??

卫生：非常干净卫生，房间内的浴缸是我见过最干净的

环境：位于老城区黄金位置，出行交通都十分便利，是出游广州一个非常好的选择

服务：大大的好，从入住开始就感受到了服务的热情，因为我们提前有说过今天是家人生日，前台的VIRIA非常热情告知我生日的安排，不止升级了房型，还准备了蛋糕。客务部的小华还非常热心帮我们把蛋糕准备到了晚上才给我们，让我们享受到了最美味的蛋糕。临走的时候也和大堂的阿金表达了这次入住的感受，只能说非常满意！下次还要再来????",花园大床房,大床房
715,关于整体满意度和交通便利性的评论,728,每次去广州都会选择入住花园，房间舒适干净，服务态度也很棒～这次朋友过来也推荐了她～位置优越出行方便！,花园双床房,双床房
716,关于交通便利性和整体满意度的评论,729,不错的酒店，地段很好，入住方便快捷，大堂漂亮，后面小花园风景也很美，因为有事只入住一天，下次来广州继续选择该酒店。,花园双床房,双床房
717,关于前台服务和退房/入住效率的评论,730,房间卫生不错，酒店环境好，出入方便，这次前台服务感觉不怎地，有点感觉被套路了，我们到酒店的时候差不多中午十一点多了，说我订的房间还没有打扫卫生，大概还需要一个多小时，接下来前台服务员说只有升级版的房间还有，另外还需加钱，大中午的我们只有升级了，心里有种说不出的感觉。,红棉大床套房,套房
718,关于整体满意度和体验的评论,731,非常愉悦的入住体验，设施、服务、餐饮都特别完美。,花园双床房,双床房
719,关于周边配套和景观/朝向的评论,732,顶级商圈，繁华街区，极佳的位置和国际化商业氛围。园景很特别，街景很活力。,红棉双床套房,套房
720,关于交通便利性和整体满意度的评论,733,酒店服务很好，很多外宾客人，出门就是地铁站，去哪里都很方面，非常推荐！,花园大床房,大床房
721,关于整体满意度和卫生状况的评论,734,满意干净舒适,花园大床房,大床房
722,关于前台服务和整体满意度的评论,735,"这家广州地标酒店，依旧被惊艳得说不出话！踏入挑高10米的鎏金大堂瞬间，金龙藻井与巨型壁画交相辉映，随手一拍都是大片既视感。这次入住的虽有些瑕疵，但细节和卫生做到极致：浴巾蓬松度堪比云朵，迷你吧饮品排列如仪仗队般整齐，其他地方都一尘不染！
真正让体验升华的是充满温度的服务——前台的高效，礼宾部拉门小哥的欢迎；最令人印象深刻的是大堂经理小郑，热情与敏捷应对，必须大大的点赞！ 虽然酒店确实有历史，但如果说硬件是酒店的骨骼，服务便是流淌的血液。广州花园酒店用实力证明：真正的顶奢，永远以人为尺。  这次还遇到了超棒的前台VIRIA 。",城央绿意双床房,双床房
723,关于餐饮设施和前台服务的评论,736,老牌酒店 一直喜欢 尤其喜欢酒店大堂和各个区域的鲜花摆设 别具一格 独显花城气质 这次有点时间 去逛了逛花园 岭南风格 绿植茂盛 锦鲤多多 酒店餐厅特别棒 每次都会特地去品尝广州美食 有水准 前台Rain 服务贴心 到位 及时解决问题 五星好评 推荐推荐,花园双床房,双床房
724,关于整体满意度和体验的评论,737,花园酒店，一如既往如此优秀的酒店！超赞！,花园大床房,大床房
725,关于整体满意度和餐饮设施的评论,738,带娃来广州玩选择了花园酒店，环境很棒，餐食都很好吃，服务特别好，尤其对小朋友真是太友好了，让妈妈们感受到满满的温暖,花园双床房,双床房
726,关于整体满意度和前台服务的评论,739,春节前带着父母孩子逛羊城入住了白金五星级的花园酒店，酒店1985年开业至今，除了客房等正常损耗翻新外，基本上各种格局和摆设均保持了40年；在瀑布餐厅吃了早餐，荔湾厅吃了晚餐，味道也很好；入住的红棉房型，孩子高兴的手舞足蹈；在今日当值Golden Key John导览下参观了各个点，40年的酒店历史积淀深厚，父母平时比较少拍照的，没想到这次却是各种拍，直接停不下来，一改平时住酒店的风格；最后让我大感意外的是内设的博物馆，不仅可以对公众开放，还非常系统梳理了国内外酒店发展史，脉络非常清晰易懂，印象深刻，还有828间房体量的酒店，服务人员各种到位，无论餐厅，前台，接线员，真的是好的服务才让人更愿意再来。酒店位置也无敌，出门地铁站，西有越秀公园，东有动物园，无论带老人还是开孩子，可以说是游刃有余，无愧酒店标杆称号！下次来广州，还会住这里！,红棉双床套房,套房
727,关于景观/朝向和整体满意度的评论,740,环境人文都很不错，就是住的楼层高的话窗户是封闭的，其他都很好,花园双床房,双床房
728,关于整体满意度和周边配套的评论,741,"本来以为老牌酒店一切设施都比较老，实际上一进去就被金碧辉煌的大厅吸引了，然后酒店也很有复古风格，装饰的一些小细节都很棒。

然后大堂服务人员都很不错，有礼貌而且会有专门的服务员摁电梯。感谢大堂rebecca，给了我们一个不错的房间，而且相关情况讲解的都很清楚。

酒店位置也很不错，在老城区，旁边广州酒家、利苑和点都德这些走走就到，所以我们没有定早餐，早上直接去喝早茶非常方便。然后酒店自带的荔湾亭也很好吃啊，走的那天下雨，就没有出去觅食，去荔湾亭吃了一顿，云吞面和牛肉丸超赞。

总之是一个很不错的酒店，下次来广州还会入住，推荐给大家。",花园双床房,双床房
729,关于客房服务和整体满意度的评论,742,非常满意，客户服务非常到位！！感谢客房小赵的细心服务！！,红棉大床套房,套房
730,关于房间设施和前台服务的评论,743,房间很棒 前台小姐姐Pebecca给升了房间 特别喜欢 和朋友一起过生日 套房很大很干净 行政走廊风景优美 Ken的服务超级棒,红棉大床套房,套房
731,关于房间设施和交通便利性的评论,744,我们此次预订了红棉大床房，房间面积很大，特别是入口客厅处的玻璃写字台，各种电器插口俱全，特别适合笔记本电脑办公。房间内设施豪华，十分养眼。此外，酒店距离地铁5号线淘金站很近，去哪里都方便，因而吸引了很多境外游客入住。我们从位于3楼的酒店博物馆得知，酒店大堂醒目处“花园酒店”四个大字，乃是小平同志亲笔题词。,红棉大床套房,套房
732,关于景观/朝向和客房服务的评论,745,"环境一流，鲜花环绕，名副其实的鲜花酒店。前台帮我们安排了朝向很好的户型，透过窗户看园景，三月的羊城木棉花开，草坪上的喷泉潺潺，春意盎然的景象尽收眼底……
房间布局合理，洗浴分开很fashion，每日提供纯净水、胶囊咖啡和高档茶包，处处彰显五星级的周到、细致。
客服阿姨的服务一流，每天外出回来后房间里收拾得整整齐齐，干净清爽，衣服都帮我们折好。酒店打车非常方便，服务生会积极主动帮助拿行李，很贴心。
本次入住四天三晚，感受非常棒，下次还来！羊城首选！",花园双床房,双床房
733,关于房间设施和价格合理性的评论,746,"这回在广州过年，选择颇具特色的花园酒店。因行程有变，先订了两晚后又加了大年三十儿一晚，之前是花园双床房，最后一晚是城央绿意客房，因为过年，房价陡增，其实房型没有区别，房间面积较小，洗手台比较局促。有条件的话还是选面积更大的客房会舒服些。
其他都很满意。具体的在另一条评价里写了。",城央绿意双床房,双床房
734,关于整体满意度和前台服务的评论,747,最近几个月住的最好的酒店，没有之一！??环境好、服务好，房间干净宽敞！前台小哥哥看见我们带着两个小孩子还给免费升了房！优秀！酒店里的餐厅也超级棒！孩子很喜欢！,花园双床房,双床房
735,关于公共设施和前台服务的评论,748,"环境：花园酒店并非浪得虚名，后花园很漂亮。鱼池的卫生也维护得很好，没有垃圾漂浮物没有人喂鱼食。
服务：所有工作人员都很有礼貌
设施：需要提高亲子酒店的服务，毕竟现在很多家庭都是带着小朋友出行的。",花园大床房,大床房
736,关于前台服务和整体满意度的评论,749,服务超好，前台小哥哥非常nice，房间很舒服，有很多service，很干净，每次来广州都住这里！！广州最好的酒店～酒店真的什么都有！,花园大床房,大床房
737,关于整体满意度和前台服务的评论,750,非常舒适的一次住宿！感谢前台zara小姐姐，给我们安排了一个舒适的房间，全程接待效率快安排好。酒店风景好漂亮，下次还会来,红棉大床套房,套房
738,关于整体满意度和前台服务的评论,751,服务不错，酒店环境不错，各色绣球花不错,花园双床房,双床房
739,关于整体满意度和周边配套的评论,752,"周末带小朋友到广州玩，无意中订到的花园酒店原来是一家宝藏酒店，比我的年龄还大，但各方面一点都不落后，设施绝对一流，服务十分到位，不愧为白金五星。
酒店周边配套很成熟，出行也很方便，出门就是地铁口，到市内多个景区也就半小时车程，周末过来citywalk感觉挺好的。退房后前台可以寄存行李，下午可以继续逛吃。
总之是一次满意的入住体验。",花园双床房,双床房
740,关于整体满意度和公共设施的评论,753,真是宝藏酒店啊，本身就是个度假地，很气派精致优雅老钱风，有历史有文化有品位，瀑布餐厅，岭南花园，各种餐厅，小黄鸭是超大套房，还有一座宝藏的博物馆。服务水平高，总之就是让客人觉得舒适又体面。,盼酷小黄鸭亲子主题大床房,主题房
741,关于房间设施和前台服务的评论,754,酒店从设施，装修风格及配置都非常高品质。服务员也很敬业，Gillian 给了我宾至如归的感觉。,花园大床房,大床房
742,关于整体满意度和卫生状况的评论,755,酒店大堂豪华大气，迎宾员热情周到，房间整洁、干净、卫生，配套设施齐全，服务态度很好，酒店赠送的欢迎点心很漂亮，口感也很好，很满意。,花园双床房,双床房
743,关于房间设施和公共设施的评论,756,"房间装修很好，整洁，空气清新。
酒店大堂豪华大气，很多旅客在大堂拍照留念，我们也不例外。
酒店门口有循环车道，方便接送客户。还设有临时停车场，充电桩，规划得很周到。
花园酒店的五星级实至名归，快来体验吧！",花园大床房,大床房
744,关于整体满意度和卫生状况的评论,757,环境优美，服务热情，卫生干净，房间设施还行。,花园双床房,双床房
745,关于公共设施和餐饮设施的评论,758,"后花园完美诠释花园酒店这个名称，还有酒店处处都有艺术插花和兰花盆栽装饰，很吸我这个鲜花控。
健身室器材很多，保养得也不错，不逊正规健身房了。桑拿房干湿都有，唯一的缺点是没有冰毛巾。露天游泳池挺大，遗憾的是冬天没有开放。
行政走廊服务不错，但是空间比较小，餐食比较少，跟文华比差得不是一星半点。下午茶时间有红酒，可以小酌红酒一杯。欢乐时间的餐点都是冷盘，建议可以增加一两款热汤食，例如云吞面或者牛腩粉这种有广州特色的粉面，即能让外宾尝试广州美食也能满足中国胃。
入住的是基本房间，空间比较小也能理解，没有浴缸。
生日有小布置，还送了好吃的山楂蛋糕，加分。
有个酒店博物馆可以参观，可以了解一下酒店发展史，不错。
老牌五星酒店，外宾比较多。",花园双床房,双床房
746,关于卫生状况和前台服务的评论,759,不错，酒店干净，服务也挺好，停车免费。下次出玩还选这家。,花园双床房,双床房
747,关于房间设施和整体满意度的评论,760,"设施：房间里面偏旧，员工衣服太老土了，还不合身，皱皱巴巴
卫生：一般，但是送了一份欢迎水果，不过不打招呼就私自放进房间有点吓人
环境：后面小花园蛮美的，但是不住也能去看，大厅也不错，就是感觉很乱
服务：还可以，主动帮忙拍照
总体而言，老式酒店，进去看看就行，特意住是真没必要",花园双床房,双床房
748,关于整体满意度和餐饮设施的评论,761,"我们一家人选择在2024年的除夕之际，共赴广州花园酒店，开启了一段难忘的四天三夜之旅。酒店的环境、服务以及餐饮都让我们深感满意，让我们在南方的春节中，尽享了浓厚的年味。
广州花园酒店为我们提供了舒适的住宿环境，无论是房间的清洁度还是设施的完备性，都让我们倍感满意。在餐饮方面，酒店的年夜饭更是让人回味无穷，每一道菜品都充满了南方独特的年味，让我们一家人在除夕夜品尝到了家的味道。同时，酒店的卫生和服务也是无可挑剔的，让人感受到了一份温馨和关怀。
此次广州之旅，让我们充分领略了南方春节的独特魅力。酒店为我们呈现了一场别开生面的年味盛宴，让我们一家人在欢乐和温馨中度过了一个难忘的除夕之夜。
广州花园酒店无疑是一家高品质的酒店，无论是从硬件设施还是从服务细节上，都展现了其专业和贴心的水准。我们在此次旅行中收获了满满的愉快体验，我们愿意向更多的朋友推荐广州花园酒店，也期待未来再次来到这里。",粤韵双床套房,套房
749,关于前台服务和整体满意度的评论,762,第三次来广州，果断选择花园酒店，免费升级了房间，非常感谢，前台服务态度也很好，非常满意的入住体验，下次来还会选择花园酒店,花园大床房,大床房
750,关于房间设施和整体满意度的评论,763,"卫生：不错
环境：不错
服务：不错
都不错就是房间稍微小了一点而已",城央绿意双床房,双床房
751,关于交通便利性和体验的评论,764,地理位置很好 出门就是地铁,花园双床房,双床房
752,关于整体满意度和体验的评论,765,五星级酒店，满意服务,红棉双床套房,套房
753,关于交通便利性和周边配套的评论,766,酒店位置很便利，离华桥村很近，出门就是地铁口。周边很多当地有名的餐厅，基本你能想到的都有。大厅前台工作人员很多，主动帮拿行李，主动帮叫电梯，还有很多外籍服务人员，很国际化的老牌五星酒店。我这间房早餐是在30层旋转餐厅用餐，360度无死角边赏美景边用餐。ps：早餐炒菜类调整一俩道中式热炒会更好！,粤韵双床套房,套房
754,关于房间设施和整体满意度的评论,767,冲着花园酒店去的，酒店花园名副其实，夜景也很漂亮，但酒店内有些陈旧，我们住的这间咖啡机也是坏的，有些失望。走的时候原本想参观酒店博物馆，谁知星期一闭馆，又是遗憾。,城央绿意大床房,大床房
755,关于交通便利性和周边配套的评论,768,"位置交通：位于环市东路淘金站上盖的花园酒店.公交地铁非常便利，酒店里也设有停车场，但私人车位居多。房间景观：有多种客房、套房可供选择：粤韵客房、花园客房、岭南套房等，丰俭由人。餐厅：有9间餐厅可供就餐，中西法日各式菜系，还有酒吧咖啡厅等不同休闲应酬场所，适合各种人士的需求。服务：酒店大堂服务非常认真细致，主动打招呼、帮推门拿行李，外语交流流利。餐厅服务员热气好客，随传随到，斟茶收盘及时。其他：户外有个几层楼高的景观瀑布，在瀑布餐厅就餐可以一览无余：后门出口有网球场：写字楼区1-3楼有日本驻广州总领馆。室内除了餐厅外，还有多家时装服饰和艺术品商铺，3楼有9间多功能会议室和1个国际会议中心，经常举办大型国际性商务会议；4楼还有花园酒店博物馆，扫码实名登记可以进馆参观，馆内收藏有酒店故事和发展变迁的珍贵照片藏品，丰富了花园酒店的内涵。
行政走廊的Kanchan,Cathy,Beryle,前台服务人员kasas,betty温和有礼，热情招待",花园大床房,大床房
756,关于卫生状况和安静程度的评论,769,房间干净，安静，妈妈说枕头特别好睡，出行方便，周围好吃的店很多，宝宝每日的必备项目就是去小花园喂鱼，推荐入住,花园大床房,大床房
757,关于客房服务和安静程度的评论,770,"槽点略多的酒店。
1. 携程上显示金卡可以升级房型，办理入住时表示要视当日房量而定，能理解，但我查看平台发现更高级的房型全都没有售空，希望前台再争取一下。前台女生走到旁边和另一个男生沟通，还没把我的诉求说完那个男生就立马说不行。当拒则拒，非常喜欢这种干脆果断的男生。
2. 房间明显有做翻修，但是翻修后的保养依然不太好。沙发套、办公椅等属于深度保洁的部分应该是没有常做的。浴缸有灰有毛发，日常保洁也欠佳。同时玻璃通透度太好了，不拉窗帘晚上恐有艳照门风险。
3. 外卖柜的位置令人感到匪夷所思。大堂设计本来就欠妥当，各种意义不明的隔断让人眼花缭乱，外卖柜更是设置在大堂深处角落。两个外卖柜不在一起不说，其中一个还设置在店铺里，标示牌也不明确。外卖员从正门进入酒店后要穿过整个大堂越过住客电梯厅才能到达外卖柜，所以大堂里乱哄哄的。这也是我第一次外卖送达取餐柜后被其他住客误取（这一点不完全是酒店责任，但也不能说完全和酒店无关。）
4. 外籍工作人员在入住期间打我手机求好评。相当不能理解，因为是外国人所以中文说得很艰难，考虑到他工作的辛苦我还是努力和他沟通希望听懂他的意思，但最后还是艰难地失败了，因为我听不懂他的名字。希望酒店可以让中外籍工作人员各管各的吧，是不愿意招中国人吗？
5. 花园瀑布挺漂亮的，但是晚上也开得太晚了，窗户隔音不好，明媚晴朗的夜晚听上去外面像在下暴雨。
整体看下来，酒店整体运营应该是遇到了一些问题，品控相当一般。
除去缺点以外，其他各方面表现（床品、个护用品、房间大小、地理位置等）也仅仅是尚可，和做得较好的连锁酒店是差不多的。表现最优秀的是餐饮，但是广州五星级酒店餐饮大多不差，甚至还有很出色的，故而也没有什么竞争力。",花园大床房,大床房
758,关于周边配套和餐饮设施的评论,771,大堂一进去很是惊艳，金碧辉煌，迎宾小妹的衣服更是金光闪闪，印象深刻。因为是老酒店改造，房间大小适中，不过陈设新颖。这里的服务员好多是外国人，还见到一些国外空乘人员。二楼的荔湾餐厅味道和风格都很独特正宗，连吃了两顿，省却了觅食的舟车劳顿，很加分。外出北京路步行街很方便，去机场也不远。,花园双床房,双床房
759,关于客房服务和前台服务的评论,772,"服务给的三星：
客房服务很好，特别是2月17日晚上帮2510房间测试Wi-Fi连接的阿姨和技术部门男士，以及18日上午整理房间的小帅哥。
对比去年年前入住的体验，礼宾和前台有明显的疲惫感和生无可恋脸，人手也比去年少。估计是春节客流高峰所致。三星评价由此而来。

酒店位置很好，地铁打车公交都很方便。
设施维护很好。卫生很好。
红棉房据说是23年重新装修过，很新，房间一切都满意，就是2510房经测试没有Wi-Fi信号，希望酒店稍后调整，不再影响后面的住客。
早餐就中规中矩，倒是吃到了久违的烟熏三文鱼。好像疫情三年很多酒店都把这道取消了？（个人理解和经历）",红棉双床套房,套房
760,关于房间设施和前台服务的评论,773,房间温馨雅致，床垫软熟柔软，睡的很好.行政走廊Lina小姐姐服务很好，很温柔。,花园大床房,大床房
761,关于性价比和整体满意度的评论,774,酒店帮我们?升级了房型 很喜欢性价比很高,红棉双床套房,套房
762,关于周边配套和交通便利性的评论,775,不愧为广州老牌高星级酒店，大气依旧，虽然智能化不一定跟得上现在的一些现代化未来酒店，但处处体现的人文让宾客感受暖心。尤其是酒店自带博物馆、私家花园，地理位置相当方便，门口就是地铁站，周边环东商区，游购娱吃喝玩乐都很近。隔壁就是一家点都德，对面还有一家广州酒家。总之住花园酒店令本次旅程增色加分不少。,城央绿意大床房,大床房
763,关于房间设施和整体满意度的评论,777,房间挺大，有套间，室内外设计很好，环境很美，花园尤其美，有两个瀑布，很多锦鲤和花，名副其实的花园酒店，服务还好，酒店博物馆周一闭馆,红棉大床套房,套房
764,关于房间设施和餐饮设施的评论,778,"久负盛名的花园酒店，盛名之下其实难副。一流的环境，二流的设施，三流的餐品。酒店占据广州核心区位，后花园是最大亮点。作为中国为数不多的白金五星，办理入住居然要15分钟，完全缺少宾至如归的感觉，减分；客房比较干净，布局和配置也相对合理、精细，但是设施太老旧，白金五星居然不配智能马桶，减分；早餐种类乏善可陈，口味一般，由于场地局促，高峰时间吃饭等位严重，11点的早餐截止时间，10点30就撤摊，岂是待客之道，减分。
建议亲子度假游客，可选不含早的套餐，避免踩坑。",花园大床房,大床房
765,关于退房/入住效率和前台服务的评论,779,"花园酒店让我有点失望！首先排队入住站着等了半小时多！不知道???什么可说的队伍一直没怎么动！终于排到我了吧居然居然被告知还要两小时才能有房！我的天啊我带两娃这么热的天喊我去哪里等！还说的好听给我安排景色好的高楼层！本来花园房就是21楼啊！你也没升级也没送早餐的！没什么好的体验感！
早餐也没啥特别的！就是瀑布餐厅景色不错！有花有??适合拍照??",花园双床房,双床房
766,关于退房/入住效率和餐饮设施的评论,780,"设施：设施都很新，尤其是过年入住非常有节日氛围

服务：服务一般，金卡会员不能升级房型。并且可能是因为人多，让我们先去逛再来办理入住，说到时候收拾出来会给我们发短信，等了一个半小时也没有收到短信，最后去了前台说有房可以入住了，属实有点耽误时间
早餐：早餐我们在旋转餐厅吃的，环境很好，吃的也中规中矩",花园大床房,大床房
767,关于客房服务和整体满意度的评论,781,之前几年每次来广州出差都住花园，开会睡觉两点一线倒也没留下什么印象，这一次携老小来广州过年；顺手订了熟悉的花园，没想到意外惊喜，成为此行最满意的一个决定：花园酒店竟然有个大！花！园！来了这么多次都没注意过，瀑布小桥流水锦鲤，草坪鲜花，妥妥一个精致的城市园林，还不用人挤人，两娃每天都去花园里玩耍放电；来的当天是初五，大堂摆着年味集市，工作人员发金币巧克力和糖果，高跷财神合影，充满了浓浓的年味；服务也是120分，每层的电梯间都站了一位员工，迎来送往问好祝贺，亲切有礼举止专业；最最过意不去是小朋友突发肠胃炎，弄脏了床单，凌晨四点一个电话立刻来换被子和床褥，全程安慰也没有收清洁费；第二天半夜又弄脏了…依旧火速赶到换床品，住了两晚基本都在照顾小朋友生病中度过，是花园员工的温暖让我们的熬夜照料变得不那么痛苦，真的非常感动～以后来广州一定认准花园！,花园大床房,大床房
768,关于整体满意度和体验的评论,782,非常nice 的酒店，还会再光临。,红棉双床套房,套房
769,关于退房/入住效率和前台服务的评论,783,按照约定2点check in时说没有空房要等待，没有任何主动的补偿措施。和前台说不要尾房，结果还是给开了一间尾房，重新排队一个小时等待换房间。房间隔音很差，旁边房间的小孩吵闹都能听到，投诉多次无果，下次不会再考虑花园酒店。,城央绿意大床房,大床房
770,关于前台服务和周边配套的评论,784,"热闹非凡的大堂，春节活动很多，人也很多，但丝毫没感觉到乱，反而很有氛围，电梯门厅和客房楼层电梯口都有迎宾接待服务，还热情地帮我们订楼下米其林餐厅的位子，从大门口开车门的服务员开始就一路给人如沐春风的感觉。
酒店地理位置很好，本身有一个小花园，有瀑布景观，对面是友谊商店，里面有广州酒家，酒店边上是点都德，去景区打车也都20分钟左右就可以。
尤其赞的是酒店里面就有三家米其林，不出酒店就可以吃到地道地美食。",红棉大床套房,套房
771,关于交通便利性和整体满意度的评论,785,说真心话没想到过年期间酒店这么火爆，但还是要为酒店点赞??，一流的服务，房间虽小，但设施齐全，床垫不错??酒店的服务态度都很好??。酒店的经典设计风格很独特，最关键的是出行方便，地铁就在旁边。来广州玩了两天，便捷的交通，舒适的入住体验还是不错滴,花园双床房,双床房
772,关于整体满意度和公共设施的评论,786,宾至如归，花园漂亮！老牌服务，大气！整个酒店虽然有一些年头了，但都做了整体的装饰新老结合中西合璧，颇有岭南地区的艺术美感。瀑布餐厅也是一大特色，孩子们还可以去花园喂鱼。如果有机会还会再次入住。,花园双床房,双床房
773,关于房间设施和餐饮设施的评论,787,酒店位于老城区，老牌酒店，服务不错！过年气氛好，酒店里面饭店也多，各种价位都有！选了桃园高端粤菜！菜品没话说，就是价格真的好贵！唯一不足，酒店卫生间设施老旧了点，淋浴房是浴缸，爬进爬出的，而且卫生间是敞开式！不太方便！隐私不够！,花园双床房,双床房
774,关于整体满意度和前台服务的评论,788,好不容易出差这次可以住上了。之前来因为到别的区去一直没住上。酒店大堂香味怡人，服务人员主动帮忙，热心。环境优雅，设施高级，卫生一直都很好。非常推荐,花园大床房,大床房
775,关于前台服务和交通便利性的评论,789,这个酒店超棒！首先 ，出了地铁口就到，对老人家来说很友好。酒店大堂的所有工作人员都态度非常非常亲切面带微笑。办理入住很顺利，看我们小孩是初中生，主动提出免费升了套房加了单人床，让我们在广州的3晚睡了舒服级了，并赠送了三套宝格丽的洗护用品套装！度过了美好的假期??,城央绿意双床房,双床房
776,关于整体满意度和前台服务的评论,790,非常喜欢！酒店有后花园，池子里有很多鱼，小朋友专门买了面包来喂鱼（鱼好肥），有漂亮的瀑布，还有一个博物馆。我们一家四口，原本订的是双床房，前台小哥哥给免费升级成了粤韵大床房，然后加了一个床，房间很大，浴缸泡澡也很舒服，服务非常好也很贴心，总之就是超赞的一次入住体验！,花园双床房,双床房
777,关于性价比和房间设施的评论,791,订的红棉房套餐，包早餐和5百餐饮券，应该是重新装修了，红棉房应该对应现在粤韵吧，给的几间都是粤韵；房间很大，设施新，卫生、服务、环境都很好，早餐在瀑布餐厅也不错，4楼还有个博物馆，入住外国人多。餐饮券能在酒吧用。套餐超值。,红棉大床套房,套房
778,关于整体满意度和前台服务的评论,792,闹市中的公园酒店，虽然有些老旧，但是维护的很好，服务也好，过年期间酒店大堂布置的霸气奢华，活动也丰富，但是第一次来广州，光忙着在外面玩了，只最后一天吃完早餐才在酒店转了转，玩的太少，下次还会选择,红棉大床套房,套房
779,关于房间设施和整体满意度的评论,793,酒店自带花园相当不错，瀑布流水锦鲤，非常适合小孩和老人。地理位置也很好。虽然是春节但服务人员很充足并且态度都很好走到哪里都主动打招呼。房间电视有很多海外频道。缺点是房间硬件落后了。插座少特别是床头充电很不方便。空调温度打不上去有点冷，关了反而好点。另外床太软腰不好慎选。,红棉大床套房,套房
780,关于整体满意度和前台服务的评论,794,新年气氛杠杠的，一进门被大堂喜庆的装饰惊艳到了。房间整洁舒适，好评！酒店考虑到春节入住人较多，开了两个自助早餐的餐厅分流客人，很是贴心。每个工作人员都是微笑的跟你说新年好，很是温馨！来广州住花园，没选错！,城央绿意双床房,双床房
781,关于整体满意度和前台服务的评论,795,酒店非常漂亮，布置充满了年味，年三十入住给人的第一感觉非常好。年初一上午酒店有舞狮活动，第一次近距离接触，非常棒。酒店每个工作人员热情，礼貌，主动打招呼，不愧是老牌五星级酒店。在酒店内有不少可以打卡的地方，有着浓厚的文化氛围！,红棉大床套房,套房
782,关于退房/入住效率和前台服务的评论,796,过年期间酒店住客多，入住排了长队，是我去过的所有酒店里办理入住时间最长的一家。我定的红棉大床房，下午3点办理入住时前台小哥说需要等一个多小时，可以帮我调剂到旁边楼的公寓房，有两个房间，当时我答应了。结果进去一感受，房间非常的旧，90年代装修那种感觉，旁边是长租的那种住客，环境像住居民楼，我受不了要求换到我原订的房间，告诉我还得等打扫完，于是除夕夜等到晚上快10点，终于入住了自己原先定的房间，房间装修比较新，空间也挺大的，就是没房调剂这点操作太让人迷惑了，人家总是往高了调吧，哪有他们这种往差了给我调的，幸亏坚持换回来了，不然真的得难受过年了。酒店服务员态度都挺好的，后花园的环境也很好，早餐种类也还可以，过年的氛围布置都挺用心的。,红棉大床套房,套房
783,关于前台服务和整体满意度的评论,797,带家人过年，谢谢办理入住的工作人员帮我免费升级了套房，不愧是花园酒店，套房体验好，工作人员热情负责，年味浓。晚上订了团年宴，因为坐在喇叭附近音响太大，跟服务员说了后，很快音量调小了，谢谢那位小姐姐负责有效率。团年宴菜量有些多，后面还有几道菜没上我们就饱了，提前走了。早餐丰盛环境好。,红棉双床套房,套房
784,关于房间设施和整体满意度的评论,798,总体品质服务不错，房间设施比较老但是保养还可以，公区旋转餐厅、后花园能看出上世纪最高端5星级酒店的风格，也是个独特的体验。大年三十酒店有很多特色活动非常有氛围，还赠送了几只康乃馨。这个酒店感觉外国客人挺多，还有外籍工作人员。建议：房间增加空气清新或香氛。,花园大床房,大床房
785,关于餐饮设施和整体满意度的评论,799,"春节活动丰富 气氛浓郁 闹中取静的花园有特色
人流特别大 有一天早餐排队太久放弃了 应该预先提醒一下客人的 酒店对满负荷运转的预备不足
房间舒适卫生 客房服务响应及时 地理位置方便
酒店餐厅运营服务水平不敢恭维
和五星级酒店的中餐厅比有较大差距
反映问题后值班经理处理及时 餐厅后续补救措施比较真诚
前台的服务人员无论是中方还是外籍的都热情周到",粤韵大床套房,套房
786,关于前台服务和房间设施的评论,800,服务很周到，门童会主动打招呼并帮忙拿行李，去客房电梯口也有工作人员指引，checkin柜台小姐姐Viria很热情且耐心。酒店环境不错，后面有个小花园，唯一欠缺是房间设施有些旧了，卫生间通风换气不佳。,红棉大床套房,套房
787,关于前台服务和房间设施的评论,801,有史以来入住等待时间最久的一家酒店，大堂人员嘈杂，乱哄哄的，体验极差，前台服务人员一点不急，在那里慢吞吞的。客房装修老旧，堪比快捷酒店。水龙头设计不合理，一打开水溅的台面上一塌糊涂。淋浴和马桶共用一扇门，关上淋浴，用马桶的就没有门了，敞开着上厕所。奇葩省钱装修。淋浴间瓷砖破损，茶几磨损严重，还在坚持给客人使用。完全与五星不搭。这个酒店真是金玉其外……。,花园双床房,双床房
788,关于前台服务和客房服务的评论,802,环境不错 行李生服务特别好  客房大姐也很热情,花园大床房,大床房
789,关于整体满意度和前台服务的评论,803,花园酒店除了地理位置优越，服务几十年来没有任何降低，酒店的房间干净大气，充分体现国际酒店的水平。酒店的各类服务人员，态度和素质非常高，超越很多新的酒店。广州酒店，首选花园酒店是绝对不会错的,城央绿意大床房,大床房
790,关于整体满意度和前台服务的评论,804,入住环境真的是很好，酒店自带一个那么大花园很惊叹了。而且春节期间，过年气氛搞得特别浓，特别喜庆热闹，感觉随时有节目随时有惊喜，孩子遇到好几次财神高兴的不得了，几块金币巧克力带来的欢乐??愉快了整个旅程。服务也很好，热情又主动，前台接待、大堂经理、餐厅工作人员都很积极。整体入住体验很满意。,红棉大床套房,套房
791,关于周边配套和退房/入住效率的评论,805,第2次入住花园，地理位置好，离北京路很近，办理入住可以再便捷快一点，房间干净，床垫偏软，早餐在一楼，地方不大，有安排座位，餐品一般，种类不多，参观了花园博物馆，里面陈列的是以花园酒店为主的广州酒店发展史。总体感觉一般。,花园双床房,双床房
792,关于房间设施和公共设施的评论,806,房间总体保养不错，就是淋浴下水有些不畅，可能是时代有些久远。酒店内瀑布花园，顶层 360旋宫餐厅是酒店亮点，住酒店有空值得一去。旋宫可以俯视全城美景，瀑布花园小而精致，很有岭南风味，点赞！,城央绿意双床房,双床房
793,关于前台服务和客房服务的评论,807,每次来广州都喜欢住花园酒店，酒店服务始终保持着传统的管家式的贴心，行李房，楼层管理，房间整理，都一如既往地规范有礼，路上员工也会主动跟客人打招呼，而且酒店大堂的布置总是那么富有岭南特色。,花园大床房,大床房
794,关于整体满意度和前台服务的评论,808,酒店环境很好，瀑布餐厅很美，服务很好，办理入住送了鲜花，房间整体不错，有迎宾水果，过生日还送了蛋糕，服务员Amy写的小卡片很贴心，很不错的入住体验，下次来广州还会考虑住花园酒店！,花园双床房,双床房
795,关于房间设施和卫生状况的评论,809,作为老广，花园酒店一直都是属于高档酒店的存在，没想到入住大失所望，房间设施陈旧就不说了，浴室卫生简直以灾难级形容，大理石裂的，洗脸盆和淋浴间的霉菌简直吓人，很难想象跟星级扯上关系,红棉大床套房,套房
796,关于整体满意度和交通便利性的评论,810,选择住花园酒店时还有点纠结，虽然也是五星，但年代久远，硬件设施确实还有改进的空间，但也因为是老牌五星，对于我们这种没体验过的外地游客而言，还是很新奇，瀑布、花园、博物馆这些无论对于大人还是孩子而言，都还是不错的体验。应该说特色突出，值得一试。但是入住和退房都要排队，有点尴尬，携程的铂金会员也要押金，好在办了个岭南酒店金卡，送了小朋友早餐还是不错的，而且瀑布餐厅和楼上的旋转餐厅，孩子都很喜欢，总体来说还是很满意的！对了，在地铁口也非常重要，超级方便！,花园大床房,大床房
797,关于房间设施和客房服务的评论,811,"家庭出游定了双床房，整个交通，酒店环境都还不错。但只有三分的原因就是这个洗手间和浴缸（没有淋浴间）是正对房间两个床，也就是家里有异性的话，无可避免的要有几分钟暴露时间，因为你不能在浴缸里穿衣服，而且也没地方放干净的衣服，如果家里有老人，跨进跨出洗澡还非常有难度！这个设计是我不能理解的。就算是好朋友一起出游，我想也不太好意思洗完澡出来就被看光吧？？？
另外，我在六楼，需要补给我去找走廊打扫的小妹，外籍小姑娘说“听不懂”，只能用英语交流，我想说，你在中国的土地上打工，你听不懂？？？这个需要客房部培训一下了。我可以讲英语，但是你不能不会中文哦！",城央绿意双床房,双床房
798,关于整体满意度和周边配套的评论,812,孩子们非常喜欢花园酒店，装修精致，服务贴心，后花园景色优美，欣赏瀑布尝心悦目，酒店的文创商品也非常有特色，荔湾亭的食物让人流连忘返，酒店交通便捷，距离地铁站很近，酒店各方面都让人很满意，下次还会入住。,花园大床房,大床房
799,关于整体满意度和客房服务的评论,813,"酒店非常气派，大开眼界！ 长辈都夸好。
定的64平的套房，宽敞舒适，客房服务响应及时，行李搬运也到位。
第一天图省事去了荔湾艇吃饭，有点不愉快，性价比不高。
下次还会选择入住花园酒店，吃饭还是去外面吃更好。",红棉双床套房,套房
800,关于前台服务和交通便利性的评论,814,这次旅行挑酒店??最快，选了花园酒店。看评价差评多有点忐忑但是一下车真的很棒，门童主动拿行李??，每个服务人员态度好，办理入住也特别快，房间干净整洁，有咖啡机胶囊咖啡免费，和新加坡????茶。连住三晚每天及时打扫??。酒店的桃园亭吃的早茶，人特别少，味道不错就是贵和白天鹅??差不多优点就是不用排队，就两三桌。酒店门口很近就有点都德，对面的街有好多好吃的嫌北京路远可以去酒店对面溜溜，还有个优点就是离地铁站非常近这个是我选择这个酒店的重要原因！唯一缺点就是不能开窗，身为北方人总觉得有点潮味儿。总之很满意放心入住,花园大床房,大床房
801,关于整体满意度和客房服务的评论,815,每家五星级酒店都有自己的风格！广州花园酒店拥有自己的博物馆，自己的花园，自己的米其林餐厅！可以媲美上海的和平饭店??！客房服务真的非常人性化！感觉宾至如归！来广州过年，花园酒店的布景，年味浓郁！感觉特别好！,花园双床房,双床房
802,关于餐饮设施和整体满意度的评论,816,慕名而来，酒店服务各方面还可以。因为我们山西大同也有个花园酒店非常棒的，听说他们都美食就是在这里学习的说以想感受一下，也许不适合我们北方人都口味，感觉还是我们大同美食才是天下第一，欢迎大家来大同感受一下，,花园双床房,双床房
803,关于交通便利性和前台服务的评论,817,"酒店正门右边就是地铁5号线淘金站，交通便利，不想坐地铁，服务员会在外面帮你叫出租车，服务非常好！
酒店大堂装潢非常漂亮，接待入住的前台美女服务也特别热情！早餐种类也非常丰富，你可以选择在一楼的瀑布餐厅，也可以选择在30楼旋转餐厅用餐！个人偏向推荐一楼瀑布餐厅，但是要记得早点去，八点半九点时去的话有可能需要排队等位哟！
房间也非常干净，每天都会打扫，如果你在房间开了请勿打扰，服务员也会打电话询问是否打扫房间，什么时间打扫房间合适，所以服务特别贴心！
大年初一那天酒店还请来了专业的舞狮团队来表演，特别哇塞！",红棉大床套房,套房
804,关于整体满意度和前台服务的评论,818,都很满意，出地库就有漂亮小姐姐帮忙拿行李引路。还有欢迎糖果，和离店小礼物。酒店后花园是隐藏在闹市里的世外桃源，美美的！很出片！下次去还住花园酒店！周边很方便，饭后遛食，一杯小酒惬意的很！,城央绿意双床房,双床房
805,关于前台服务和餐饮设施的评论,819,"花园酒店真的是目前住过最有底蕴的酒店，一进入大厅就能感受到。前台办理入住非常快，虽然排队的人多但是窗口非常多很快就到了。前台Gillian非常专业迅速，得知我们是金卡会员并且过生日迅速安排房型升级超级认真负责，还送了鲜花超好评。行政酒廊待遇也非常全面，包含了早餐，下午茶和晚上的欢乐时光。
早餐种类非常多，在30楼旋转餐厅，每次都会带领我们入座。在我们记错时间错过下午茶时间后，Carrie女士立刻为我们安排第二天补上。即使不在服务时间，另外几位女士也为我们制作了两杯咖啡。二天我们入座后Carrie立刻前来询问我们的需求。
此外，我们住宿的16层电梯口也也服务的女生，我们安排电梯。
花园酒店的服务团队非常非常专业，非常庆幸这次能够选择花园酒店。",花园双床房,双床房
806,关于餐饮设施和整体满意度的评论,820,非常巨大的酒店，所以入住要排队很久……大厅很国际化，设施还不错。第一次安排的房间一进门就是浓浓的蒜蓉生蚝味道，虽说闻起来不错，可实在不适合入住吧。之前就听闻早餐是米其林级别的，所以都订购了含早的房型，第一天体验还可以，虽说选择不多，餐厅比较小，有点局促，但餐厅后的瀑布还比较特别。第二天的早餐因为人太多，被忽悠到了旁边的酒吧，进去前一直被告知菜品是一样的，结果酒吧里不仅很冷，还没什么吃的，本来没什么胃口，只想喝完热粥，哪知道连这么卑微的要求都不能满足。敞开的粥锅里只剩一个底儿，还得排队抢，好不容易盛好了粥，还居然是冰粥。酒吧的服务人员一直在保障外国友人，国人在她们眼中，大概就是被施舍的吧，体验非常非常差，这样的品质也好意思说自己米其林？也好意思收200+的价格？现在是2024年了，拜托酒店醒醒吧，不是只有服务好外国友人就可以万事大吉的时候了。很糟糕的体验。再也不会来这样一家徒有虚名的虚伪酒店了。,花园大床房,大床房
807,关于整体满意度和房间设施的评论,821,著名的花园酒店，非常喜欢那种文化气息和岁月的底蕴，同时自然也会有设施维护的问题，比如用水时下水管道会发出响声，沙发上会有污渍，但服务也非常周到，除了入住时前台不清楚套餐包含的桃园馆餐次数，说要核实后告知，不过一直没有回音，后来主动问过一次，也没有回话，除此而外，服务特别好，比如无论去餐厅还是乘电梯都有人引导，退房体验特别好特别方便以及人性化。下午茶和欢乐时光体验也很美好。总之，满意，再去广州会再选花园。,粤韵双床套房,套房
808,关于前台服务和退房/入住效率的评论,822,购买了携程3晚连住花园双床房含早3600套餐，提前一周预约了房间。出发前一天跟客房部打电话确认房型，要求高楼层安静无烟，对方回答会给备注。当天20点到达办理入住，说是帮我帮忙升级了9楼的城央绿意房，上去查看900是位于电梯间后面，浴缸和淋浴同处一处，考虑带孩子使用不便，便座机酒店客房部要求原房型入住。结果被告知已无类似房型。那么问题来了，我之前的全款预约、电话确认是为了什么？！座机沟通后被告知还有一间花园双床房在打扫，但无浴缸。我提出可否参观一下，被拒绝，并且打扫需要1.5小时左右，就是22点半以后！！毫无选择的我只能致电携程客服帮忙解决～就这么等了50分钟酒店和携程都没有任何回复。第三次致电携程后仍没有确切回复，自行前往大堂前台直接理论。诉求和理由同上。在前台交涉了50分钟，最终给了间23楼的红棉大床房加床处理，入住时接近22:30。我们不是无理取闹的人，只是争取合理的权益。好在后续酒店和携程在催促下有积极处理，结果还是满意的。说说酒店本身，地处老城区，餐饮交通真的方便。顶楼旋转餐厅风景好，餐食和服务都不错。所在楼层会有电梯间引导服务员，每次见面问好并确认房间号，挺安全的。图1-3是9楼的城央绿意房，除了浴缸淋浴不合理，其余中规中矩。图4是新装修的红棉房，推荐入住。携程平台还是很注意客户感受的，继续支持！,花园双床房,双床房
809,关于卫生状况和整体满意度的评论,823,房间干净，环境很好,红棉大床套房,套房
810,关于整体满意度和前台服务的评论,824,不知道为什么会有许多差评，对于一个比较挑剔的住客来讲首先我认为不错的。选了家庭大床房，服务很好，酒店下车时工作人员主动帮忙搬行李，每层都有导引人员，其次房间虽然不是非常大，但是干净温馨而舒适。巴基斯坦的小伙子很热情。作为白金五星酒店四楼的博物馆一定要去看看，那是时代的缩影，还有后花园，繁华喧嚣中的宁静与美好。唯一的遗憾是瀑布餐厅的早餐因为周六客满被换到了旋转餐厅，希望这一项能够改善，至少要保证住店客人用餐。,花园大床房,大床房
811,关于整体满意度和前台服务的评论,825,"晚上7点多到的，前台给我们升级了套房，房间大一倍，非常满意。
房间舒适干净，又大，非常满意
酒店就是个花园，瀑布，亭台楼阁，又有深厚的文化底蕴，4楼有个酒店博物馆，好逛，非常满意
工作人员服务态度很好，看到住客主动打招呼，还有不同的活动领了冰箱贴，非常满意！
下次还会再来住！",花园双床房,双床房
812,关于整体满意度和前台服务的评论,826,第一次入住，很成熟高雅的酒店。花园酒店的Rebecca还给升级了房间，必须点个赞！,花园大床房,大床房
813,关于前台服务和餐饮设施的评论,827,满意，舒服！安娜和李文服务热情周到，保洁员对客户提出要求及时记录（服务满意）餐厅早餐美味，旁边有瀑布环境舒适,红棉大床套房,套房
814,关于餐饮设施和前台服务的评论,828,房间的设施有点老旧了，酒店大堂和后花园还可以。这酒店住的老外挺多的，重点来了。因为老外多，我发现大厅餐厅的服务员就比较**，我们去吃早饭的时候遇到同样一起排队的老外就分在能看见瀑布的位置视野开阔，光线明亮，我们一家三口分的位置就是最最角落的不要说看看瀑布了连光线都很暗的，家人们谁懂啊，花600多就是去打卡瀑布的好吗。我看见我们前面的三个老外就坐的位置很好，我当时就emo了，问服务员有没有位置好点的嘛？大厅不是有很多空位置吗？我想坐到那边去，她说啊那是有人坐的，他们都在取餐，一边说的时候一边微笑，我听了就不开心了，吃饭的心情也没有，过一会不知怎么的大概看我不开心就给我们换位置到大厅了，重点来了，我去取咖啡的时候杯子着急拿走服务员就跟我说no finished 谁懂啊，我一中国人在广州玩又没有出国说啥英语啊，真的醉了，咱不是说排斥英语啊，就你环顾四周的时候就发现坐大厅好位置的都是老外，我严重怀疑这酒店服务员是**。最后酒店早餐真的很一般就同是五星级酒店的早餐来比不能说最差的，实在是一般。不建议去吃。,花园双床房,双床房
815,关于整体满意度和客房服务的评论,829,超级漂亮的酒店，地理位置非常好，整个酒店进门就是香香的，给我们升级了套房，三大一小住起来很宽敞，很舒服的一次旅行，客房还送了小书包跟水果给宝宝，特别用心呢,红棉大床套房,套房
816,关于周边配套和整体满意度的评论,830,酒店位置很好，环境优美，服务到位，床品舒服，早餐纯西式，周边有广东酒家、点都德早茶非常不错！卫生需要注意，咖啡机和水壶感觉都不太干净！过年气氛很浓，大堂有自己的集市和乐队，热热闹闹，开开心心！,花园大床房,大床房
817,关于房间设施和卫生状况的评论,831,"这是我住过最差的酒店（更别说是五星级酒店了），比招待所都不如，还五星。房间和卫生间冲凉房直通，冲凉换衣服都不方便，而且设施非常残旧，真的是招待所的硬件。
    冲凉房居然就是一个浴缸，排水又慢，冲个凉简直就是水漫金山，水泡到脚腕，无法排水，而且在浴缸跨来跨去影响人身安全，出来就是房间，无任何遮挡，招待所都不是如此吧？岂有此理！！
    卫生间又窄又残旧，进去又不方便，就是个招待所不如的地方。
    房间又小可能 10 平方左右，而且床又残旧，地板更残旧，反正没一样东西是好的。就是乡下的招待所都比花园酒店客房好。反正谁住谁遭殃。看看图片就知道。差评！差评！差评！重要事情说三遍！！",花园双床房,双床房
818,关于前台服务和客房服务的评论,832,预订酒店时备注了这次入住是为了过生日如果情况允许希望能安排上好一点的房间。晚上九点到店办入住时迎来了小小客流高峰，需要排队等候。办理入住手续的时候，前台小姐姐Betty 安排了一个超完美的房间，她还特意提醒我房号是精心设置了一个“好意头”的房间，还热情的给我送了几支花花。真的是太有趣了！房间安排了升级，打开房门发现房间有主题精心布置过，还有新鲜的欢迎水果，非常感谢客房姐姐的安排！房间里处处都是细节，房间桌子上摆放着酒店不同餐厅不同特色打卡点的酒店指南，图文并茂有趣又生动。连墙上挂着的装饰画都有印着二维码，好奇地拿手机一扫，显示出来的就是客房里房间装饰上蕴含的各种岭南文化元素。让我异常惊喜的是，短短的文章中透露出不同的岭南特色文化，有种让住客在入住期间都能感受到这个酒店的文化底蕴和用意。唯一一个小小的插曲大概是我们不知道今天酒店会有赠送蛋糕到房间的这个惊喜。所以早上送的时候，估计服务员看到我们挂了请勿打扰灯，让前台打了电话来确认，刚好那个时间我们还在休息，电话来的时候会有一点感觉被吵醒到了。但总体来说这次入住非常不错的呢,花园大床房,大床房
819,关于整体满意度和周边配套的评论,833,风景很好，酒店有文化历史风韵。下次还会入住这里，续住了一日，非常满意。酒店周边很多老酒家，适合美食爱好者。,花园双床房,双床房
820,关于整体满意度和前台服务的评论,834,"设施：大堂非常的富丽堂皇，现在是圣诞节的布置了，好浪漫。?瀑布餐厅也不错，房间的层高略矮，?以如今已是38年了，设施有点老旧，但是还是蛮干净的，床上用品很舒服，如果放在38年前绝对是顶级奢华。??
过来过生日的，酒店帮忙升级的房间，还帮忙做了布置，前台还送的了鲜花，谢谢每一位热心且用心的工作人员。
酒店的花园也是精心设计过的，但是略小，现在只有异木棉在开放。
酒店博物馆还不错，听说有免费的讲解，但是没赶上。
上上下下里里外外的每一个工作人员态度都非常好，大堂里穿粉红色裙子的小姐姐会热心的帮忙拍，而且拍照技术很赞，感谢感谢！
早餐比较一般，种类比较，但是环境很好。
送的点心很好吃！谢谢！
因为胃不好，不然高低吃顿午饭再走。
整体感觉不错，都在五星的水准，里里外外逛了个遍，没事就在房间里面写写字，很安逸。

?",红棉大床套房,套房
821,关于交通便利性和餐饮设施的评论,836,作为全国3家白金五星级酒店，大堂富丽堂皇，后花园小桥流水，瀑布潺潺。4楼酒店博物馆不错，感受改革开放的岁月变迁，体会广州酒店业的发展历史和蓬勃生机。酒店门口地铁淘金站，去哪都很方便。稍显遗憾的是早餐种类不多，而且人多，排队时间长，体验不是很好。,花园大床房,大床房
822,关于餐饮设施和交通便利性的评论,837,本次购买的是套餐，包含自助晚餐和早餐，然后升级了一间房间为酒店景观房，十分美好，花园酒店虽然老牌但质量和服务依然上乘，房间设计精巧古典。食物也很好，很多人来吃自助，早餐最好也要早点去。附近可以去对面马路的友谊商店逛逛，是广州最早的进出口商店。也可以坐地铁或公交去天河体育西一带购物游玩，地点而言十分方便。,花园双床房,双床房
823,关于房间设施和餐饮设施的评论,838,房间很奇葩，开放式卫生间，马桶间和淋浴室共用一扇非常难拉的拉门，可以想象*******便秘的场景，而且住到第三天被褥就会开始返潮……沟通了下前台，这种奇葩装修是老板喜欢，果然品味清奇。早餐八点左右必然排队，餐品挺难吃，我一便宜嘴巴说难吃就真真的千真万确了??，我觉得这种难吃是不以人的意志而转移的??。行政酒廊没烈酒和调酒，比较少见，全冷餐，在空调不行的情况下对老人和妇幼有点不和谐，基本上脱不了外套。酒店所有服务人员的素质很高，非常热情，仅次于海景花园了。行政酒廊的早餐点餐是冷的??,花园双床房,双床房
824,关于房间设施和整体满意度的评论,839,花园酒店一直都是很稳定，先装修的房间很好，体现岭南设计风格。,花园大床房,大床房
825,关于整体满意度和前台服务的评论,840,老牌五星，广州人妇孺皆知的豪华酒店，硬件不会让人失望。服务在广州五星酒店里算比较好的，不过因为刚在上海和平饭店住过，感觉还有进一步提升空间，例如服务的主动，还有真诚。如果有机会，酒店的有关人不妨自己掏腰包，以普通客人的身份，去上海和平饭店住一晚，吃一次饭，参观一次酒店的博物馆，体验一下差距。作为一个老广州，真心希望花园酒店这个金子招牌擦得更亮。,花园双床房,双床房
826,关于公共设施和整体满意度的评论,841,"花园酒店的大堂很有特色，很多元素，中西合璧，金光闪闪，迎面的冲击感很强。
岭南花园是酒店的特色，有四层楼高的瀑布，南国绿植，小桥流水加悠游的锦鲤，是一派太平盛世的景象。
最喜欢的部份是四楼博物馆，小姐姐洪亮的嗓音，标准的普通话讲解，把酒店发展的历史，广州酒店的历史以及花园酒店的特色娓娓道来。",花园双床房,双床房
827,关于餐饮设施和前台服务的评论,842,基本满意，但是2024/1/27日在瀑布餐厅早餐的时候被一名服务人员（餐厅做鸡蛋卷的那个厨师，具体名称不清楚，就是鸡蛋摊开放菜丁的那个蛋饼）搞的心情不好，他摊好一个之后放在了台子上，我没有意识到是别人预定的，我就打算拿，刚拿起来，他就大声说“Order，understand？” ，我就放了回去，我就不明白了，你面对国内的客人，有必要说英文吗？而且还是呵斥的口吻，我很震惊，五星级老牌酒店，这种服务态度，而且还带有崇洋的潜意识，什么年代了，无语，本想投诉给餐厅经理的，行程太紧，没时间，这里吐槽一下，酒店的服务，硬件和软服务缺一不可，而且温馨的软服务才是取胜之道，总之这个人的服务影响了我对花园酒店的印象！,花园双床房,双床房
828,关于公共设施和安静程度的评论,843,"老牌白金五星底蕴还是非常深厚的 酒店本身就自带景点 餐饮配套等均在水准！
入住期间室外游泳池维修中没有体验 如有室内泳池更佳。
老酒店隔音是减分项，此次房间安排在布草间对面，保洁阿姨的开关门声聊天声都能听到，如对隔音有要求需慎选。",花园大床房,大床房
829,关于安静程度和整体满意度的评论,844,一家有情怀有历史的老牌酒店是值得入住的，特别是四楼的博物馆绝对加分，让顾客了解酒店的昨天和今天；后花园的颜值也是值得欣赏的。但是由于房间安排在电梯旁晚上总有上上下下电梯的声音，体验度不是很好；加上晚上九点多楼上还在类似发出维修的电钻和敲打声，这个暴露了管理的不精细的有违酒店顾客的酒店文化。,红棉大床套房,套房
830,关于整体满意度和公共设施的评论,845,酒店大堂富丽堂皇，第一眼看到有被震惊到，涨见识了！酒店处处是艺术风景，后花园也很美，值得来。这是一家有历史，文化底蕴的酒店，所以以前的房间设施相对旧点，但总体感受很好！,花园双床房,双床房
831,关于餐饮设施和安静程度的评论,846,"??套餐里的行政早餐实在拉垮 自助部分屈指可数 点单部分第一天还行还有摆盘 第二天直接像换了厨师我的煎蛋们缩水了 吃了两天还是乖乖回一楼瀑布餐厅吃了 很热门 周末早餐到11点 11:30午市开始
??来之前得多刷刷评论啊 原来楼下在修地铁好像 避雷各楼层19-34号这一排房间（应该是）总之入住前一定要问清楚修路是哪一边的房间 第一晚凌晨两点还在开挖掘机真是服了 
??入住晚了 被告知楼层是吸烟楼层 会放一台空气净化器 
??后面的花园是真漂亮
??服务可以 礼宾部的几位不错
??出行方便 门口就是地铁",粤韵双床套房,套房
832,关于房间设施和交通便利性的评论,847,酒店紧邻地铁站，出行非常方便。酒店大堂非常壮观，一进去就忍不住要拍照，服务人员热情周到，但进入房间还是有点失望的，毕竟年头长了，设施老旧现状无法避免，洗浴池地漏堵水，洗个澡要洗洗停停，非常不便，期待改进！,花园双床房,双床房
833,关于整体满意度和前台服务的评论,848,酒店很大气，一入户，大厅里金碧辉煌，那面超大的金色背景墙给人一种震撼的感觉。服务人员很热情，主动提行李，主动递水，主动发小礼物，电梯口的小姐姐每次一见面都要给小朋友一大把小点心，客服部也是有求必应。后面还有瀑布大花园，很漂亮。外面一出门就是地铁5号线，非常方便，离小蛮腰也很近。整体超赞。,花园大床房,大床房
834,关于交通便利性和整体满意度的评论,849,挺不错的，交通挺方便的,花园双床房,双床房
835,关于整体满意度和房间设施的评论,850,"此次广州之行第一站选择了花园酒店，非常满意。
房间设施、服务态度都是应有的水平，建筑本身也是风景。
最打动我的还是它独特的气质，而且很明显地感觉到，管理方有意营造这种热气腾腾、繁花似锦、芬芳馥郁的梦幻感。
当然也有一些问题，譬如面盆里有霉渍，深夜外面修路的声音还很嘈杂。但氛围感到位让人可以忽略。",红棉大床套房,套房
836,关于房间设施和整体满意度的评论,851,第二次入住了，价格有点贵但还是挺有当地特色的，服务不错。房间很大很舒服，虽然看得出已有一些些年代感了，但总体体验还是不错。每次checkin都会遇到阿联酋航空机组。唯一美中不足的是房间插座没有配备usb充电，最后问酒店借了一个充电器，也算是完美解决问题！,花园大床房,大床房
837,关于房间设施和安静程度的评论,852,设施有复古风，只是空调设备噪音太大,花园双床房,双床房
838,关于客房服务和整体满意度的评论,853,"亲子家庭出行，花园酒店的春节氛围浓郁，捏小泥人非常受孩子喜欢～
但是服务还是很受影响，没有欢迎水果，连住两晚，房间没有主动打扫。宝宝备品没有，床围没有，总之有点一言难尽",花园大床房,大床房
839,关于房间设施和餐饮设施的评论,854,"房间布局紧凑。进门在电梯后方，第一次遇到也是长见识了。
洗澡水压大，很舒服。早餐在30楼，鸡蛋和面食自主选择下单，第一天吃不懂，原来配菜很多量很大，第二天就知道少点了，节约粮食。
大厅果真气派，真不愧是白金五星级酒店，香氛味道很不错，4楼的博物馆和后花园瀑布一定要去参观。
以后有机会再来。",花园双床房,双床房
840,关于整体满意度和公共设施的评论,855,阔别15年后再住花园酒店，没想到还这么棒。无论硬件设施还是服务质量绝对还是广州首选住宿酒店。酒店内后花园是国内众多高档酒店中难得一见的宝藏级花园。特别推荐三楼桃园馆的清蒸东星斑，非常好吃。,花园大床房,大床房
841,关于前台服务和整体满意度的评论,856,在结婚28周年纪念日选择了入住花园酒店，跟着礼宾小哥参观了酒店25个打卡点，在酒店博物馆听了广州酒店历史文化发展的专属介绍。特意选择了在荔湾庭晚餐，听着故仔和粤语旧歌，聊起在江边吃过的艇子粥，胜利宾馆的虾饺，老广州喝茶时拿着单子围着干蒸烧卖车边拿一盅两件边盖印章的趣事，耳边响起黄家驹的“喜欢你”不由唱起来，感觉太好了。前台小姐姐给我们升级了粤韵房，穿着汉服和旗袍拍了好多照片。最后，没有浪漫情怀，不善表达的老公说了一句“还是很高兴的哦”为这个特别的纪念日画上了美好的句号。,红棉大床套房,套房
842,关于前台服务和整体满意度的评论,857,花园酒店不愧为老牌五星，卫生，服务都很不错，特别感谢前台niki服务意识和态度都很好还帮忙升级了房间，下次还会选择这里,花园大床房,大床房
843,关于前台服务和退房/入住效率的评论,858,怎么说呢，依然金碧辉煌的大堂，照旧熙熙攘攘的人流，办入住的时候说我订的房型只有5层靠边的了，外面市政施工有噪音，给我们升级到套房，看了房间后发现原来是公寓楼不是客房，没有同意，出去吃饭回来后说安排好了还是原来的房型在20楼，能感觉到小伙子想尽力做到让客人满意，还好虽然晚上外面有施工但没影响休息。就是押金要第二天9点才能给退，感觉效率太低了，给人有点店大欺客的感觉。,城央绿意双床房,双床房
844,关于公共设施和体验的评论,859,广州花园酒店的大招要从进入大门后开始——自接待厅起，一众充满岭南文化韵味的陈设与装饰，真的让人感觉走进了一座现代的艺术宫殿。接待厅的中央就陈列着当年那块“白金五星级酒店”的奖牌，它两侧的墙壁上分别挂着阳江手工漆画《百美图》与《百骏图》，静与动、柔与刚，相互呼应。进入大堂，最吸睛的莫过于前台背后的《红楼梦》大理石贴金壁画，它曾被国务院认证为全国最大的酒店大堂及镶金壁画。据说这副巨画由30多位工匠，花费7个多月才完工，用2公斤重的黄金做成20万片金箔，贴成了金陵十二钗的形象与故事...金庸先生2003年时也曾来此，并为这副画题字“花园酒店/如进荣国府/身在大观园”。与《红楼梦》壁画相对的墙上，是另一幅大理石壁画《广东水乡石刻壁画》，两幅壁画中间的空间，经常会更换放置一些限时的快闪展览装置，现在放置的是，主要面向孩子们的现场互动创作区，可以让他们在玻璃上随意进行色彩作画。,红棉双床套房,套房
845,关于整体满意度和卫生状况的评论,860,酒店富丽堂皇还有博物馆 卫生且干净,花园双床房,双床房
846,关于房间设施和餐饮设施的评论,861,房间布置很温馨，有种回家的感觉!床特别舒服，躺在上面特别放松!床垫非常柔软!下午茶小点心味道很甜蜜。棒!各种卫生用品也很干净!后花园也很漂亮!早餐特别丰盛!确实是米其林的大厨烹饪的。有机会还会光顾!,城央绿意双床房,双床房
847,关于整体满意度和房间设施的评论,862,"全家人都喜欢老牌五星，这次带老人和孩子在花园酒店住了五天，非常舒心。

三个大人一个孩子，订了两间房间。由于我是金卡会员，升级到了64平粤韵房，老人的房间也一起升级到了粤韵房。

粤韵房设施良好保养得宜，补给充足干净卫生。

员工礼貌得体，处处体现五星大酒店风范。

还有真的好漂亮啊！！！大堂阔气，瀑布霸气，不敢想象38年前就有这么好的酒店了。

来之前有人跟我说花园酒店很旧了很老了不要住，我想说完全不旧，保养相当好，前台小姐姐也说旧的房间也一直在做升级改造，以后估计都会以全新面貌示人。

位置相当好！旁边利苑、点都德、八合里，吃东西太方便啦，叫外卖也好方便，吃的可太多了！！！

下面说下不太满意的。

办理入住好慢啊……刚开始一个外籍员工接待我，怎么说都不给我升级到粤韵，说只能升级到同面积新装修的房间，最后中国员工过来跟他说是可以的，外籍员工一脸懵说自己不知道。??

行政餐厅一般般哈，吃的东西好少，而且还搞过几次乌龙，一会儿说没查到行政待遇，一会儿又说有了，感觉外籍员工还是不太行。孩子起得晚，想说不在行政餐厅吃，让大人一起打包回去吃也不让，又不是吃完了再打包，不理解为什么不可以。

泳池只有露天的??。

瑕不掩瑜，总体入住还是很满意的，本来只订了3天，由于很满意又续住了两天，以后肯定也还会去住??。

对了，他们泳池后面有个儿童乐园，但是没啥人知道，没有孩子玩儿??。",花园大床房,大床房
848,关于前台服务和房间设施的评论,863,花园酒店的工作人员服务很好，套房重新装修环境不错,花园大床房,大床房
849,关于前台服务和房间设施的评论,864,环境真的是一流，中餐厅桃园馆菜品质量很高，服务员热情友好。客房卫生做的很好，房间设施齐全布局合理，不足之处是没有浴缸，酒店后花园非常值得看看走走，酒店的四楼博物馆也很值得一看，酒店服务人员态度都不错，就是前台接待人员态度一般，工作能力有些欠缺，退房后忘记退押金，居然开票资料还丢失了，经电话联系酒店后及时退还了押金并开具了发票，这点有些不可思议，入住多家广州五星级酒店还是第一次碰到。,粤韵双床套房,套房
850,关于整体满意度和公共设施的评论,865,第二次入住花园饭店，大堂的“金陵十二钗”大气磅礴，很有年代感的酒店，但是保养的很好，房间舒适，床垫有点偏软，酒店的网红花园和瀑布很好逛，拍照也出片。我们还打卡了酒店的博物馆，下次来广州，应该还会选择花园！,粤韵双床套房,套房
851,关于交通便利性和周边配套的评论,866,算是地标性的酒店了，就在淘金路地铁站旁边，附近知名的饭店酒楼很多，打车也很方便。但设施太老了，基础房型对老人洗浴不太友好，容易滑倒。建议带老人家的，升级房型。,花园双床房,双床房
852,关于房间设施和安静程度的评论,867,房间太老旧，给的房间门缝漏光，不隔音。一张床的床垫还有一个坑。但是都说老牌花园酒店是粤式生活的代表还是住来这里。环境没得说，尤其是花园太美。早餐非常棒。希望抓紧改造老旧破的房间，别再让我们下次运气不好碰上这么差的房间。,花园双床房,双床房
853,关于性价比和整体满意度的评论,868,入住愉快，但是一定要搭配套餐入住对连住不是很友好。,羊羊得意主题大床房,主题房
854,关于周边配套和餐饮设施的评论,869,酒店位置很好，晚上吃了晚饭可以步行去花城广场，走过可以看到小蛮腰，酒店的22楼办入住，也可以看到小蛮腰，周边吃饭很方便，离陶陶居很近，离春，夏，秋，冬商场很近，早餐品钟很丰富，广州的特色早餐都有，还有豆浆，豆浆是现磨的，味道很浓，上面还有一层豆皮，下次来广州还会入住这家酒店,花园双床房,双床房
855,关于整体满意度和前台服务的评论,870,"房间舒适，干净卫生，住的很舒心。过年酒店很有节日气氛，服务态度很好，帮忙拍照，拿行李，贴心用心暖心。
交通便利，出行方便。
酒店很有历史底蕴，博物馆，木质旋转楼梯，红楼梦壁画，后花园都值得一逛。",花园大床房,大床房
856,关于整体满意度和公共设施的评论,871,逢人就推荐，花园酒店的大堂太美了，一个有40年底蕴的酒店的装修媲美新酒店。感谢前台小姐姐给我升级了粤韵，秒变套房非常惊喜，哈哈。酒店内有博物馆和小花园，还有n多个餐厅，在等房间时，酒店内吃饭，再去参观博物馆溜达小花园，完美。,花园大床房,大床房
857,关于整体满意度和公共设施的评论,872,"酒店很有历史，但设施并不陈旧，尤其公共区域维护非常好。房间内设施不奢华但是好用

酒店服务人员素质非常高，热情真诚得体。酒店内餐厅也是素质相当高

非常满意的入住体验",花园行政大床套房,套房
858,关于整体满意度和前台服务的评论,873,整体感觉都非常好，特别感谢前台漂亮的小姐姐给我父母升了房间，让他们感受了不一样的酒店感受。房间很大很舒服，酒店每个人的服务都是100分，早餐也很丰盛，是个完美的度假体验。,花园双床房,双床房
859,关于公共设施和整体满意度的评论,874,每次小假期都会选择本地出游，首选都是花园酒店，特别喜欢这里的游泳池，大堂的布置很有特色每次都眼前一亮，最重要的是五星级的服务和卫生真的让人放心。特别感谢迎送岗的小爱，中秋节当天很开心收到酒店月饼～???,花园大床房,大床房
860,关于周边配套和性价比的评论,875,"花园酒店属于店如其名，花园真的很大很有逛小公园的感觉，邓爷爷题的字～很好逛，酒店内的饭店也是米其林推荐，的确味道都很不错，就是真的很贵～500一顿完全不够～毕竟广州物廉价美的食物真的很多～不过味道的确很不错，都很好吃～就是旅游还要回来吃饭其实不大方便哈哈哈??，适合local或者行程很朵悠悠的朋友～性价比还是很不错滴
设施：好像给我升级了新装修的套房定的我看有地毯，升级的这个说是新的，是没地毯的，但说实话房间有点旧，我这间墙面和沙发，还有点脏，就大堂和花园是加分项，房间就要扣分了，不过能看到半个小蛮腰还挺大的，就扣一分意思意思吧
卫生：房间卫生一般，可能因为墙面和椅子真的显得很脏
环境：很不错，本身地理位置很好门口就是地铁站，去地标距离都不远，地铁又实惠，又方便，打车看路况地段感觉都满堵的，来回地铁乘三天20大概??
服务：外国客人挺多的，所以服务员也是各个肤色，都很不错～客气??

最后一天看到了谭咏麟哈哈哈哈～
对了每天还有小点心",红棉大床套房,套房
861,关于整体满意度和公共设施的评论,876,入住体验大大超过预期，真不愧为是中国酒店业的标杆，很有老钱风，设施非常齐全和豪华。居然还有博物馆，几个餐厅都是顶级的。服务员很热情专业训练有素，特别感谢服务员小玲。,花园大床房,大床房
862,关于前台服务和卫生状况的评论,877,对酒店的服务人员的态度非常满意，见面问好有礼貌，帮助按电梯，房间卫生干净整洁，有胶囊咖啡机，有欢迎水果和鲜花，酒店还有后花园，小桥流水锦鲤满池，地理位置优越，对面就是广州友谊商店，地铁淘金站就在酒店正门，这两天广州气温骤降酒店马上给热空调，我们是下午的飞机经理还帮我们延迟退房到14:00，很温馨的酒店，下次来广州再入住这家！,城央绿意双床房,双床房
863,关于整体满意度和房间设施的评论,878,服务很好，房间很舒服，一千多的房间里面的胶囊咖啡机有三种口味，可供选择，大堂也很舒服明亮，总体来说感觉很好，一共住了四个晚上，出门非常方便，好吃的有名气的餐厅都在附近一公里范围。,花园大床房,大床房
864,关于前台服务和客房服务的评论,879,走进大堂就是一个繁花迷人眼，让人目不暇接。卫生据肉眼可见还是很干净的，客房服务员，门童等都很热情，前台Gillian服务非常热情，亲切，周到，有求必应！,花园大床房,大床房
865,关于整体满意度和周边配套的评论,880,不愧是白金五星，酒店地理位置优越，闹中取静，自带岭南风格的花园，还贴心地送了小点心,城央绿意大床房,大床房
866,关于房间设施和整体满意度的评论,881,大堂就很有春节气氛！房间应该经历过翻新，设施和装潢布局都很不错。被子估计是绒，轻薄又保暖。洗漱用具的盒子设计也充满巧思，可以构成一幅完整的广州市花木棉图案。,花园大床房,大床房
867,关于整体满意度和交通便利性的评论,882,酒店非常不错，是全国三个白金五星级酒店之一，入住时正好遇到中越一个商会搞活动，虽晚了一些但酒店给升级了套房而且还给了下午茶。酒店服务非常专业，感谢Rebecca小钟的热心服务和讲解，酒店近6号地铁交通便利，而且酒店有大巴直接到澳门几个固定地点，不过每天只有8:35这一班。酒店的瀑布餐厅很有特色，老人孩子非常满意，非常不错的一次体验。下次来广东还会再次入住。,花园双床房,双床房
868,关于前台服务和客房服务的评论,883,服务很好，身体不舒服李文（名字写的不知道对不对）小姐姐帮忙处理加急拿房，房间吐了清洁的工作人员特别及时有耐心的清理。定的房型12岁以下免费加了床，非常适合我们这种娃年龄小块头大的。周边有陶陶居，点都德，广州酒家，常来小聚，步行可到，非常方便。,红棉大床套房,套房
869,关于餐饮设施和整体满意度的评论,884,"和同事相约游广东，恰逢圣诞在广州花园酒店连住2晚实在是选对了。
这个酒店太让人惊艳了，他们是全国首批三家白金五星级饭店之一，而且是华南地区唯一获选的中国自主品牌酒店。
贝聿铭为花园酒店勾画了建设蓝图，***为花园酒店奠基基石，邓小平为花园酒店亲笔题写了店名！
西点做得非常正宗美味，酒店米其林提名的餐厅不止一个，瀑布餐厅很有特色，服务非常好，非常满意，必须五星好评??",花园双床房,双床房
870,关于交通便利性和周边配套的评论,885,就在地铁淘金站出口，附近也很热闹，服务非常好，工作人员到处都是，房间装修也不错，除了卫生间没隔断有点不方便。新年有舞狮，有小摊，晚上还有驻场表演。,红棉大床套房,套房
871,关于交通便利性和性价比的评论,886,非常满意的一次住宿体验，颇具性价比。酒店很漂亮，交通方便，门口就是公交站和地铁站，服务人员态度很好，见面总是微笑打招呼，房间卫生还不错，没有异味。就是附近夜里有施工，稍微有点吵。花园很漂亮，常有打卡拍照的，二楼的早茶味道很不错。酒店旁边点都德，广州酒家离得很近。,花园双床房,双床房
872,关于交通便利性和前台服务的评论,887,"地理位置：酒店位于淘金地铁站出口处，前面还有数条公交线路，出行极其便利。
环境：酒店大堂金碧辉煌，前台的红楼梦壁画真是点睛之笔。
服务：从入口处的服务人员，到前台办理入住的接待人员，还有客房、餐厅的工作人员全程热情接待，笑脸相迎，让人如沐春风，可见酒店的管理水准到位，不愧为白金酒店的称谓??
餐饮：酒店的早餐品种繁多，菜品新鲜可口，服务人员热情友好，值得称赞??",花园双床房,双床房
873,关于整体满意度和餐饮设施的评论,888,"第二次住的花园酒店
传统地道的酒店年味是特别足，处处充满着粵广文化，另有一番滋味，早餐后逛逛花园，鸟语花香.

细致的服务也凸显出酒店管理的用心。",红棉大床套房,套房
874,关于整体满意度和交通便利性的评论,889,网约车司机是个健谈的广州人，听了他对酒店的推荐，临时决定在广州多停留一晚，结果出乎意料地满意。酒店如其名，真得像个花园一样，会推荐给朋友们。升级的粤韵套房宽敞，设施很新。参观了位于4层的酒店博物馆，才知道酒店始建于1984年，还是邓小平先生题字。酒店内及周边餐厅很多，丰俭由人。交通便捷，离地铁就2-3分钟步行距离。唯一的建议是夜间关闭瀑布，减少噪声。,花园双床房,双床房
875,关于整体满意度和餐饮设施的评论,890,非常好的酒店，下次还会再入住！酒店的餐厅要去试试！,粤韵大床套房,套房
876,关于餐饮设施和卫生状况的评论,892,"设施：足够齐全，就是不知道哪些收费哪些免费

卫生：卫生特别过关

环境：环境确实没得说，各个餐厅也是非常好
服务：服务非常到位，就是餐厅有额外服务费",粤韵双床套房,套房
877,关于卫生状况和整体满意度的评论,893,房间非常干净舒适,花园大床房,大床房
878,关于餐饮设施和整体满意度的评论,894,酒店年味十足，喜庆气氛满满，餐饮美味服务好。全家在这里渡过愉快的龙年春节，开启顺利吉祥的新年，非常满意??,粤韵大床套房,套房
879,关于前台服务和交通便利性的评论,895,服务很好??地铁方便??环境特别美??,花园双床房,双床房
880,关于前台服务和整体满意度的评论,896,多次来广州出差，都是选择入住广州花园酒店，一进门大堂金碧辉煌，环境卫生管理非常好，房间设施设备也非常齐全，特别谢谢前厅部副经理 吴灵伶，服务很热情，虽然是第一次见面，但是微笑热情洋溢，给人一种如沐春风的感觉，为她点赞??,花园大床房,大床房
881,关于交通便利性和周边配套的评论,897,"酒店位于市中心，门口就是地铁淘金站，对面是白云宾馆。交通非常便利。
酒店有六间餐厅，吃东西很方便。酒店花园不算特别大，有两个大瀑布，庭院，假山，小桥，流水，非常惬意。酒店的电梯运行很快，很稳，不需要等很久。j订的红棉套房还包括五百块酒店餐厅消费券，可直接使用，很方便。房间装潢虽然有年代感，但使用起来没有任何问题。
床偏软了点，平时睡惯了硬床，有点不习惯了。
早餐的瀑布餐厅比较小，要排队，建议早点去
前台办入住时等了不少时间，效率稍微差点。
另酒店的博物馆值得去刷一下，有免费讲解。",红棉双床套房,套房
882,关于前台服务和公共设施的评论,898,非常满意，因为飞机延误了房务小何还帮我们申请延迟了退房，游泳池小孩也特别开心，下次来广州还住这里，棒棒哒！,红棉双床套房,套房
883,关于前台服务和退房/入住效率的评论,899,"除了办理入住的时候特别慢，其他服务都很不错
果然是老牌五星级，各种服务还是很到位的！送的生日小点心也好看又好吃！
而且花园酒店里面拍照也好出片，配上我的马面裙好好看！
瀑布餐厅：照片真的很好看，随便拍拍都好看，但早餐品类太少了，是我吃过五星级餐厅里面少的可怜的了，厨师连蛋卷都煎不好，差评！
荔湾亭：个人感觉名不符实了，价格的确高，菜量实在小，重点是问题只能说是平平无奇，就很正常的味道，没有惊艳之处。",红棉大床套房,套房
884,关于交通便利性和周边配套的评论,900,交通很方便，楼下就有地铁，叫车也很方便，酒店服务员很多，都很热情。记得不要错过瀑布花园，漫步一下很漂亮，小朋友可以带点面包或饼干喂鱼哦！,花园双床房,双床房
885,关于前台服务和整体满意度的评论,901,非常满意！前台小姐姐Sara还是Cara人真的很好，下次出行还会选择该酒店！,红棉双床套房,套房
886,关于整体满意度和安静程度的评论,902,有回家的感觉，休息得很好,花园大床房,大床房
887,关于交通便利性和周边配套的评论,903,总体来说有达到期望 甚至超乎想象 花园酒店经久不衰  地铁就在门口 这点非常重要 广州酒家也在马路对面 但花园酒店的桃园馆更胜一筹（如果不考虑价格） 房间不大 我原来定的花园大床房 前台为了让我及时入住换成新装修的低楼层房间 会看到修路工地 这点比较失望 还有浴室设计偏小 私密性较不足 其实浴缸可以不要设置 对两人入住的不中用 洗脸盆就在离床头不远 无遮拦 如果一人先起床 还是会影响 可以忽略 早餐很丰盛 服务很好,花园大床房,大床房
888,关于交通便利性和周边配套的评论,904,"酒店门口是5号地铁线，公交车也很多，附近吃的有陶陶居和点都德，酒店里面有个早茶很好吃桃园馆
，酒店大厅有颗大大得圣诞树小朋友很喜欢，外面有个后花园。
低层楼电视机无法投屏，房间里灯不是很亮，浴缸很大，外出一天可以给孩子泡澡",花园大床房,大床房
889,关于房间设施和前台服务的评论,905,"老牌五星酒店，设施确实有些老旧了，房间小也确实小，有些日式的设计感。门口迎宾服务素质参差不齐，有一个歪果仁迎宾似乎不太主动，看着我们抱着娃拎着箱子和小推车上台阶，也不会主动过来帮我们。其他服务员都非常热情，非常友好且主动。有个做气球的服务生非常会逗小朋友开心。
瀑布花园设计很值得一看，池子里的锦鲤令人心情愉悦，希望好运加持。",花园大床房,大床房
890,关于餐饮设施和整体满意度的评论,906,套房非常满意，酒店很有文化底蕴。服务也很好。送入住点心和水果。还送了小羊。就是瀑布的自助餐实在是一般，大年三十588的自助实在是没啥好吃的。,羊羊得意主题大床房,主题房
891,关于整体满意度和体验的评论,907,非常满意 服务什么都很好,花园大床房,大床房
892,关于房间设施和卫生状况的评论,908,刚入住就发现瓜子皮，根本没有服务。空调是坏的。刚进房间就发现马桶也没说。不想评价了。要是想体验服务和环境的建议别定，不值一千多。唯一亮点可能就是瀑布餐厅。,花园双床房,双床房
893,关于前台服务和整体满意度的评论,909,"设施：不愧是白金五星级酒店，酒店大堂非常富力堂皇且浪漫??，设计感超赞。

服务：老牌的星级酒店服务专业到位，上上下下没一位工作人员都耐心细致，过来庆祝结婚38年纪念的，酒店给升级了房间，前台给了鲜花，房间做了漂亮布置，送了蛋糕，真是惊喜到了，在此感谢每一位用心的工作人员。",花园双床房,双床房
894,关于公共设施和餐饮设施的评论,910,"公共区域设计标准高、用材好，结合了国内传统文化，很前沿，相信多年后也不会落伍。
酒店内米其林3家，美食很棒！
房间装修及用材有提升空间。",花园大床房,大床房
895,关于房间设施和整体满意度的评论,911,不愧是第一个白金五星酒店，装潢和服务都很棒，适合喜欢探索一下岭南文化的旅行者。唯一美中不足就是房间里面充电的地方不够多，以及吹风机真的很难用，应该提升一下设备便利度，才不愧这么好的环境和服务。,红棉双床套房,套房
896,关于前台服务和整体满意度的评论,912,酒店大堂背景很震撼，房间重新装修过，外面花园也很精致；台前巴基斯坦小哥DASTAAN人很nice，普通话流利，有求必应，值得推荐！,花园双床房,双床房
897,关于交通便利性和整体满意度的评论,913,白金级酒店真没选错。虽然设施是旧了点，可是老牌星级酒店的服务真是不错，很专业的。很喜欢酒店的大厅，红楼梦巨型背景墙好有感觉，酒店的下午茶还行，最好看的就是瀑布背景，设计感超赞。酒店的位置也很好，出门右边就是地铁站，出行非常方便。,花园双床房,双床房
898,关于餐饮设施和整体满意度的评论,914,又体验了另外的一种房型，虽然老，感觉比新装修的更好，空间高舒适些。各个餐厅也各有特色，瀑布餐厅偏西式，精致粤菜料理在桃园馆。老牌米其林的荔湾亭特别怀旧，西关风情浓，菜品精致，不渗假水。4楼的博物馆更是值得看看，珍藏有邓爷爷的墨宝…,红棉大床套房,套房
899,关于房间设施和整体满意度的评论,915,最大的问题是房间面积小有点旧，服务非常好，大堂金碧辉煌很是气派，后花园的瀑布和环境是其他广州酒店不能比的，整个酒店到处洋溢着浓浓的春节气氛。,城央绿意双床房,双床房
900,关于前台服务和房间设施的评论,916,前台cookie小姐姐和anna小姐姐接待我们的，一流品质一流服务，浴缸独具风格，体验感满满，很爱很爱??,城央绿意大床房,大床房
901,关于前台服务和整体满意度的评论,917,前台接待服务非常热情，酒店设施完善，很好！！！,红棉大床套房,套房
902,关于客房服务和房间设施的评论,918,五星级酒店。竞然没有夜床服务、太奇怪了??3天没有一次夜床服务。花园酒店生意太好省下了。第一天入住。2010房、洗澡间的水浸入到卫生间没法使用。换房间后。18 08。从服务员到主管没人对此说一声对不起。哈哈花园酒店牛。????????。,花园大床房,大床房
903,关于餐饮设施和整体满意度的评论,919,老牌5星，感受最深的是，花园想做文创酒店，有自己的博物馆，有古仔讲。床品舒适，早餐建议桃园厅或者荔湾亭，一楼瀑布厅适合外国人的口味，主厨好像是西班牙的，中式茶点比2，3楼差好远。西点OK。,粤韵双床套房,套房
904,关于整体满意度和前台服务的评论,920,早就久闻花园酒店大名，这次来广州终于有机会入住。酒店到处摆满了鲜花，萦绕在鲜花中心情很好。最近适逢广交会，办理入住的人稍多，工作人员会准备小饼干和饮料给客人排队间隙等待时享用。感谢前台给我们升级了房型，入住的是粤韵客房。来得匆忙忘带手机充电线了，跟工作人员一说很快就送到了。本来担心浴缸会不干净但是发现自己想多了，卫生搞得还是很不错的。还去了酒店内的博物馆参观，这是一家讲述有关住宿业的博物馆，挺有新意的。酒店环境令人舒适满意，下次来广州还要入住！,红棉大床套房,套房
905,关于前台服务和客房服务的评论,921,"15:52	携程旅行	4G	
＜	点评详情	
总评分	5.0分	
设施分 5.0	环境分	5.0	卫生分	5.0	服务分	5.0	
2024-07-21发布于广东和家人出游
非常感谢rain小姐姐和客房服务劳拉帮了我们很多忙，妈妈带娃旅游中，给了我们很多帮助。rain还帮我们升级了小羊玩偶。孩子特别开心。劳拉教了我怎么用咖啡机，还帮孩子拿了适合的拖鞋。万分感谢??",花园大床房,大床房
906,关于前台服务和整体满意度的评论,922,酒店位置在市区，位置很好，去附近的景点都很方便。 酒店房间干净，整洁，床品舒服柔软， 入住体验非常棒。重点表扬酒店的服务，因为飞机晚点到店时间特别晚，前台小姐姐帮忙升级了房型还延迟了退房； 另外LiVen 热情细致的协助我们解决各种在酒店遇到的问题，真的超贴心。,花园大床房,大床房
907,关于整体满意度和前台服务的评论,923,很不错 每位服务人员都非常热情 房型也很好 带上妈妈爸爸和小朋友一起 每个人都很开心 小朋友可以喂鱼 爸爸妈妈觉得酒店也很好 准备以后去广州都住这里,花园双床房,双床房
908,关于餐饮设施和安静程度的评论,924,"第二次住花园了，整体环境还是很好的，就是这次行政酒廊搬到了楼上旋转餐厅分出来的一块地方，感觉还是一楼原来酒吧的位置更舒服还有室外位环境也好，楼上除了晚上能看到一点点广州塔没有什么风景，地方小也显得很局促，不知道是不是心理作用现在下午茶和happyhour没有在楼下时候丰富了，早餐也纯自助了以前在楼下还可以点单的，和一楼的瀑布早餐就没啥差别了。房间还是比较满意的岭客金卡给升了级，
服务：有一天牙疼在休息中午楼上不知道哪里在装修电钻声特别吵，打电话让前台沟通下等我们退房再钻，就这一件事反复打了四五个电话等了半小时才得到解决，本来想待到12点走不得不提前走了，这点让人不是很愉快",花园双床房,双床房
909,关于餐饮设施和整体满意度的评论,925,酒店很高大上，入住正是圣诞节，一棵大大的圣诞树??装饰的很华丽。酒店的早餐环境非常有特色，大大的玻璃窗可以看到室外的瀑布，在这里就餐心情愉悦，早餐品种丰富多样，口味也不错??，连住两晚，第二天体验了三十层旋转餐厅的早餐，相比较而言更喜欢一口的环境。只可惜原本的下午茶??，2点退房后不可以享用，白白的浪费掉了，不然，正好吃完下午茶赶往机场都有时间，要是办理入住时提醒一下就好了，算是小小的遗憾吧。,花园双床房,双床房
910,关于安静程度和周边配套的评论,926,我们这次是带孩子去广州感受圣诞氛围的，酒店布置很漂亮，孩子也拍了很多美照！带着孩子去逛了酒店的博物馆，博物馆比较小，但酒店历史都浓缩在其中了！这次过去酒店最不好的体验是旁边在修地铁站，吵到没办法好好休息，晚上吵到十点多，早上不到八点就开工，这是这次出行最最不好的体验了！,红棉大床套房,套房
911,关于整体满意度和前台服务的评论,927,非常满意的一次住宿，带着爸妈和孩子奔着老牌酒店去的，住了四晚，我们定了两间房，赶上广州降温，还特意给我们升级了套房，服务一级棒超五星体验，谁住谁知道????????,花园双床房,双床房
912,关于整体满意度和退房/入住效率的评论,928,春节旅程结束最后住花园酒店，体验很好，加钱升级了亲子房房间，小朋友很开心。整体服务都不错，唯一不好的是办理入住和早餐需要排队。,花园大床房,大床房
913,关于卫生状况和餐饮设施的评论,929,干净、周到、环境优美，到处飘着花香，卫生间，床单茶具都非常干净。早餐美味，用餐环境好，安静。服务到位。,花园双床房,双床房
914,关于整体满意度和餐饮设施的评论,930,房间整洁，服务态度好！因为订房时比实际入住房价高赠送了早餐！早餐非常美味！酒店花园是真漂亮，花团锦簇，锦鲤小桥瀑布美不胜收。,花园双床房,双床房
915,关于房间设施和整体满意度的评论,931,因为觉得住的还挺好所以续房一天，酒店正好重新装修一部分房间，让我们搬到粤韵房了，这个房间更新一些，床也更舒适，瀑布餐厅酒店早餐还不错，还赠送了水果，对酒店其他服务还都是很满意的，酒店的博物馆也很值得一看。,城央绿意大床房,大床房
916,关于整体满意度和房间设施的评论,932,酒店位置很好，服务热情周到，春节期间布置的也是非常喜庆，活动很多，还送了鲜花~房间干净整洁，床品舒适。早餐在旋转餐厅，还是比较丰富哒,花园双床房,双床房
917,关于前台服务和客房服务的评论,933,交通便利，地铁站上来就是北门口。服务人员众多，随时随地都能得到有效的帮助。客房整洁干净，布草，洗漱用品，洗澡水压等都令人满意。冲着官方白金五星来的，发现名不虚传。上午到达，前台的南希快速高效的办理了加床加餐的入住，入住后才发现还帮我升级了房型，感谢。客房服务无论是加床，还是我们几次要求送水送用品，其反应速度都是我入住各类高奢酒店以来最快的。早餐的出品可以，员工翻台也是高效。酒店博物馆也值得一观。最后感谢客房服务员拾金不昧，在我自己都没发觉时，值班经理已经联系我，让我的黄金手串失而复得。感谢！,红棉大床套房,套房
918,关于房间设施和餐饮设施的评论,934,过年来玩 之前住过一次 这次带爸妈来 这个房型有一个客厅可以加床还蛮适合家庭出行的 瀑布餐厅服务很好 年夜饭提前预定的桃园馆也很好吃,红棉双床套房,套房
919,关于前台服务和整体满意度的评论,935,时光荏苒，转眼间已是三年之隔，当我再次踏入广州花园酒店的大门，那份熟悉与温馨感油然而生，仿佛时间在这里悄然静止。酒店的服务依旧保持着那份一如既往的高水准，让人丝毫感觉不到岁月的流转。此次入住，我有幸遇到了前台的Niki小姐。她以花园酒店那标志性的热情笑容和细致入微的服务，瞬间驱散了我旅途的疲惫。在得知我是3年前入住过的客人后，Niki更是主动为我升级了房间至粤韵大床房，并贴心地赠送了两份早餐券。这份意外的惊喜，让我对酒店的好感倍增。另外值得一提的是，客房管家LiLi还特意准备了月饼和阳光玫瑰葡萄作为小礼物。这份意外的关怀，让我感受到了家的温暖。三年的时光并未改变花园酒店的品质与魅力，反而让它在我心中更加熠熠生辉。在未来的日子里，我还会再次选择这里，作为我旅途中的温馨港湾。,花园大床房,大床房
920,关于整体满意度和餐饮设施的评论,936,酒店很漂亮 餐厅也多 服务还特别好 不愧是老牌酒店 下次还来,城央绿意大床房,大床房
921,关于房间设施和餐饮设施的评论,937,"房间很大，不过没有浴缸，淋浴和洗漱区有点小，到不影响房间舒适和整洁
早餐区域是瀑布餐厅，吃早饭看美景很不错
酒店没有和瀑布，可以去逛逛，没人，景色很美",花园双床房,双床房
922,关于房间设施和景观/朝向的评论,938,花园酒店，名副其实，酒店后花园的瀑布庭院还是蛮有气势的。不过酒店确实老了点，客房洗手台、淋浴房、卫生间布局感觉很不好，双人房半开放结构有干扰。,花园双床房,双床房
923,关于房间设施和整体满意度的评论,939,"久违了，花园酒店，20几年前曾经住过，已经渐渐的淡忘了，此次来广州，查到花园酒店已经重新装修与改动了一些房型，便毫不犹豫的订了两晚。

花园酒店绝对的五星酒店中的翘楚，尽管是近40年前的产品，却是生机勃勃，老当益壮。
??论是房间的设施与硬件，都是超五星轻奢酒店标准，二楼的中餐厅环境也是一流的，特别是独特的的岭南风格的后花园（园林），那是人间仙境，白天迷人，夜晚诱人。
美中不足的是，大堂里飘散的香水味，也许选的不对我们的味觉，似乎??点澡堂子的味道，刺鼻而欠舒服。
若能下点功夫，调一下大堂香水味，让更多的客人喜欢，那么，来广州，花园酒店就是第一选择。",红棉大床套房,套房
924,关于前台服务和景观/朝向的评论,940,非常满意的一次出游体验，前台Ariel美女给免费升级了套房，房间的欢迎水果质量也很好，老婆赞不绝口，房间看见花园瀑布，景色很好,花园大床房,大床房
925,关于房间设施和餐饮设施的评论,941,"设施：房间装修设施很好设备很新，房间很大
环境：酒店内部花园很漂亮，有假山瀑布锦鲤池
早餐很好吃，服务很到位，赠送了30楼行政酒廊的景观和服务都很好",花园双床房,双床房
926,关于前台服务和餐饮设施的评论,942,广州三家白金五星级酒店之一，博物馆详细介绍酒店历史，几乎所有的美女服务人员笑容满面，到处都是，不知为何，上上下下找不到免费入座的地方，连办理入住的地方有没有，老年人长时间站着吃不消。携程网套餐，免费升级到套房，下午茶升级到包含晚上的欢乐时光，非常享受，谢谢！瀑布餐厅自助早餐在上午9点左右竟然排队等候多时，可以学习海花岛酒店分时段就餐方法。花园不是很大，人工瀑布气势磅礴。老外很多，还有外籍服务生。,花园双床房,双床房
927,关于整体满意度和房间设施的评论,943,房间很好，升级了个套房，卫生服务各方面都很周到，第一次来，下次还来,花园大床房,大床房
928,关于整体满意度和前台服务的评论,944,广州花园酒店给我的入住体验特别好，走入大堂，映入眼帘是以红楼梦为主题的金碧辉煌的壁画，回眸又见岭南水乡人民生活的生动画面，由于入住的时间离圣诞节很近，节日气氛非常浓郁，入住的客人也特别多，美丽的服务员和蔼可亲，而且心特别细，远远看到客人乘电梯，都会主动为你按好，真正做到客人至上，让人感觉特别舒服。至于它的后花园，绝对有特色，两条18米高的大瀑布从天而降，大气磅礴。因为喜欢，故1月份带着家人再游广州，又订了4晚。,花园大床房,大床房
929,关于餐饮设施和客房服务的评论,945,"酒店生意很好，接待的先生也很热情、专业。
早餐也很不错，丰富而精致
房间布局合理、干净。客房服务有待改善，多要了几瓶水，说是有限制的。1100多元的房费不应该这样",花园大床房,大床房
930,关于房间设施和景观/朝向的评论,946,订的套餐，重新装修后的房间很大，也维持的很新，有JBL信箱，床头有USB插头，两个洗面盆，17层景观很好，往下能看见瀑布，远景是城市建筑，美中不足的是给我的房间没有浴缸，其他的都很好！早餐后逛一逛瀑布花园很舒服～有机会会再去～,红棉双床套房,套房
931,关于前台服务和整体满意度的评论,947,"老贵族一样，尽管有让人不那么称心的地方，但气质非凡，服务规范周到。
其实花园酒店完全没必要和别人做比较。",花园双床房,双床房
932,关于整体满意度和房间设施的评论,948,第一次来花园酒店，非常舒适惬意的一次入住，无论服务，环境，卫生，餐食，都很满意，尤其酒店设计风格和设施，传统华丽又时尚优雅，下次还会再来！好赞??????,红棉大床套房,套房
933,关于房间设施和整体满意度的评论,949,建筑格调简洁，装修豪华典雅，房间设施舒适，非常不错，服务诚恳周到,花园双床房,双床房
934,关于周边配套和餐饮设施的评论,950,酒店地理位置不错，离北京路挺近的，早餐非常好吃，连吃两天，非常的满意，下次来广州还会继续打卡，花园酒店的花园确实像花园一般，景美鱼肥！,花园双床房,双床房
935,关于交通便利性和餐饮设施的评论,951,广州老牌酒店，环境很不错，有瀑布花园。服务很好要给赞。早餐很丰富。出门就是地铁站。唯一不足就是酒店房间有点陈旧。,花园双床房,双床房
936,关于整体满意度和房间设施的评论,952,比预期的好很多，老牌的酒店，原以为设施会老旧，但房间维护的很好，很干净，很温馨，很有岭南特色。地下停车场有3层，充分满足了停车需求，就是停车场的电梯跟酒店是分开的，要绕过一节路，室外的，刚好下点小雨，自己拖着行李箱带着几个小朋友有点不方便。办入住的时候等的时间有点久，可能人太多的缘故，大堂真的是人来人往，古色古香的感觉，吃饭的、参观的、拍照的、络绎不绝……办入住的时候房间没打扫好，去3楼桃园馆吃了顿饭，正宗的粤菜，摆盘正、味道正，除了价格贵没别的缺点了，推荐大家可以尝试一下。酒店后花园很漂亮，有水池和鲤鱼，还有瀑布，景色怡人，另外还享受了30层的行政酒廊，服务员Ken和Zocy非常热情有礼貌，会主动询问和帮忙，非常感谢他们高水准的服务，总之，花园酒店可以让你更直观的了解广州的一些地方特色和风土人情，值得一住。,粤韵大床套房,套房
937,关于整体满意度和公共设施的评论,953,大堂很豪华漂亮，也有过年的氛围，房间稍微小了点。总之很好的住宿体验。到处都很漂亮，而且很有年味，感觉像在自己家过年一样。,城央绿意双床房,双床房
938,关于交通便利性和周边配套的评论,955,老城区的老牌酒店，去哪里都很方便。过年期间有很多活动，工作服务人员也很多。美中不足的是早餐一般，品种很少，亲子设施少。,花园大床房,大床房
939,关于餐饮设施和整体满意度的评论,956,续住豪华白金五星花园酒店，环境优美，房间舒适，凌璇阁旋转餐厅非常棒！早餐品种丰盛，360゜全景欣赏广州风景。,花园双床房,双床房
940,关于周边配套和交通便利性的评论,957,花园酒店具有广州特色，尤其大堂非常富丽堂皇，还有花园瀑布小桥流水。酒店周边热闹，地铁淘金站就在旁边，购物方便。酒店二楼的中餐厅早茶好吃。毕竟是1985年开业的酒店，房间内部如果重新装修就更好了。,红棉双床套房,套房
941,关于整体满意度和交通便利性的评论,958,老牌五星酒店，服务、餐饮、卫生、环境都很赞，距离5号线淘金站，几乎零距离，特别适合家庭出游选择，会推荐给朋友。,粤韵双床套房,套房
942,关于交通便利性和前台服务的评论,959,交通便利，就在地铁口。前台服务周到，房间有缺什么也是第一时间送到，5星服务很到位。还有自己的博物馆和后花园，入住体验感很好，下次还来，推荐,粤韵双床套房,套房
943,关于整体满意度和前台服务的评论,960,酒店环境很美，前台给升级了套房，房间很大也很干净，很满意，春节氛围感很足，一直到初五都有年俗活动，服务态度很好。,花园大床房,大床房
944,关于交通便利性和周边配套的评论,961,酒店连住三晚，满意酒店位置，地铁公交打车都方便。酒店还有瀑布花园，博物馆，非常有特色。除了附近有工地，半夜时有噪音，其他都赞。,花园双床房,双床房
945,关于餐饮设施和客房服务的评论,962,第一次入住花园酒店，高大上的感觉，特别四楼的【博物馆】相当的不错，赞????????！瀑布餐厅的自助晚餐品种丰富，三文鱼柳，厚切的口感很过瘾！其他食材也不错，开启增肥的节奏！最感动的是，餐厅知道我生日，由经理携同祝贺团队一边唱着生日歌，一边送来了生日蛋糕和一支玫瑰花，暖暖的！可惜，客服后续服务跟不上！我在订房时已经明确需要加床，办理入住时再次重申要马上加床，一路颠簸很累！结果等了一个多小时，电话催了几次，才过来装上。感觉五星酒店不应该是这样的！,羊羊得意主题大床房,主题房
946,关于整体满意度和餐饮设施的评论,963,完全出乎意料的好！无论是设施服务还是饮食酒店文化都做的非常棒，新年入住气氛也很浓郁，体验很好，会再来。非常适合带孩子。,红棉大床套房,套房
947,关于前台服务和整体满意度的评论,964,来广州首选花园酒店，入住时告诉接待员我们已是第三次入住，那位帅哥Kasas非常专业和热情：“欢迎回家”，贴心地为我们升级了房间，赠送早餐和下午茶，太开心了，谢谢他。酒店的博物馆和老家俱展示都非常有特色，房间布置很漂亮，床品床单很高级的提花面料很舒服，也找服务员要了决明子枕头；打扫非常干净整洁；很慷慨的赠送饮用水；在酒店吃了荔湾亭和日料餐厅非常不错。,城央绿意大床房,大床房
948,关于整体满意度和交通便利性的评论,965,不愧是白金五星酒店，出入方便，在越秀区中心位置，环境优美，是酒店花园，家人都觉得满意，下次还会考虑入住哦。,红棉双床套房,套房
949,关于房间设施和餐饮设施的评论,966,"老牌五星酒店 房间小 卫生不错  行政餐厅早餐热菜不算太多  晚餐基本凉菜 随便喝喝酒可以 味道一般 西点重磅蛋糕不错 可颂不太行 餐品要加强
  
服务生笑容可掬 有求必应 酒店4楼博物馆加分 很有情怀 亲切

家里老人比较喜欢 洗漱设施陈旧 房门木质变色 太破旧 需要翻新了。
 地理位置优越 淘金站去哪都方便
下次来广州 还会选择升级房间 看看如何",花园双床房,双床房
950,关于前台服务和客房服务的评论,967,服务非常热情，楼层都有管家，微笑服务。房间打扫及时，干净，有欢迎水果送想得很周到。桃园餐厅的菜品不错，没有低消。酒店出行很方便门口就是地铁。,红棉双床套房,套房
951,关于餐饮设施和整体满意度的评论,968,"每间夜含2位行政礼遇（含下午茶及欢乐时光）：非常满意！服务很贴心，因为是一个人入住所以都是邀请朋友来happy hour，有一天多了一个朋友过来坐也能理解。下午茶点心很精致，只是晚了就会没有太多选择。
早餐: 早餐西餐种类较多，中餐选择相对较少，希望可以多一些本地早茶点心。",花园大床房,大床房
952,关于前台服务和客房服务的评论,969,酒店服务、环境真的很棒，感谢行政走廊Tina、Echo、Kitty的优质服务，感谢客房整理员陶美芳的细心服务。只要客房设施陈旧了些，期待早日修缮，期待下次再来住??,花园双床房,双床房
953,关于前台服务和退房/入住效率的评论,970,入住办理太费劲，人员效率慢，服务态度比较一般，对不起花园酒店这个名字，希望有待改善，毕竟花园酒店是广州人的美好记忆。,红棉大床套房,套房
954,关于整体满意度和周边配套的评论,971,位置好、规模大，是一家非常有文化底蕴的酒店，但设施设备很有年代感了，服务还是不错的  春节期间大厅集市很有特色。,花园双床房,双床房
955,关于整体满意度和公共设施的评论,972,房间挺好的，环境不错，服务也好，酒店大气，有花园，花园里有许多锦鲤鱼，还有人造瀑布，循环水溪，花园溜达也很惬意。不愧为花园酒店。值得推荐。,花园双床房,双床房
956,关于整体满意度和客房服务的评论,973,"难得住宿我会写评论
感谢携程铂金会员 让我升级了房间
行政酒廊的服务真心不错
房间也很干净
服务员也很热情
最爱酒店花园里的鱼
小朋友玩了都不想离开",花园双床房,双床房
957,关于整体满意度和前台服务的评论,974,酒店很美，瀑布餐厅可以看锦鲤小朋友超喜欢，酒店服务也很好，给前台betty点个赞??态度耐心，看我们两个小朋友给不了连在一起的房间，还给我们升了房。住的很舒心，早餐也好吃。房间打扫的超干净。唯一不足就是可能外国人多，酒店房间太冷了，空调调高也没用，后面把空调关了挺好。总体说非常非常值得一住。,花园大床房,大床房
958,关于前台服务和整体满意度的评论,975,不愧是老牌的白金级五星级酒店，从下车到达开始见到的每一个服务人员都非常热情，特别是行政酒廊的 Carrie 和 Jaismine 为我们的下午茶和欢乐时光都提供了细致周到的服务，给全家包括老人和小孩都留下了难忘的回忆，谢谢。,花园双床房,双床房
959,关于整体满意度和交通便利性的评论,976,酒店位置方便，硬件条件好，前台免费升级房型，非常感谢！下次来广州还会选择入住,花园大床房,大床房
960,关于卫生状况和整体满意度的评论,977,房间干净卫生整齐，大堂富丽堂皇，像一座艺术殿堂，服务态度好。瀑布餐厅漂亮值得打卡，四楼博物馆讲述了中国酒店发展史。,花园双床房,双床房
961,关于景观/朝向和周边配套的评论,978,位置方便，房间虽然老旧，但面积很大，宽敞舒适，大厅恢宏气派，服务态度很好，窗外有瀑布景观，酒店有博物馆文化底蕴深厚,花园双床房,双床房
962,关于交通便利性和整体满意度的评论,979,考虑到要自由行动，所以选了交通便利的酒店，酒店边上就是地铁入口超级方便。过年期间酒店里也装饰的非常喜庆！,城央绿意大床房,大床房
963,关于客房服务和前台服务的评论,980,房间干净，整洁，酒店的服务人员服务态度非常好。行政酒廊的工作人员服务周到，热情，Kanchan和Deepa笑容满面，相关酒店服务需求都会马上回应及解决，客房服务的小天也是服务周到，房间服务人员尽心尽力，还特意写了小卡片进行跟进，这个酒店要给个大大的赞??,花园大床房,大床房
964,关于整体满意度和前台服务的评论,981,不愧是老牌五星酒店的品牌，环境优美，房间也不错，服务态度非常好，有求必应，特别是酒店后花园的环境真的是太漂亮啦，下次来广州还会住花园酒店。,粤韵双床套房,套房
965,关于整体满意度和房间设施的评论,982,五星级酒店，三星的水准，入住体验最差的一次，壮观的门面，不如在入住的房间内多下工夫，金玉其外，败絮其中。,城央绿意双床房,双床房
966,关于酒店和体验的评论,983,"地理位置好，就在大街上容易看见。
房间重新装修了，喜欢这个格调，也喜欢大浴缸。
我住在701，我的小伙伴住在1949，他订的房间有行政酒廊，我们俩一起去了好几回，Cherry,Ken,Yuki,Carrie他们给了我们俩很好的服务。非常感恩。",花园大床房,大床房
967,关于前台服务和公共设施的评论,984,"花园酒店的历史悠久，大堂的圣诞气氛很浓厚，房间也还是蛮大的，有大圆桌和沙发，床上用品比较舒服，上30楼餐厅的电梯不太人性化，如果不是4部直达电梯的话就要往下坐到一楼再转；因为需要小朋友的拖鞋和浴衣，礼宾部的电话打了几次才有人接；因为在房间里面看到游泳池在布置婚礼，特意打电话问前台游泳池是不是关闭了，前台在没有确定的情况下就说没有关闭，就带着小孩穿着泳衣下去了，泳池的前台又说游泳池今天有活动不开放了，这么冷的天，又带小孩回房间了，行政酒廊的食物种类特别少，基本上是住过的五星酒店里最少的，欢乐时光的食品还没有希尔顿的下午茶种类丰富，估计是花园酒店不是国际连锁，不需要维护会员的忠诚度吧，但是味道还是不错的，行政酒廊的工作人员Carrie,Ken,Yuki也是特别的热情和专业。退房的时候开车出车库，显示要交144元停车费，可是刚刚才在礼宾部报备了车牌号啊，后面还有一堆车在等，比较狼狈。",花园大床房,大床房
968,关于餐饮设施和整体满意度的评论,985,房间和服务都不错。桃园馆中餐厅环境优雅。只是位于30楼的下午茶太差了，无论是出品还是格局都与酒店的档次极不相称，体验感太差，实在可惜了！,粤韵双床套房,套房
969,关于退房/入住效率和安静程度的评论,986,"下午三点多办理入住的，人不多，等一两个就可以，不过办理过程稍微慢了一点点，花了十几分钟.小姐姐也一直在说不好意思，最后对房间还是满意的，应该是房间没清洁好临时给升了一个房型，然后比较安静没有受到附近施工??噪音的困扰.

 外观大堂都是老牌酒店的样子，内部重修装修过所以特别舒适大方.",红棉双床套房,套房
970,关于整体满意度和体验的评论,987,"岭南文化主题的酒店。
第二次在过年期间入住了，氛围感满满。春节期间酒店还有各种规定，大人小孩都玩得很开心…",花园大床房,大床房
971,关于交通便利性和周边配套的评论,988,酒店服务态度很好，周边交通很便利，出门就是地铁站，离点都德也很近，酒店春节期间各种活动，很喜庆，人气旺！,城央绿意双床房,双床房
972,关于整体满意度和体验的评论,989,酒店设施服务很好,花园双床房,双床房
973,关于房间设施和整体满意度的评论,990,服务比以前好多了，二楼也很好吃。唯一缺点就是床太软了不适合有腰椎问题的老人家，希望酒店可以准备一些加硬的薄床垫。总体环境卫生服务用餐体验都很好。,城央绿意双床房,双床房
974,关于性价比和交通便利性的评论,991,订了三间还升级了两间，价钱上是五星级里比较具有性价比的了，地理位置就在淘金，离地铁口也很近，去动物园两站路就可以了。,花园大床房,大床房
975,关于前台服务和整体满意度的评论,992,"房间非常棒，cheek in的时间订的房间没有了，直接给我们升了房型。
酒店内的后花园和瀑布很漂亮。
还可以打电话到前台订专属导游，带着逛并介绍花园酒店。",红棉双床套房,套房
976,关于前台服务和餐饮设施的评论,993,"大促时购买了红棉大床房，其实本来想要双床房，结果订错了，check in时和前台小姐姐沟通一番，小姐姐不仅二话不说帮我换了双床房还帮我升房了，升成了说是新装修的粤韵。确实设施都比较新，但是美中不足的是特地带了浴球来泡澡，结果粤韵房间是没有浴缸的，有点小小遗憾~
体验了花园酒店的三个餐厅，瀑布餐厅，荔湾亭和锦鲤酒吧。瀑布餐厅可以看到花园酒店瀑布全景，阳光洒落在落地窗上，听着瀑布声吃早餐很惬意~就是早餐的种类并不多，可能是本身餐厅不是很大的缘故吧…
荔湾亭的菜色很普通，和在外面的粤菜店其实差不多，性价比并不高。而且在五星酒店里的都要收服务费的情况下，我们事先询问了可以挂酒店房间的账，而且之前的服务员也询问了房间号，结果一位中年女服务员在我们还没离开店的时候语气并不耐烦的大声问同伴，问我们的账结了没有，周遭都很安静的在吃饭，结果这样一弄搞得我们仿佛在吃霸王餐？而且这位服务员上菜也是带着不耐烦的上的，碗碟敲得砰砰响，不知道有什么不开心的事，这种服务态度还要收服务费的话确实并不值得吧。
锦鲤酒吧我们20点30以后到的还有乐队驻唱，座位也是沙发座可以坐在一起聊天，氛围很好，服务员推荐了特色鸡尾酒，蓉和一个宾治都很好喝~
酒店客房部的人员都很耐心有礼，花园酒店还有自己的博物馆，可以提前预约讲解，lisa小姐姐讲的很生动人也好美丽~为她打call~??",红棉大床套房,套房
977,关于整体满意度和前台服务的评论,994,酒店大堂装扮的非常喜庆，有舞龙舞狮表演，房间还有水果小吃赠送，服务员都非常热情，就是酒店实在太老旧了。,花园双床房,双床房
978,关于房间设施和整体满意度的评论,995,今后四十年的历史发展，酒店经历过一次客房升级但时至今日过去些年日客房室内还是稍显老态，由于全地毯铺设的原因一开始进屋有些许霉味，空调开了一会会好一点。虽是老酒店但酒店的床垫非常舒适支撑性很好，柔软度也高这个一点非常棒。选择入住这家酒店不单单只是客房的体验，更是为了来见证感受这家富有传奇色彩的酒店，邓公的题字，建筑设计大师贝老参与的酒店设计将结构美学与实用性应用到了极致，Y型建筑设计 使空间得到了极大的使用同时兼顾了每个房间的采光和视野 是一个了不起的设计。这趟酒店之旅不需此行，值得体验。,花园大床房,大床房
979,关于前台服务和房间设施的评论,996,"一家酒店可以看到改革开放的发展史，贝律铭的设计初稿，邓小平的题字，***的奠基，***的进口设备申请。酒店38年的历程里记录了太多的历史瞬间。
      原本冲着酒店的人文氛围去的，果然一到就发现值得打卡的地方甚多，自带的博物馆和mini画展也可以去看看。沁春园的锦鲤仿佛通灵一般，能与人亲热互动。
      由于抵达当天已近半夜，前台办理入住很慢，提前电话预约的房间预留完全没有作用（酒店热线的接线人员一问三不知，提出的合理要求都很勉强记录），安排在5楼完全不是协议中写的18到21层。房间设备也比较老旧，体验感比较差。第2天再三要求下换到19楼，可惜订的双床房变大床房，孩子爸爸睡不下了。房间安排上的混乱与拖延，这一点真的是让人无语。
      总体来说，酒店服务人员都是礼貌热情的，虽然业务能力不强，但还是给人宾至如归的感觉。由于正值中秋节，酒店也很应景地给客人准备了一盒??。除却客房安排和房间老旧有所欠缺外，还是值得入住的。",花园双床房,双床房
980,关于前台服务和景观/朝向的评论,997,住店很舒服，很喜欢接待我们的前台小姐姐，说话温柔，给我们很温暖的感觉。酒店的后花园也很棒，景色优美，如果能登小瀑布就更好了。,红棉大床套房,套房
981,关于整体满意度和卫生状况的评论,998,酒店大堂富丽堂皇，后花园也非常漂亮，服务态度好，卫生干净，唯一不足就是房间稍微小了一点，总体感受还是不错，值得入住,花园双床房,双床房
982,关于房间设施和餐饮设施的评论,999,作为携程的铂金会员升级了岭客汇的金卡，入住时升级了粤韵大床，因为才刚装修完没几年，环境自然是可以，且楼层服务员打扫房间很及时。但是花园大床房就不建议入住了，一进去房间就一股异味。早餐是在30楼用餐，品种较少，行政酒廊下午茶点心选择性也较少。游泳池是常温的，现在这个季节下水还是有点冷的。,花园大床房,大床房
983,关于整体满意度和前台服务的评论,1000,真不愧是中国首批5星酒店之一，房间非常舒适，服务一流！虽然中间出了点小插曲，但是非常及时和妥善的处理，令我感受到这酒店对客人那贴心的照顾。,花园大床房,大床房
984,关于房间设施和交通便利性的评论,1001,房间很不错，地理位置很方便，前台小姐姐帮忙升级了房间，有幸感受到了套房的舒适感，博物馆讲述了酒店的发展史,花园大床房,大床房
985,关于房间设施和餐饮设施的评论,1002,"房间很小，床太软，睡的腰疼，
早餐是中西合璧，对于中国胃来说能吃的不多
大堂和瀑布花园比较漂亮，房间就一般",花园双床房,双床房
986,关于整体满意度和餐饮设施的评论,1003,房间整体很不错，圣诞节装扮很漂亮。订的红棉大床，升级了粤韵大床。入住送了两只康乃馨。早餐好吃，瀑布餐厅漂亮。买了纪念品给家人和孩子。除了一楼大厅香味过浓，床太软，其他都挺好。,红棉大床套房,套房
987,关于前台服务和整体满意度的评论,1004,很棒的酒店，下次还会再来，感谢前台接待的全体服务员，每天都来麻烦你们，都给我耐心解答，酒店还有打卡地图，送的礼品我老婆个孩子都喜欢,花园大床房,大床房
988,关于交通便利性和周边配套的评论,1005,交通方便，门口5号线淘金站，右转有点都德，服务很好，帮助拿放行李，卫生很好！对面有商场，非常方便！强烈推荐！,花园大床房,大床房
989,关于客房服务和餐饮设施的评论,1006,"房间整洁，无论是一楼服务员还是楼成电梯员服务都很贴心。桃园馆菜品精致美味，同行的朋友和宝贝都很开心??。特别是行政酒廊Carrie，Sumny,Mia服务很贴心，感恩",粤韵大床套房,套房
990,关于卫生状况和整体满意度的评论,1007,房间还算干净整洁，床???睡着也舒服，后花园晚上也很漂亮，总体感觉还不错。这次带孩子一起来旅游，孩子爱上了后花园的大鲤鱼??,红棉大床套房,套房
991,关于餐饮设施和整体满意度的评论,1008,大厅好豪气哦，喜庆得不得了。生日去的还送了个小蛋糕，2人吃吃正好。房间不大，还行吧。酒店的欢乐时光都来不及品尝，因为广州美食太多啦。,花园大床房,大床房
992,关于整体满意度和前台服务的评论,1009,老牌五星酒店确实不错，服务细节都很不错，推荐,花园大床房,大床房
993,关于整体满意度和体验的评论,1010,对于1??座已经营业几十年的酒店，又是在市中心的老酒店来说，服务绝对满意??,花园双床房,双床房
994,关于餐饮设施和前台服务的评论,1011,服务态度很好，外国人比较多，春节的气氛很浓厚。餐厅早餐有人引导，值得??，要是食物再丰富一点就更好了。,红棉大床套房,套房
995,关于前台服务和客房服务的评论,1012,非常感谢酒店的服务，不愧于超五星级酒店，很漂亮，特别我有衣物遗留在房间，也顺利找回。一直忙没有评论，再次感谢??,花园双床房,双床房
996,关于卫生状况和整体满意度的评论,1013,房间比较干净，环境很好，设施比较齐全，服务态度非常好,花园大床房,大床房
997,关于整体满意度和安静程度的评论,1014,上年中秋来攞月饼就觉得好靓，今次终于有机会来住几日好开心。不愧系老字号酒店，装修风格特别有香港新加波D feel，出去逛圈成条环市东路都好有历史沉淀。花花草草同埋锦鲤都好靓，仲喺花店看到蓝Vanda。服务亦都唔错，话间房出边好吵就即刻同我换左去楼上。至于餐饮，食左酒店入边间日本料理同早餐只能够话无功无过，最开心系去对面友谊商店大快活食个咖喱鸡扒，隔离台个细路仔一直bie住我，仲攞支手枪biubiu下，哈哈见到佢地两仔爷钩起塞我d童年回忆，我细个时同老豆都系咁一起去食大快活，宜家霖起真系感概万千啊。,花园大床房,大床房
998,关于整体满意度和前台服务的评论,1015,走进酒店大堂就看见一个超大的漂亮圣诞??，即刻让人产生喜悦的心情。办理入住的客服经理非常耐心热情还送了欢迎入住的康乃馨。酒店房间很大，干净整洁。瀑布餐厅的自助早餐管理有序环境好，酒店的地理位置优越，出门散步享受美味都很方便，入住体验非常好,红棉双床套房,套房
999,关于餐饮设施和整体满意度的评论,1016,第一次入住花园酒店，进门第一感觉就很吃惊，环境，服务都很好，荔湾亭早茶味道很棒，小朋友对蛋挞赞不绝口，下次来会继续选择,花园双床房,双床房
1000,关于整体满意度和房间设施的评论,1017,作为一名花园酒店三十年前的老员工，对花园有一种说不出的情感 这里是我梦想开始的地方，打开了我认识世界的第一道大门，那时候就觉得自己工作在这样豪华的酒店很不真实，丰富而美味的员工餐让我每天工作心情愉快，现在成为酒店的客人，从另一个角度用更成熟的心智带着更饱满的酒店业认知更加体会到酒店业的传承和花园的经久不衰，的确有它的无可代替的魅力，房间升级了，床品非常讲究，让每一个客人都拥有好的睡眠，隔音效果非常好，这也是与其它新酒店不同之处，以前的酒店建造真的真材实料。米其林餐厅各个出品精湛，口感和卖相都精益求精。酒店入住客人很多，但也稳中不乱。花园小径深处，流水潺潺，锦鲤酒店，锦鲤人生。感谢花园。,红棉大床套房,套房
1001,关于整体满意度和前台服务的评论,1018,酒店服务周到，酒店各处都洋溢着节日气氛，后花园景色很美！环境不错，工作人员服务热情，一次很好的入住体验！,羊羊得意主题大床房,主题房
1002,关于房间设施和餐饮设施的评论,1019,房间翻新过，房间很新，服务很好，老牌底蕴，早餐很丰富有瀑布餐厅和30楼酒廊旋转餐厅，由于之前单间房间面积比较小，红棉双床房是两张1.1米的单人床带浴缸，最新翻新的粤韵双床房是1.3米的单人床，就没有浴缸空间了，粤韵大床房带浴缸。冬季泳池旁开了恒温按摩浴缸。酒店内有多家餐厅，这次在荔湾亭用餐，出品很棒！,红棉双床套房,套房
1003,关于整体满意度和体验的评论,1020,从服务到房间都很满意。酒店的装潢我定义为中式摩登，古典和现代相容并立，沉稳且桀骜，优雅且时尚。下次还会再来,花园双床房,双床房
1004,关于整体满意度和前台服务的评论,1021,一如既往的喜欢，虽然是老牌的酒店，管理很到位，服务很好，早餐也很丰盛,城央绿意大床房,大床房
1005,关于房间设施和卫生状况的评论,1022,酒店外观很大气，很漂亮，房间都挺好的，干净清静，就是比较小，洗漱台也比较狭窄，卫生间的门和洗澡的门不能同时关上，这点不太方便！酒店的甜品很不错，有点小贵，早餐要早点去，人多会需要排队！,花园双床房,双床房
1006,关于整体满意度和前台服务的评论,1023,入住体验不错。酒店大堂富丽堂皇，很气派，办理入住手续快捷，前台美女安排了一间相对安静的房间，如果酒店外围没施工入住体验会更好。房间布局合理设计风格很喜欢，有小会客室，看电视和房间休息互不干扰。最赞的就是酒店的服务质量，只要在公共区域停留或者疑惑的瞬间，都会有服务员询问是否需要帮助。不管是早餐还是午餐等服务接待都很彬彬有礼，温文尔雅，让人感到心情愉悦，以后到广州就首选花园酒店！,红棉大床套房,套房
1007,关于整体满意度和景观/朝向的评论,1024,入住酒店时出乎意料地给我们升级成了套房，酒店服务很好，酒店的景致真是出乎意料的美丽，岭南风格的绿植及壁画互相映衬，市中心的酒店能有这么大的花园真的不容易。我们还参观了酒店博物馆。看到了酒店的发展史。下次去广州还想住这里,花园双床房,双床房
1008,关于前台服务和整体满意度的评论,1025,酒店有文化沉淀，有独到设计，有中西交融，有优质服务，将花园特色融入每个角落，漂亮大气。值得一提的是服务人员都热情、礼貌、细心，前台靓女Gillian还在房间紧张的情况下，帮我解决了续住问题，非常感谢！,花园大床房,大床房
1009,关于前台服务和整体满意度的评论,1026,酒店工作人员态度都非常好，尤其是前台小哥哥还帮忙升级了房型，孩子来广州参加比赛，休息的很好。酒店博物馆及小花园印象深刻。此次入住超值，下次来广州还会选择花园酒店。,红棉大床套房,套房
1010,关于交通便利性和周边配套的评论,1027,大厅很气派，老牌酒店，卫生很好，周边热闹，吃饭什么都方便。离地铁站也近，地铁站就在酒店门口。有机会还会选择入住,花园大床房,大床房
1011,关于前台服务和整体满意度的评论,1028,酒店看起来很大气，savanna小姐姐的服务超级好，长的很漂亮，也很可爱！太感谢savanna小姐姐了。下次入住还是找她帮忙办理！房间也很棒，装修等等也很有特色！抱着尝试的心态入住，没想到爱上了，又多住了几天！下次还一定来！,粤韵双床套房,套房
1012,关于餐饮设施和房间设施的评论,1029,服务质量很高的一家老牌酒店。早餐很不错，瀑布餐厅很棒。床和枕头很舒服。恰逢周一，可惜这次没看到花园博物馆。,花园双床房,双床房
1013,关于性价比和整体满意度的评论,1030,酒店确实有点年代了，不过也恰好看到当年的情怀，红棉房感觉装修有点久远，设施一般般吧，位置确实很不错。也感谢酒店送了生日蛋糕，早餐环境很好（座位一般、人比较多要排队），总体说是不错的体验，性价比不算太好，不过老广东的过来住一下还是挺值得的。,红棉大床套房,套房
1014,关于前台服务和交通便利性的评论,1031,服务员很热情??春节大堂的活动气氛到位了，酒店位置确认很方便。房间翻新了，面积不大也够住。,城央绿意大床房,大床房
1015,关于前台服务和整体满意度的评论,1032,前台汪莹莹服务态度很好，是很好的一次体验,红棉大床套房,套房
1016,关于房间设施和餐饮设施的评论,1033,"老牌广州豪华酒店，基本每次来都住这。房间设施齐全，工作人员服务也很nice,二楼的粤式早茶百吃不厌，强烈推荐的一家酒店！",花园大床房,大床房
1017,关于卫生状况和房间设施的评论,1034,"房间非常干净整洁，设施齐全，不愧老牌白金五星酒店，底蕴深厚。
花园打理的也非常好，花草树木、池塘锦鲤一看就是有专人养护的。",花园大床房,大床房
1018,关于餐饮设施和前台服务的评论,1035,在花园连住四晚，酒店服务员态度可亲，早餐可以在两个餐厅吃，缓解早餐排队的压力。行政酒廊的早餐有点差强人意。,花园双床房,双床房
1019,关于卫生状况和交通便利性的评论,1036,特别好，房间很干净，而且很大，位置方便，旁边就有地铁5号线，周围有饭店可以喝早茶，棒棒哒,花园大床房,大床房
1020,关于餐饮设施和前台服务的评论,1037,行政酒廊很赞，特别感谢小云安排好位置 和热牛奶。早餐时的种类 环境也非常好。,花园大床房,大床房
1021,关于整体满意度和交通便利性的评论,1038,地理位置很优越，不过酒店外围在施工，影响不太大。入住的速度还可以。整体的体验满意，住的套房，房间很大很舒服，还有餐饮券去荔湾亭用晚饭了，两人套餐女生也可以吃的非常饱了。,红棉大床套房,套房
1022,关于房间设施和公共设施的评论,1039,房间非常好，就是缺少浴缸…可惜碰到泳池维修没办法游泳，自助早餐挺好的，两个餐厅都可以用餐～小朋友还可以喂鱼，服务员也很友好,粤韵双床套房,套房
1023,关于整体满意度和前台服务的评论,1040,花园酒店值得打卡，订的木棉双床，前台把房间升级到了粤韵，还送了康乃馨花，小小惊喜。酒店服务好，硬件好，景色美，文化底蕴深厚，就是早餐相对普通了,红棉双床套房,套房
1024,关于性价比和公共设施的评论,1041,"环境：一家38年历史的酒店，也是广州的本土品牌。性价比非常高。

设施：健身房24h，游泳池，后花园，大瀑布。

卫生：干净整洁

服务：因为生日，特意给我房间布置了，晚上回到酒店还准备了惊喜，有一个小蛋糕。真的很贴心。
并且客户说的都有认真的来回馈。",花园双床房,双床房
1025,关于房间设施和安静程度的评论,1042,前台S小姐姐（忘了英文名了，只记得首字母是S）给免费升级到了套房，虽位于闹市，但房间很安静，干净整洁，书桌上放的旅游咨讯很有帮助。冲凉房的淋浴头用起来很舒服，床和被子睡着也很舒适，尤其是枕头，我是很挑枕头的，这个枕头一百分。早晨拉开窗帘，看见“小蛮腰”，美好的一天。,花园双床房,双床房
1026,关于周边配套和交通便利性的评论,1043,酒店特别好，里面有个花园，可以带宝贝去喂喂鱼，逛逛花园，去北京路和码头都不远，我们都是打车前往,花园双床房,双床房
1027,关于整体满意度和房间设施的评论,1044,"环境：优美
设施：高档

服务：贴心",花园大床房,大床房
1028,关于整体满意度和体验的评论,1045,进酒店就觉得舒服,花园大床房,大床房
1029,关于整体满意度和公共设施的评论,1046,服务、环境还是保持了一定的水准，家人都比较满意。酒店内的博物馆也让人印象深刻，一次愉快的广州之旅。,花园双床房,双床房
1030,关于前台服务和整体满意度的评论,1047,这次过年在广州花园酒店，很棒的一次旅行，服务态度非常好，什么是宾至如归，算是在这里体验到了,花园双床房,双床房
1031,关于整体满意度和餐饮设施的评论,1048,非常满意，出行之前看有些人说这个酒店太老了，推荐你们住什么四季，还有广州塔对面的那些酒店，其实没有很大用处，花园酒店毕竟是广州第一个国际酒店，不管是内饰还是整体都是很值得看一看，住一下，这次买了活动套餐。有行政走廊用餐，下午茶和晚餐小吃，在30楼，可以看风景喝点小酒，非常好，套餐还包括酒店人员带着介绍整个酒店的打卡点，可以让你完整的知道从酒店申请，到酒店部分风水细节，让你会有不一样的体验，没有这介绍可能很多细节都不会注意到，酒店整天服务很好，每一层会有专人在电梯口，早餐很丰富，很推荐住,花园双床房,双床房
1032,关于整体满意度和体验的评论,1049,环境古色古香，大堂金碧辉煌,城央绿意大床房,大床房
1033,关于卫生状况和整体满意度的评论,1050,房间干净整洁舒适,花园大床房,大床房
1034,关于整体满意度和前台服务的评论,1051,服务很好。老牌五星酒店，半数服务员都是外籍的，为了方便全球各地的游客，这个细节很好??卫生和设施也都很好，虽然外观看着旧了一些，但内部装修非常好，以后还会再入住！,花园大床房,大床房
1035,关于整体满意度和公共设施的评论,1052,无论停车、服务、设施还是环境，各方面都OK的五星级酒店，送了花水果饮料，尤其是那个花园，早晨起来逛逛太美了，真是超级喜欢和享受的一天哦。,花园双床房,双床房
1036,关于房间设施和前台服务的评论,1053,房间是发霉的，关于房间的其它就不想多说了！服务态度谈吐有点崇洋媚外的感觉，而且退房时的前台接待自我感觉莫名其妙的良好，一副不耐烦的样子！唯一值得表扬一点，地铁交通是便利的！,花园双床房,双床房
1037,关于整体满意度和公共设施的评论,1054,花园酒店名不虚传，宽敞的大堂，有瀑布的大花园，内容丰富的博物馆，无处不在的美丽鲜花，还有贴心的服务，让人宾至如归，下次再来??,红棉大床套房,套房
1038,关于前台服务和卫生状况的评论,1055,"工作人员都很热情，Marry还帮我们布置了纪念日房间，服务态度非常好??
房间干净明亮，高楼层很安静
酒店博物馆也很有意思
可惜没时间逛后花园",花园大床房,大床房
1039,关于性价比和景观/朝向的评论,1056,携程活动时囤的券，非常划算。酒店景观很棒，入住时庆生，升级了房型。升级后的房型蛮大，做了生日布置，满意。checkin时等待时间有点长，还好我们有行政酒廊待遇，就先上去喝下午茶了。整体服务还不错，特别是行政酒廊的小姐姐，服务非常好，还记住我们喝的饮料。第二天恰逢周末，早餐大排长队，无奈只能打包回房间吃，这点看评论酒店一直有这个问题，希望能改善。,花园双床房,双床房
1040,关于餐饮设施和整体满意度的评论,1057,自助早餐真的很一般 品种非常少 花园很美 大堂装饰的也很有新年气氛 服务也不错,花园双床房,双床房
1041,关于安静程度和整体满意度的评论,1058,不喜欢老酒店，虽然房间是最近翻新过的，但是满足父母情怀之后以后不会再选择啦。酒店其实不小，但是人很多，很吵。,红棉双床套房,套房
1042,关于整体满意度和交通便利性的评论,1059,很满意，服务非常好，交通很方便，下次再来住，楼下美食非常多，广州太好吃了,花园双床房,双床房
1043,关于整体满意度和房间设施的评论,1060,"设施：酒店设施齐全，功能完好。
卫生：房间宽敞舒适，卫生整洁。
环境：花园环境美丽，大堂华丽。
服务：各处服务人员热情周到，待客如宾。",红棉大床套房,套房
1044,关于整体满意度和性价比的评论,1061,"超值的享受！
住酒店这么多年，我认为花园酒店是我迄今为止住过最好的酒店。
现在太难找到一家这么有文化底蕴的酒店了。
如果外地游客来广州玩，强烈建议就住这里，可以浓缩地快速地了解广府文化。",花园大床房,大床房
1045,关于整体满意度和卫生状况的评论,1062,来广州探亲，这次定的花园酒店，大堂还是那么华丽，房间干净，那么多年保持得非常好??附近喝茶也非常方便，下次还会来！,花园大床房,大床房
1046,关于房间设施和前台服务的评论,1063,房间布草很舒服。服务很好??,花园大床房,大床房
1047,关于性价比和餐饮设施的评论,1064,"预售套餐特别划算，1050的红棉大床房大概有100平，两个卫生间，住起来很舒服，赠送的500无门槛餐券也性价比极高。

花园酒店的花园有苏州园林的风采，瀑布和园林相呼应，心旷神怡",红棉大床套房,套房
1048,关于安静程度和前台服务的评论,1066,"很差 无敌差 毫无底线的差
客服卫生：窗边椅上精癍懂得都懂，桌面上的灰尘和脏恨也证明没有擦过
更绝的是旁边的工地，如视频一所展示，打桩到晚上十点多 早上七点开撞，保证吵得你心态崩掉，中午都不停工的
最绝的是酒店处理，怕你听不清楚工地有多吵，要我从16楼侧对工地的房调到12楼正对工地，如视频二所展示。保证你看的更清，听的更清！10:53再让调房直接说没房要等打扫，13:06才说打扫好，主打一个拖字诀的妙用！妙啊妙啊！
该酒店对会员礼遇也很绝，请大家看看金卡会员的礼遇，再和大家说说这酒店干了些什么，入住退房专享接待通道，没有，管你什么会员，去排队；欢迎水果，没有；行政酒廊，不开了；呵呵呵不想搞会员你们可以不搞啊，啥都不给算什么，算欺诈嘛？
服务：该酒店服务更是下流，本应在入住时准确告知早餐餐厅位置等信息，前台没说，也没说早餐还有在30楼。第二天吃早餐时来到一楼，一楼的热情接待外国人，中国人就说三十楼没人排队，可以上三十楼吃，去到好家伙，30楼人更多，咋的，你们酒店员工都主打一个骗嘛？从会员礼遇骗到服务骗到设施？
啊对对对，你们酒店是不缺游客不缺外宾，中国人在你这狗都不是，会员在你这狗都不如，这条差评你们也可以不care，但麻烦你们做好准备好回复我向文旅部门、市场部门、集团的投诉哈",红棉大床套房,套房
1049,关于退房/入住效率和前台服务的评论,1067,入住人很多，入住办了半个小时，大堂没有沙发，老人孩子就只能站在旁边等着，押金收的挺快，昨天一早退房就说可以了，押金原路返回，过了2天了，还没退，给前台打电话永远没人接，总之不适合家庭出游，这酒店只适合商务宴请接待外宾，带孩子老人出游慎选,花园大床房,大床房
1050,关于整体满意度和景观/朝向的评论,1068,贝聿铭大师的杰作，虽然已经有40年历史，但仍没觉得过时。花园四季如春，锦鲤满池，环境优雅，个人感觉是广州最有味道的酒店。,花园双床房,双床房
1051,关于整体满意度和交通便利性的评论,1069,总体十分满意！基本每次出差都会选花园酒店落脚。地理位置优越，服务也比较好，酒店本身的厨房出菜品质就很好。美中不足酒店年头有点久了，有的房间是有点老旧的感觉…,红棉大床套房,套房
1052,关于前台服务和退房/入住效率的评论,1070,在携程上买了预售的红棉大床房加500餐饮额度的套餐，刚好来广州办事就预约了一个周六入住。最近好像广交会，入住的各国友人比较多，办入住的时候在前台等了很久，而且大厅也没有沙发让同伴坐一下的，这点体验不是很好，另外早餐也是在瀑布餐厅门口等了很久。酒店其他方面都还可以吧，硬件不错，床很舒服。,红棉大床套房,套房
1053,关于前台服务和整体满意度的评论,1071,广州老字号酒店，服务很好，酒店很漂亮很大气，办理入住的小哥哥很亲切看我们带孩子还帮我升级了房间，下次来广州还会来住这家,花园双床房,双床房
1054,关于交通便利性和整体满意度的评论,1072,花园酒店是有历史文化底蕴的，交通方便，大堂非常富丽堂皇，服务也好，唯一就是早餐和自助晚餐感觉一般吧,花园双床房,双床房
1055,关于房间设施和餐饮设施的评论,1073,著名的老酒店，春节?气氛浓郁，服务很好。餐厅价格好吃但很贵。房间地漏反臭,城央绿意双床房,双床房
1056,关于整体满意度和交通便利性的评论,1074,虽然是老五星酒店，但整体服务、住宿环境都还是不错的。酒店环境是亮点，室外有假山、瀑布，有小桥流水，有锦鲤成群；室内有酒店历史陈列馆，有各种主题小馆。酒店地理位置也很好，出门就有地铁、公交。酒店床垫、隔音、空调都挺好的。稍有不足的是前台办理入住有点慢，部分员工服务意识还有待提升。,花园双床房,双床房
1057,关于整体满意度和公共设施的评论,1075,服务很专业，环境优美，后花园非常漂亮。,花园大床房,大床房
1058,关于整体满意度和前台服务的评论,1076,到酒店发现酒店后面在施工，入住时，提出需要安静房间，前台给升级为粤韵房型。房间很卫生舒适，连洗漱用品都拼成了一幅画。酒店环境优美，特意去花园逛逛，很惬意。酒店里有博物馆，还在那里看见很有趣的玩具，给小朋友买了一个漂亮的拼车。在酒店遇到的每位服务人员都和善礼貌，会主动询问是否需要帮助。就是酒店的早餐稍显简单，味道一般。因为广交会，门口有舞狮祈福，舞狮班的人特别和善，可以帮助拍照合影。值得一住的酒店,红棉大床套房,套房
1059,关于前台服务和整体满意度的评论,1077,很贴心的酒店服务，下次出差还会选择出花园酒店,红棉大床套房,套房
1060,关于房间设施和整体满意度的评论,1078,来广州住的第一个酒店，选择有很有历史底蕴的花园酒店，之前还担心这么“老”的酒店会不会有点陈旧，到了发现保养地还真的不错，前厅很气派，很有老牌酒店的韵味，国庆节入住，因为拖家带口，有老有小，选择付费升级了套房，第一眼的感觉很不错。酒店的服务很五星，有自己的博物馆，满满的历史感，还有邓爷题词的酒店名，户外游泳池已开放，国庆入住的几天，游泳的人也不多，可能都出去玩了，游泳池的服务到位。缺点的话，就是酒店确实年纪大了，有些隐蔽设施会有点问题，比如一间房的电话不能使用，另一间房的空调管堵塞，导致最后一天出现了漏水，湿了一片，不过响应及时，第一天的双床等了半天才打扫完，有点不爽，其他入住期间都很满意。,花园双床房,双床房
1061,关于房间设施和整体满意度的评论,1079,不愧是老牌大酒店，装修大气上档次，房间干净整洁，床及床上用品非常的舒服，真的是一夜好眠，推荐大家一定要去尝尝他家的中餐菜品，绝了??！,花园双床房,双床房
1062,关于性价比和卫生状况的评论,1080,性价比一点也不好，一千多的房间比亚朵还差，最好和服务员沟通换了套房！房间卫生打扫需改善，灰尘不少！！,花园双床房,双床房
1063,关于整体满意度和房间设施的评论,1081,环境很好，设施不陈旧，升级了套房特别感谢。四楼的博物馆周一闭馆，最好提前一天预约。花园晚上逛更有氛围,花园大床房,大床房
1064,关于餐饮设施和前台服务的评论,1082,顶层行政酒廊不错，下午茶和晚间的欢乐时光都很喜欢。小蛋糕选择很多，看着精致实际口味也都不错。Carrie和Lena很亲切，服务有求必应。,花园双床房,双床房
1065,关于整体满意度和餐饮设施的评论,1083,"朋友幸运Li，在酒店工作，见她推荐花园酒店赞不绝口，怎么也想住住看。
但过了两个月，竟然忘了评价。
白金五星名不虚传，广州花园酒店，是传闻中的天花板～
传奇酒店，华南地区唯一“白金五星”[强]，极尽奢华。
“几个米其林餐厅”和“花园博物馆”蕴含其中，拥有傲人的成绩和历史，比如：香港基本法的起草，亚运会的总部酒店，接待数位各国首相领导人等等；
??行政酒廊出花园便是锦鲤亭台瀑布，瀑布餐厅便是真正在造景瀑布旁边用餐，另外还有30楼旋转餐厅等共计9个餐厅酒吧等；
下午在锦鲤酒廊的Happy Hour其实和瀑布餐厅相连，也是边欣赏美景边用餐，晚上还是轻酒吧可小酌。
[玫瑰]或许因为年代有点久远，的确没有洲际瑰丽等那样的现代，但是花园的历史随着光阴反而越发有魅力。
在房间返修以后，大气依旧在，而大厅走廊各样的昂贵装饰和摆件，也及其奢华，看起来有老香港的感觉，但一切又很新。
总之就是那种，看上去浮夸奢侈，但其实蕴藏了文化很悠久的底蕴～",花园双床房,双床房
1066,关于整体满意度和前台服务的评论,1084,"此次广州行特意选择了老牌酒店，服务没话说，装潢很中国风，值得住店品鉴，不愧是对外窗口酒店！
房间19年重装过，整体偏向现代风，一个人商旅住宿是很刚好的，比较有安全感。
前台最近有298升级套房送宝格丽洗护的活动，为这个销售创意点赞，很值得参考的一个销售策略！",花园大床房,大床房
1067,关于整体满意度和交通便利性的评论,1085,大半年前屯的花园酒店 红棉套房套餐 圣诞期间酒店很漂亮 服务很好 位置特别方便 淘金站地铁出行 去哪儿都不太远 家人很满意 推荐,红棉双床套房,套房
1068,关于交通便利性和餐饮设施的评论,1086,花园酒店的交通绝对方便，地铁淘金站上来就是，二楼荔湾庭餐厅品种多样，味道也好，环境岭南风，早餐一楼瀑布餐厅和30楼旋转餐厅都可以享用。,花园大床房,大床房
1069,关于餐饮设施和整体满意度的评论,1087,"名副其实的花园酒店，瀑布餐厅，庭院都很有特色哦

卫生：干净
服务：很好

设施：很好",花园双床房,双床房
1070,关于整体满意度和前台服务的评论,1088,广州老牌五星、品质并没有落后，服务超好,花园大床房,大床房
1071,关于整体满意度和体验的评论,1089,非常好非常棒的一次度假，感恩有你们。没有对比就没有……知足者常乐，感恩者更快乐??不愧是白金五星酒店，有缘遇见，有缘再见～花园酒店,花园双床房,双床房
1072,关于前台服务和整体满意度的评论,1090,首先，感谢酒店工作人员BILLY帅哥，服务态度非常好，耐心和我沟通，效率帮我办理入住流程，满足了我的需求。给了我非常满意的入住体验，我的家人们也很开心满意????。我也祝BILLY帅哥前程似锦。,花园大床房,大床房
1073,关于交通便利性和周边配套的评论,1091,酒店大环境不错，交通便利，酒店对面有商场，也可以逛逛。房间挺大，但是有些老旧，晚上空调声音挺大。第一天入住送了小点心。,红棉双床套房,套房
1074,关于整体满意度和体验的评论,1092,每次来广州，无论是来旅游，还是再远的地方办事，都会住到花园酒店，只因喜欢，老牌五星级酒店体验感超棒！,花园双床房,双床房
1075,关于整体满意度和房间设施的评论,1093,百金五星不是没有道理的，文化底蕴和现代化的完美结合，床品舒适，按我家妹妹的话说：睡在云朵里！服务也是白金五星，加床的工作人员在看到我们带着两个孩子，主动拿来了儿童用品，又加多了两只水，很暖心??参加了酒店打卡活动，再一次认识到花园酒店的魅力，美丽的鲜花、弥漫在空气中的香薰、友善的笑容和服务，搭配合理的灯光，给客人带来非常好的心情，可惜天气冷没有去游泳，如果还没有恒温游泳池就太好了??♀?,红棉大床套房,套房
1076,关于整体满意度和餐饮设施的评论,1094,"舒适干净 床很软很好睡。酒店有格调。吃了荔湾亭和庭日本餐厅。都很好吃。挂房账收费准确。
还买了博物馆的文创。",红棉双床套房,套房
1077,关于餐饮设施和整体满意度的评论,1095,酒店出入方便，餐厅美食选择比较多，味道非常好，入住体验非常好，下次还会入住,花园双床房,双床房
1078,关于餐饮设施和整体满意度的评论,1096,超级满意超级开心的吃吃喝喝，房间里是胶囊咖啡，好喝的很，想回来买一样的，忘了当时喝的是哪个味道了，小遗憾,红棉大床套房,套房
1079,关于整体满意度和交通便利性的评论,1097,"广州的老字号酒店，名不虚传，值得专门打卡，无论是吃饭还是住宿

位于市中心，楼下有地铁，出行便利。

房间翻新过，硬件设施很好，房间很大。特别喜欢那个大书桌，加班??绝配除了洗护用品不够高档，木有戴森，堪称完美

行政酒廊环境很好，食物简单，但是对付一口绰绰有余

酒店入住率相当高，但是服务，品质不打折。房间有酒店和周边介绍，感觉酒店就可以玩一整天

旁边在修地铁，白天是真的吵，晚上安静的",红棉大床套房,套房
1080,关于整体满意度和前台服务的评论,1098,十分满意，无论是酒店环境还是服务，以后来广州还会继续选择花园酒店作为入住酒店，携程预订也很方便快捷。赞赞赞,红棉大床套房,套房
1081,关于前台服务和交通便利性的评论,1100,前台姑娘态度还是不错的，送了入住鲜花。酒店地处广州旧cbd黄金地段，交通便利。酒店富丽堂皇，外国人云集，但因为设计年代久远，尽显年代气息，花园酒店，广州必定要打卡的地标建筑之一,红棉双床套房,套房
1082,关于性价比和房间设施的评论,1101,这次和家人来到广州游玩，入住了越秀区的广州花园酒店。团的是之前在携程订的套餐服务，有幸升级了套房。性价比上没得说，1600住了两晚。还有行政。李玉旋转餐厅的早餐。但是套房的缺点就是设施成就领域期的水忽冷忽热。正值楼下地铁施工，每天早上8点都会有。机器的声音伴随着闹钟声响虽然出门旅游不会睡懒觉，但是这个还是有一点美中不足。作为老牌酒店，他们的服务还是非常的不错，特别是在广交会期间。外国人虽然繁多，但是服务总体还是非常的热情，能够感受到五星级酒店的特殊。,花园大床房,大床房
1083,关于公共设施和整体满意度的评论,1102,酒店就是住在花园里，亮点是花园瀑布下午茶，还有4楼博物馆也可免费参观，很不错的体验哦,花园大床房,大床房
1084,关于房间设施和餐饮设施的评论,1103,房间温馨，床品很好，服务范到位。餐厅美食完美多样！可以停车后不能直达大厅，需要出地面步行一小段才可以。,城央绿意大床房,大床房
1085,关于整体满意度和前台服务的评论,1104,值得信赖携程推荐，短短的三天让我们体会到了广州花园酒店服务管理水平和世界名牌酒店的接轨，选择花园酒店是我们的首选??????,花园双床房,双床房
1086,关于周边配套和整体满意度的评论,1105,酒店过年气氛很好，酒店环境不错，有瀑布花园，适合全家出游,花园双床房,双床房
1087,关于安静程度和房间设施的评论,1106,"大堂布置精美，后花园景色很美，房间卫生不错，工作人员服务热情。入住率高，早餐需排队等候。
酒店旁边有施工，略吵
康体中心洗浴设施旧，热水供应不足",红棉大床套房,套房
1088,关于整体满意度和卫生状况的评论,1107,广州的老牌五星酒店，服务还是不错的，环境也很好，酒店干净卫生，就是我们入住的房间位置很偏感觉不是很舒服。,花园双床房,双床房
1089,关于整体满意度和房间设施的评论,1108,感受下老酒店历久弥新～属实是不错的，整体的感觉，除了客房层高偏矮，老酒店也确实是如此，现在也足可见当年的辉煌,花园大床房,大床房
1090,关于整体满意度和周边配套的评论,1109,酒店地理位置非常好，环境优美，国庆节活动丰富多彩。酒店本身很有历史文化底蕴，建议可以体验酒店介绍的26个打卡点，特别感谢小梁的细致周到讲解，下次还会选择这里。,花园双床房,双床房
1091,关于性价比和餐饮设施的评论,1110,"这次选择了历史悠久的花园酒店 
1k+的2天1夜大床套餐真的很划算（含早+晚，叠叠高一份）check in的时候前台小姐姐还给宝宝送了冰箱贴 她好开心
??
本来我们套餐是花园大床 考虑到我们有宝宝 给我们升级到了红棉套房 比原来房间面积大了一倍 感谢酒店的贴心安排
房间里的缺点就是 老旧的味道有点点重 空调也是时不时会有很强的运转声音 其他都还阔以
枕头如果睡得不合适可以让服务员换的
??
选择这个酒店就是他们家好吃的特别多 荔湾亭和瀑布酒店我们都试了 真的不错 瀑布餐厅的自助晚餐我个人认为与其他酒店的自助晚餐都不太一样 菜式都比较有新意 味道也很不错 最近活动价388/位 推荐来试试 
荔湾亭的1蚊1碗豆腐花活动也是很惊艳 整体出品也在线 推荐
??
在花园酒店里面逛一天没有问题 还有博物馆可以参观（周一休馆）免费开放的
服务是不错的 工作人员都会耐心细致地回答我们提出的疑问",花园大床房,大床房
1092,关于房间设施和体验的评论,1111,酒店在老城区，外宾比较多。花园房型设施比较老旧，套房是新装修还可以。,花园双床房,双床房
1093,关于房间设施和整体满意度的评论,1112,房间忘记拍摄了，非常不错床很舒服睡了好觉,花园双床房,双床房
1094,关于前台服务和整体满意度的评论,1113,庆祝结婚纪念日，好多谢花园酒店为我们带来惊喜，不但布置了房间还送了一个漂亮的蛋糕，免费升级了房型，服务和环境非常nice，下次还会继续选择，感谢这次为我们服务的各位靓女们，非常感谢！??????????,红棉大床套房,套房
1095,关于退房/入住效率和安静程度的评论,1114,"花园作为老五星，不管是服务上还是设施上都应该有它的名字。
先说这次的不足：
①广交会期间，办理入住窗口仅开放两个，导致入住等待将近一个小时期间。办理入住是迎宾的第二道线，如果长时间焦灼等待，让本来就旅途疲惫的人打破第一印象。
②外宾与外地宾客的接待，服务上会有一定差异，可以理解是因为会议期间作为接待酒店，对外宾有相应的服务。但，是不是忽略了一些游客的感受
③临街地铁施工，非常吵。周末无休早8晚10，在办理入住时无人提示，导致好不容易办好入住，又需要调换房间。如实在是没有其他房间调换的宾客，也未提前准备耳塞。

再说下好的地方：
①服务：从迎宾至早上的贴心服务，礼宾部做到应该做的标准五星酒店应有的程度
②环境交通：相对交通便利，如果为了吃饭购物相对方便。
③卫生：卫生还是依旧很干净，部分配置相对老旧，但扛得住用
希望作为老五星，去其糟粕取其精华，越来越好",花园大床房,大床房
1096,关于整体满意度和房间设施的评论,1115,给免费升级了红棉大床房 房间确实很大 还有健身器材 早餐也很丰富 唯一不好的是楼下市政建设在修地铁 好在晚上十点结束 早上八九点才开始施工 酒店本身服务是很好的 地理位置也很优越,红棉大床套房,套房
1097,关于整体满意度和前台服务的评论,1116,"很喜欢住在花园，酒店很有底蕴，但房间设施又比较新，不管是酒店的味道还是服务都很舒服。入住有送鲜花，真的让人心情很好。
特别喜欢行政酒廊的Beryle，人美声甜，服务真的没话说，身边其他客人也非常喜欢她，整个入住期间的体验因为有她在，更加让人感到舒心。下次还会选择住花园酒店。",花园大床房,大床房
1098,关于房间设施和交通便利性的评论,1117,"整体设计富丽堂皇！
房间略有烟味！
枕头、床垫非常舒服！
出行方便，近地铁！",花园双床房,双床房
1099,关于整体满意度和前台服务的评论,1118,多次入住了，一直都是特别满意，服务、环境、设施都是一流,红棉大床套房,套房
1100,关于房间设施和卫生状况的评论,1119,"看了小红书介绍有点担心。
真正入住后体验不错，房间干净（完全没味道），床品非常舒服。老钱风。
在瀑布下的餐厅吃早饭惬意。
感谢Rachel和Rebeca小姐姐安排。",花园双床房,双床房
1101,关于整体满意度和前台服务的评论,1120,服务周到，活动丰富，人性化设计为全家游留下美好回忆。,城央绿意大床房,大床房
1102,关于卫生状况和安静程度的评论,1121,房间卫生非常差，楼下工程噪音通宵吵无法入睡，套房也没有准备水果，在哪里住酒店套房都会帮客人提前准备水果。房间地毯脏的惨目不堵。,红棉大床套房,套房
1103,关于整体满意度和卫生状况的评论,1122,"设施：高端舒适
卫生：干净
环境：优美
服务：服务一流",花园双床房,双床房
1104,关于餐饮设施和整体满意度的评论,1123,床好，水好，服务好。早餐丰盛，而且国际化，又有本地特色。十分开心。,城央绿意大床房,大床房
1105,关于交通便利性和整体满意度的评论,1124,花园酒店位于市中心交通非常的便利，酒店也非常的豪华花园也十分美丽，工作人员的服务也十分的好，特别是大堂的小何,花园大床房,大床房
1106,关于交通便利性和前台服务的评论,1125,花园酒店的大堂很有特色，非常大气，酒店交通非常方便，地铁站就在酒店旁边，服务也很贴心。,花园双床房,双床房
1107,关于前台服务和整体满意度的评论,1126,"每次到广州，心心念念就是花园酒店，第一批白金五星称号，全中国没几家，斥巨资、重服务，一进酒店大堂就能感受到富丽堂皇，金碧辉煌。一整面墙的红楼梦，古典、大气。
入住的时候，超级nice，因为带了小朋友，小朋友早班飞机很累，想提早入住，给了我们一间不错的房间，送了月饼送了早餐券送了很多欧舒丹洗漱用品，还有小玩具，也是这里有售卖的。
然后服务超级棒。
南航旗下，也会看到其他航空公司工作人员入住。",红棉双床套房,套房
1108,关于前台服务和整体满意度的评论,1128,酒店非常的不错，酒店大堂很豪华，服务也很不错，特别是大堂的whaley服务不错,花园大床房,大床房
1109,关于安静程度和交通便利性的评论,1129,"带宝宝出行  酒店房间中规中矩  就是隔音太差  旁边房间的关门声 都听的一清二楚而且声音不小  
酒店大堂很气派  也有自己的博物馆  花园可以逛逛  
早餐  一般般  不符合这个五星级酒店的标准  
交通  步行一分钟到达??淘金站  过条马路直达小蛮腰  其他景区换乘??  或者门口有车大概都是20分钟之内 
总体酒店中规中矩  没有大问题",花园双床房,双床房
1110,关于前台服务和安静程度的评论,1130,酒店服务态度很好，一来到酒店，就会有服务员咨询办理什么、教你去哪里办理或者寄托行李，酒店环境不错，不过我没住到免费升级房间，不过最起码没住正在施工的那边房间已经很好了??，不过隔音一般，会听到响声，而且厕所细，只有浴缸没浴室,花园双床房,双床房
1111,关于整体满意度和餐饮设施的评论,1131,老牌五星酒店，服务品质很好，自助餐食也不错,花园大床房,大床房
1112,关于整体满意度和公共设施的评论,1132,"感谢为我们升了房型，酒店非常漂亮，富丽堂皇的大堂，瀑布餐厅的景观，小桥流水，锦鲤，亭台楼阁都出乎意料；
套餐的行政礼遇让我们基本就在酒店解决，酒廊的Winnie Carrie 一直为我们忙前忙后，冷气太足还为我妈妈送上了毯子；
花园酒店是整个广东行程中住得最满意的，下次有机会再来入住。",花园双床房,双床房
1113,关于房间设施和前台服务的评论,1133,房间很大，新装修的，很干净，服务也不错，本来订了红棉双床房，想换大床，前台小姐姐说大床房有点吵，直接给升级了，就是灯光还是传统老牌酒店的效果比较暗，如果有个白灯感觉更舒服一点，早餐餐厅的环境不错，选择不多，不过味道还挺好,红棉双床套房,套房
1114,关于前台服务和客房服务的评论,1134,给男朋友庆生，check in的时候前台给升级了套房，并且客房在房间布置有一些花瓣和祝福，这让男朋友感到很惊喜和满意。晚餐是在瀑布餐厅吃的，环境OK，服务很好，服务员还端上生日蛋糕来给男朋友唱生日歌，美中不足的是自助餐的海鲜种类不是很丰富，晚上看瀑布的景不是很清晰,花园大床房,大床房
1115,关于整体满意度和前台服务的评论,1135,国庆广州行，选择了花园酒店入住，酒店历史悠久，很有广州特色，每一位工作人员服务都非常好，入住1849房间，房间空间不大，床很舒适，客房服务也很细致入微。酒店处处是景，酒店里博物馆非常值得去看看，双瀑布花园很惊艳，很喜欢这里，酒店38周年了，服务绝对还是行业首屈一指??，来过你就能体会到，什么是用心的服务??有机会还会再来。,花园大床房,大床房
1116,关于房间设施和周边配套的评论,1136,"房间干净，床品舒服。大堂富丽豪华，电梯多。花园人工瀑布正对餐厅，别据一格。
出门就是地铁口，走那儿都方便。
旁边几百米陶陶居，再往前白云山公园。都很方便。
缺点：前台旁摆放巴宝丽洗漱用品，但房间内不是。",花园大床房,大床房
1117,关于整体满意度和交通便利性的评论,1137,酒店非常便捷，房间很舒适，服务水准高，十分推荐,红棉大床套房,套房
1118,关于公共设施和前台服务的评论,1138,"设施:免费升级为粤韵双床房
服务：挺好，就是前台和客服对早茶的情况不了解，也不清楚能不能提前预约，白天鹅那边就做的很好，这方面花园酒店有待改进

环境：很好，有前后花园，特别后花园有瀑布，在市区很少有这么大面积的酒店花园",花园双床房,双床房
1119,关于前台服务和餐饮设施的评论,1139,酒店繁华朵朵！前台小哥态度诚恳、美女温柔体贴给康乃馨花束！瀑布餐厅的服务员们敬业、菜品味道不错！30楼行政廊眼镜美女小周善解人意、可爱体贴！客房服务大姐到位！花园酒店的二天舒心安逸！,花园大床房,大床房
1120,关于房间设施和前台服务的评论,1140,"酒店比较旧，设施都有些旧，热水水温不太稳定，下水也不利索了。
但是但是但是……非常喜欢这种有历史感酒店，老派豪华酒店代表了一个城市的兴衰史。服务上感觉到浓厚的酒店文化，前台服务生给人感觉非常舒服，硬生生靠服务和充满时代感的设计赢得了我的喜爱。酒店里的早茶、博物馆、内部花园是亮点。",花园大床房,大床房
1121,关于整体满意度和前台服务的评论,1141,这次在花园酒店的入住体验堪称完美！从踏入大堂的那一刻起，就被优雅的壁画景观和温馨的氛围所吸引。花园大使Anna热情主动，服务细致入微，礼宾Wayne提前联系询问需求，专业周到，还有非常可爱的前台小姐姐小鱼小谢~而且房间视野超赞！房内设施现代齐全，床品柔软舒适。早餐种类丰富，蛋糕点心和现磨咖啡都很精致。退房时还收到了小礼物，全程体验无可挑剔，下次来city必须二刷！,红棉大床套房,套房
1122,关于整体满意度和周边配套的评论,1142,这是第二次入住花园酒店，回想第一次入住是2016年的冬天，距离这次已经7年时间了，但是花园酒店给我的感觉还是非常大的惊喜。从进入酒店开始就有很多小姐姐微笑的询问需要什么帮助，前台给了20楼的房间，视野很开阔，我还买了酒店的礼品小羊羊。第二天起床品尝了二楼的米其林餐厅荔湾亭，坐到了花船，环境食物茶水都好评。三楼餐厅没有来得及去品尝，下次再有机会吧。酒店里有20多处打卡打卡点，我们几乎都去了，后花园的瀑布和锦鲤真的很美，孩子看到鱼非常高兴，在花园里转了好几圈。房间设施齐全，虽然酒店年代已久，但是住着仍然很舒适，周边车站地铁和商场饭店都很齐全。酒店门口打车真的太方便了。这次看到奠基是1980年….居然和我同岁，哈哈??，下次来广州还是会入住花园酒店！,花园双床房,双床房
1123,关于安静程度和整体满意度的评论,1143,"粤韵房非常不错，白天下面在修路是有点声音，在客厅能听到一点，但是房间基本听不到

设施：相对旧一点，属于有点年代的味道
卫生：可以
环境：酒店装修有种穿越的感觉，装修非常的气质奢华，老钱风。非常不错（瀑布，小桥，肥嘟嘟的锦鲤）
服务：反应挺快，毕竟是白金，这方面可以的

酒店内有个博物馆（星空墙）可以去看看，拍拍照",城央绿意大床房,大床房
1124,关于餐饮设施和房间设施的评论,1144,房间蛮新的，重新装修，不是想象中很老的破五星，大堂特别气派，关键酒店里吃货的天堂，二楼荔湾亭早茶及中晚餐味道很好，三楼桃园馆是米其林餐厅，做的色香味俱全，很细腻，味道很好！一定要品尝，吃了对面广州酒家后觉得还是酒店里好吃！,花园双床房,双床房
1125,关于整体满意度和前台服务的评论,1145,房间住得舒适，卫生干净，整洁，在房间还可以看到瀑布，我们订了三间房间还送了欢迎水果，酒店每位服务人员服很好，特别前台帮我们办理入住的小帅哥，阿根廷人，讲普通话棒棒的，我们还免费享受了金牌讲解介绍酒店，参观酒店所有景点，历史，在酒店2楼餐厅吃得很好，出品很有特色,红棉大床套房,套房
1126,关于前台服务和整体满意度的评论,1146,春节入住，节日氛围浓厚，醒狮很精彩，服务很周到,花园大床房,大床房
1127,关于整体满意度和体验的评论,1147,作为每次去广州首选的酒店，喜欢的是它的沉淀，住在这里有踏实感,花园大床房,大床房
1128,关于前台服务和餐饮设施的评论,1148,"前厅部管理非常完美 系广州地区见过最有管理、最有笑容、服务最主动积极的前厅部
特别好的感觉是去到大堂，姐姐看到孩子主动送上当天酒店烤好的曲奇饼，自助餐虽然不是见过品种最多的，但每一样都是很精，客房服务也是非常好的感受，孩子说我们还要再来！",红棉大床套房,套房
1129,关于整体满意度和餐饮设施的评论,1149,"酒店是广州老牌星级，进门的一瞬间被大堂的装修风格吸睛，服务总体不错，30号住了一晚套间，3号住了两个标间，只是一个房间出得太晚,5点才有，略有些小瑕疵
瀑布餐厅美美哒，照片拍不出现场感受，值得继续刷的酒店",花园大床房,大床房
1130,关于前台服务和整体满意度的评论,1150,Tony Betty  帮忙办理入住的，服务特别周到，酒店环境很哇塞啊，真不愧是超五星酒店。,花园大床房,大床房
1131,关于周边配套和整体满意度的评论,1151,老牌酒店，火车站附近，有特色，花园漂亮，好看，自助餐也ok，住宿和服务都很不错。之前在这里参加过宴会，印象深刻，所以选择了这里。有机会再订。,花园大床房,大床房
1132,关于房间设施和安静程度的评论,1152,"国庆期间住了两晚，优点：1.酒店外观大气，花园瀑布很特别，不愧为90年代白金五星级酒店。2.不管是大厅还是楼道电梯口，都有服务员主动招呼，礼貌周到。3.酒店三楼的博物馆很棒，了解酒店业历史，有收获。4.淋浴喷头出水大洗浴畅快。
缺点：1.酒店挨着建设路一头在施工，白天机器轰鸣声很响影响休息。2.客房设施陈旧，说2019年有装修，不管是柜子，洗脸池，还是卫生间，都显得很老旧。3.床垫偏软，楼层高度偏低有压抑感。4.房间下水道有异味，半夜被熏醒。5.大厅有点暗，可能是国庆，也可能是里面餐厅较多，来来往往人多有闹市感。
总体评价，外观和软件五星酒店，房间和设施经济型，性价比不高。",花园双床房,双床房
1133,关于前台服务和交通便利性的评论,1153,服务态度很好，提前电话确认出行人数和是否有特殊要求，安排好孩子的洗漱用品和拖鞋，入住期间卫生做的也很到位。距离各旅游景点都不远，地铁站也很近，对面的广州酒家早茶很不错，酒店唯一需要改进的是28层的早餐，味道太一般了。生日的这天酒店准备了生日蛋糕非常贴心和感动，推荐亲子休闲游的入住。,红棉大床套房,套房
1134,关于前台服务和客房服务的评论,1154,花园酒店不愧为广州市地标建筑，虽然节日期间客人暴多，但是整个大堂井然有序。接待员在了解我们想要加床就给我们升级到套间房，等我们入住时外加的床都已经铺好，且洗漱用品都变成了3位，可见酒店服务的细心周到。早餐人多，但是排队等位也很快，都有服务员引导，不会让人感觉乱糟糟的，也不会有人抢位置。,花园双床房,双床房
1135,关于安静程度和客房服务的评论,1155,一天换三房，房间对铁轨施工，无语,花园双床房,双床房
1136,关于整体满意度和周边配套的评论,1156,一直拖着，现在才来点评。国庆节出行广州是临时起意，广州虽然去过多次，但是依然很喜欢。花园酒店是老五星酒店，有历史，有底蕴，是我喜欢的类型，又在市中心，做什么都方便。到店不仅送了生日蛋糕，还送了与博物馆联名的月饼，处处可见文化的味道。唯一有点遗憾的是国庆节的气温居然有35、36度，当然在酒店还是很舒服的，只想给个赞,花园双床房,双床房
1137,关于房间设施和退房/入住效率的评论,1157,除了大堂像五星酒店，房间是超级小，连个四星的都不如，而且淋雨和浴缸在一起，要站在浴缸里才能淋浴。私密性超级差，关上洗澡间的门，厕所就没门了。床挨着洗手台，连个隔断都没有。还有我已经支付了房费，还收了我500元押金，今天都回来了，还没给我退款。这是啥操作？,花园双床房,双床房
1138,关于前台服务和退房/入住效率的评论,1158,房间还是可以的，主要是安全问题很好 每一层有一个服务员 可以观察到每个房间 就是前台办理很慢 程序很复杂比较浪费时间，洗发水不建议用了 太次了 ，床很舒服，有好有坏吧！整体还是可以的,城央绿意大床房,大床房
1139,关于整体满意度和餐饮设施的评论,1159,"氛围感很好 入口有乐队 小姐姐发小礼物（糖果??）可以带娃来体验一下。
瀑布餐厅很赞。早上需要排队（5-10分钟）
建议酒店提供儿童洗漱用品和小拖鞋。
btw 大学课本上就有的建筑 10多年后终于见到了哈哈哈。",红棉大床套房,套房
1140,关于前台服务和客房服务的评论,1160,"吹爆这家酒店的服务！
一到酒店门口，礼宾就冲过来帮我拿行李箱，还和我说登记后叫我找他们拿行李去房间；前台check in给升级了套房；到了楼层上，老妈拖着箱子拖不动，客房服务经理看到马上过来帮我们推到房间。到房间后，打电话问客房服务有没有宝宝拖鞋，五分钟后马上有阿姨送来宝宝拖鞋宝宝牙刷宝宝洗发水沐浴露。真的太棒了。
酒店虽然是老酒店，但是维护的很好，环境各方面都很好。
周边集吃住行一体，楼下就是地铁站，对面是什么商场。下次来还住这！",花园大床房,大床房
1141,关于前台服务和客房服务的评论,1161,"谢谢携程这次套餐活动很给力！
酒店住了2晚，有褒有贬，但瑕不掩瑜！
第一天check-in,前台 Gillian 很热情地送了3支康乃馨，感觉很温馨！很巧，check out 也是她！我要特别感谢3位不知名的工作人员，一位是前台帅帅的老外好像是明先生，29号当我外面回来时发现房卡开不了门了，刚到大厅他就问我有什么需要帮忙的吗，经核实确认我订了2晚的房间后主动给我延房以表歉意！另一位是30号下午5点的金牌讲解员，虽然只有我一个人听讲，他依然非常专业认真，非常nice!让我进一步了解了酒店！也能感受到他对酒店的热爱！另一位要感谢的是30号下午我在听讲解时主动帮我去拿袋子装外套的一位穿金色连衣裙的前台小姐姐！当然还有餐厅、客房的服务都非常好??
扣分的是：我到机场收到邮件发现发票只开了一晚，打电话过去说马上补开，至今未收到！",红棉大床套房,套房
1142,关于公共设施和房间设施的评论,1162,"女儿特别满意，尤其是露天游泳池，有特饮赠送，水质水温都很好。玩得不肯走。
房间设施标准很高，有咖啡机。装修时间长了，家具和地板有年代感，但卫生很好。没有浴缸是个瑕疵。洗浴用品是进口的，品质不错。总在外面玩，没看电视。不评论。
瀑布餐厅环境不错，早餐食物出品不错。口味中规中矩。
就是办理入住，拿到房卡时间超出预期，节日期间可以理解。期间有表演，小朋友还收到了礼物。",花园双床房,双床房
1143,关于安静程度和前台服务的评论,1163,订了二间二晚房无烟房！酒店大堂很气派公共区域宽敞大气：还有酒店?博物馆?瀑布，?入住时前台接待说给一间安静房一间吵的（下面在施工）我说我睡眠不好要静的：，她说那要停一段时间！结果等了很晚给进房！晚上睡时一阵一阵香烟味狐臭味通过排风送入房，打电话给?前台说要叫工程人员进门看，我说巳经睡了（其实是酒店陈旧）第二天一大早?下面施工开始吵（说了要安静房）马上去前台说了情况要求换房！结果等到下午3点换到上面－层还是这种情况的房间…无语。                            房间很?紧凑洗漱台紧挨着床不到半步。                                酒店进出方便，旁边5号线！,花园双床房,双床房
1144,关于客房服务和安静程度的评论,1164,由于带着小朋友入住 双床不能拼 给换了大床酒店免费给加了一张小床 服务十分之贴心周到 美中不足的就是周边的施工就算是放假期间还是早上七点就开工 给酒店的服务增加了不少难度 但也丝毫不影响我们全家对酒店的服务打好评,红棉双床套房,套房
1145,关于客房服务和餐饮设施的评论,1165,"国庆中秋双节出行，不仅免费升级成了套房，还送了两盒非常精美的月饼。
客房服务可以使用微信小程序，因为带了宝宝饮用水消耗特别大，点了送水服务后很快就送来了。
酒店的几个餐厅也非常nice，瀑布餐厅非常火爆。早晚都需要排队，但酒店工作人员安排得非常合理贴心，酒店环境也非常舒适，等待的过程并不会有不适的感觉；荔湾亭的菜品则是异常精致，口味也恰到好处~所有餐厅都有宝宝椅与宝宝餐具，非常贴心",红棉大床套房,套房
1146,关于前台服务和客房服务的评论,1166,非常好。员工态度和服务细致程度都很好,花园大床房,大床房
1147,关于交通便利性和周边配套的评论,1167,酒店就在地铁口，出行方便。酒店附近该有的都有。酒店大堂和后花园都非常深得人心，服务很贴心也很到位，入住时送了月饼，水果盘，退房时送了书签。酒店的博物馆，瀑布餐厅和庭日本餐厅都非常适合打卡。觉得比较满意又续住了一晚，酒店的小姐姐送了2份早餐。下次来还会选择入住！,花园大床房,大床房
1148,关于整体满意度和公共设施的评论,1168,虽然是老酒店，但设施和服务都不错，庭院很美,花园大床房,大床房
1149,关于前台服务和整体满意度的评论,1169,下次还住花园酒店！特别表扬前台manceey小姐姐！,花园大床房,大床房
1150,关于前台服务和退房/入住效率的评论,1170,办入住送了一盒月饼，办退房又送了一盒月饼，小举动让这个异乡的中秋也是仪式感满满。一开始安排的房间对着施工工地，和前台沟通后爽快的换到了另一边。唯一一点小遗憾，办理入住排队很长，金卡会员的专门通道也没有开启，只能老老实实排了将近半小时。,花园大床房,大床房
1151,关于房间设施和安静程度的评论,1171,"习惯性好评，不过有几点要说
1 卫生间和洗澡的两个平行空间，共用一扇移门，不太能理解这个设计，并且洗完澡出来面对床没有任何遮蔽物，建议能装一块百叶帘之类的。。可见图四。。
2 凌晨楼上还在跳。。隔音一般
3 服务  酒店氛围还是不错的。。",花园双床房,双床房
1152,关于卫生状况和房间设施的评论,1172,对于这样五星的酒店来说我只想说没有下一次了，卫生环境差到极致，设施老旧，卫生间的浴缸根本不人性化，跨进跨出安全哪来？还有绝对没有隐私可言。隔音效果极差。我明明可以免升房型的话缺被告知房间满，但是愿意接受补差价的就可以升，这是什么服务。小孩牙刷和拖鞋需要每天打电话去要。感受太差。,花园双床房,双床房
1153,关于整体满意度和餐饮设施的评论,1173,房间满意，免费升级的套房豪华舒适。早餐可以在一楼吃也可以在30楼的旋转餐厅吃，周到的服务真的有宾至如归的感觉,花园大床房,大床房
1154,关于整体满意度和前台服务的评论,1174,"2025 年的第一次出行选择了广州，也是第一次来广州，不只是因为天气温暖宜人，更是因为广州有着国内最早的五星酒店。
对比之后订了广州花园酒店，体验贝律铭设计的酒店装修风格，酒店果然如其名，花园里瀑布鲜花绿草坪，五彩斑斓的锦鲤在池中畅游，酒店大堂装饰金碧辉煌，还有花园博物馆的展品，都是别具特色。此外，酒店的服务规范温馨，前台办理入住的美女 Rebecca 周到细致，还赠送了三只粉色康乃馨，入住后服务人员也十分有礼貌， 归属国内仅有的三家白金五星级酒店之榜的确恰如其分。",红棉大床套房,套房
1155,关于整体满意度和卫生状况的评论,1175,老牌酒店   低调奢华   服务比较周到   房间卫生干净   安静   床品舒服   能睡好觉   地理位置好   大堂壁画最吸引我   入住这两天都有乐队驻唱   一定要去二楼喝早茶   味道好   不是外面那些预制菜,花园大床房,大床房
1156,关于整体满意度和前台服务的评论,1176,特别舒适这次给升级房间 22层小朱服务也很好,花园双床房,双床房
1157,关于公共设施和前台服务的评论,1177,"超级赞的酒店！
设施：硬件很好，设施齐全。去之前看评论说室外泳池没开就没带泳衣，没想到住的两天都开放的，而且看起来很大很干净，没有体验到有点可惜。
服务：超级棒！工作人员很热情，客房服务响应及时。
环境：大堂超级大，但是有条有序。地理位置很方便，出门步行两分钟就能到达地铁站。环境更加没话说了，花园式的酒店，拥有双瀑布，使酒店显得更加豪华。
最后下飞机收到酒店的短信，提醒我有东西遗忘，联系后立马给我快递了出来，超级贴心有没有！100分！",花园双床房,双床房
1158,关于前台服务和整体满意度的评论,1178,"服务真的很好，入住送月饼，户外泳池游泳送饮料，每一层电梯厅都有服务人员，有问必答。花园很美，鱼很肥，酒店也很美，各处的设计用尽心思。瀑布早餐和30楼旋转早餐都不错，5星标准。唯一美中不足是房间的格局尤其是卫生间的隔断设计不太合理，灯光系统最好能全面分开。隔壁马路在施工，法定节假日7:30就开工，建议尽量避开21-34这些房间号。
国庆长假来说1000出头的价格也算是比较合适、出门就是地铁，周边美食也很多不错的选择。",花园双床房,双床房
1159,关于整体满意度和餐饮设施的评论,1179,酒店十分赞，这次入住刚好是中秋国庆节，办理入住就收到了中秋礼物有点小惊喜。酒店有30+年历史，里面内涵丰富，早餐丰盛，有米其林餐厅，还有博物馆，这个是最大的亮点。服务周到，下次来广州还想住这里。,花园大床房,大床房
1160,关于整体满意度和餐饮设施的评论,1180,很久没有过来花园酒店住宿，这次回来发现房间全部都装修了，真的好太多，还是熟悉的地方，熟悉的味道，可惜有点晚没吃上荔湾亭的晚餐，下次回广州还是住花园酒店。瀑布酒吧的驻唱很不错，唱得挺好，一个人也不会觉得无聊。一直都是我最喜欢的酒店之一，还要回来……,花园大床房,大床房
1161,关于整体满意度和交通便利性的评论,1181,房间舒适，服务很好，早餐不错，宾客盈门，圣诞氛围满满。出行交通方便，步行地铁网约车出租方式任选。下次还来。,花园大床房,大床房
1162,关于交通便利性和整体满意度的评论,1183,这次和父母一起入住广州花园酒店带来不少惊喜，房间被免费升级，交通又是如此方便，楼下就有地铁，到景点都在半小时圈内，叫车也很快，一进门花香四溢，不愧网红酒店,花园大床房,大床房
1163,关于前台服务和房间设施的评论,1184,办理入住的时候，还给房间升了级;房间内设施完备，重新装修后整体看着挺新的;每天都打扫得很干净;酒店内的服务人员都很热情具有较好的服务意识;离店的时候，大堂的接待李文小姐姐还送了小礼物。,花园双床房,双床房
1164,关于整体满意度和体验的评论,1185,升级了房间，花园式酒店，非常不错??,红棉大床套房,套房
1165,关于前台服务和客房服务的评论,1186,"太惊喜了！
中秋节前一天入住，前台妹妹直接送了一盒月饼，还有康乃馨。
房间虽然比较老了，但很干净也很大。送的欢迎点心也是很应景的流心月饼，好好吃！客房真的是手写的欢迎函，很有心！
酒店的小花园和博物馆都很有意思。
晚餐在酒店的桃园馆订了套餐，非常惊喜，有创意，味道也是好吃的！
早餐可以在瀑布餐厅吃，但是太多人啦，于是去了旋转餐厅。煮河粉的时候真的给我了好多牛腩让我实现牛腩自由。
每个工作人员的服务意识都很强。",红棉大床套房,套房
1166,关于整体满意度和体验的评论,1187,酒店环境真的是超级赞啊！真不愧是花园酒店！白金五星酒店名副其实！,花园双床房,双床房
1167,关于前台服务和整体满意度的评论,1188,酒店很不错很大，老牌酒店服务到位，Betty热情服务并升级了房间，还参观了酒店博物馆，非常精致，很好的入住体验。推荐入住！,花园双床房,双床房
1168,关于整体满意度和体验的评论,1189,非常好的酒店，各方面都很好，下次还会选择,红棉大床套房,套房
1169,关于餐饮设施和整体满意度的评论,1190,老牌五星级酒店，历史悠久，人文气息浓郁，酒店内有多个不错的餐厅，瀑布花园很赞。,城央绿意大床房,大床房
1170,关于房间设施和性价比的评论,1191,房间老旧，如果不是办事的地方在旁边绝对不会再住！！！洗澡居然必须得站浴缸洗，外面500的4星的酒店也不是这个条件啊。建议如非必要不要来住！,花园大床房,大床房
1171,关于整体满意度和前台服务的评论,1192,酒店整体温馨，舒适，服务也很到位，很不错,花园双床房,双床房
1172,关于交通便利性和整体满意度的评论,1193,一家有历史、有故事、有美食、有美景、有服务的名副其实的“五星”酒店，不愧是羊城标志性的场所。随便提一句，交通超便利，出门百米即是地铁站。,红棉大床套房,套房
1173,关于前台服务和体验的评论,1194,酒店各种人员都态度超好，外籍员工是最热情的，很喜欢。,花园双床房,双床房
1174,关于整体满意度和体验的评论,1195,第四次入住这家酒店，非常的不错,花园大床房,大床房
1175,关于房间设施和整体满意度的评论,1196,酒店很棒，服务也很棒，很多外宾、很多空姐空少都入住这家酒店，看到每位工作人员都能游刃有余的与外宾们沟通办理业务，大气高水准。房间里有两个洗漱台和两台电视，真是太方便了，还配备了胶囊咖啡机，入住时按人数赠送了酒吧体验券，可惜带着娃不方便，没能体验到，酒店里的花园和博物馆深得娃的喜爱，退房时还送了小礼品，开心。早餐在一楼的瀑布餐厅或二楼荔湾亭，一楼大多是外宾，西式早餐居多，二楼有中式早餐，一楼排队人太多了，工作人员引导至二楼用餐，餐食品种不算多，将就随便填些肚子，中午去顺德再吃丰盛点吧。对了，晚餐在荔湾亭，叉烧真是太好吃了，粥也很美味，地道的粤菜很棒，酒店博物馆里有不少收获，带娃参观酒店也算是不错的行程，千万别错过。,花园大床房,大床房
1176,关于前台服务和整体满意度的评论,1197,"房间：这次住在1518房间，窗户朝着酒店里面，可以看到瀑布。套房得客厅开阔，功能划分布局合理。
服务：
1.感谢Mancy在入住时给予的帮助，非常专业地根据我们的行程安排，安排了续费服务，满足了我们延迟退房的需要。
2.30层行政酒廊的服务非常赞，工作人员Carrie，Mignon和Jaismine热情周到，细心体贴，以专业的态度和服务为我们的居住就下了美好的回忆。
借助携程平台表达对工作人员的赞美和感谢，既是一种习惯，也是一种不断提醒自己感恩的方式。
每一次愉快旅行的背后，都是所有工作人员的付出和努力！
Thank you for the excellent help and service you've provided. Your great job contributes to the  charm of this hotel.",粤韵双床套房,套房
1177,关于客房服务和整体满意度的评论,1198,没住过服务这么好的酒店！！！每个服务人员，都非常贴心。包括每天打扫的阿姨！请重点表扬这几天打扫2049房间的阿姨，谢谢！几乎每天都会换床品，把房间打扫得干干净净。本来只打算住两天，没想到不知不觉，陆陆续续住了一个星期。不知道为什么会有人吐槽，酒店设施差？？明明就是要什么有什么，有健身房，游泳池，甚至有发廊，博物馆，还有四五个特色餐厅。基本上不出门都能品尝到广州的各式美食。总之有各种各样舒服且完善的服务。房间内风景也很不错，各种设施虽然不算很新，但至少是齐全便利的。这可是开了几十年的酒店啊，有一些设施比较老旧也正常吧（反正我觉得不老旧）。就是一个实打实的五星级酒店啊！如果我不是没那么奢侈（有钱），我可以在花园酒店住上一年哈哈哈哈哈哈。广州这个城市，有花园酒店真是太好了。中秋节还送了贺卡和下午茶（月饼）。最后，再次感谢服务过我的所有花园工作人员！下次还会继续选择住花园酒店！我爱花园！,花园大床房,大床房
1178,关于前台服务和餐饮设施的评论,1199,"服务：非常惊喜的一次入住，名不虚传，酒店岭南风味十足，前台BETTY服务贴心，美中不足的是因为入住游客太多排队时间久，酒廊水果空了补充不及时。
设施：新装修客房很不错。房间空调温度难调，感觉清洗没有很勤。
环境：整个在花园中感觉，有设计美感。
卫生：客房、公区整体都很不错。
餐饮：早餐味道非常好，餐品补充稍有不及时。中餐白切鸡好吃，酒廊中规中矩。",红棉大床套房,套房
1179,关于前台服务和整体满意度的评论,1200,非常感谢前台ANN小姐姐看我们带了小朋友帮我们做了免费升级服务，房型大了一倍。给此次旅行提供了非常高的情绪价值。误打误撞订了广州第一家五星街酒店，里面还设有博物馆，广州花园酒店还有邓小平爷爷的题字，难怪这家酒店从上至下都透露着较强的文化底蕴。以后有朋友来广州我肯定是墙裂推荐的啦。,花园大床房,大床房
1180,关于前台服务和交通便利性的评论,1201,"酒店非常漂亮，离地铁站很近，打车可能还不如地铁。
房间还不错，外面修地铁确实挺吵的。
花园不大，带娃逛逛花园和博物馆很好，还有多家餐厅选择，很好躺平。
就是办入住挺久的，孕妇带娃站着排队也等了很久，问了有没有优先窗口或者椅子也说没有，但是外国友人有优先窗口。
所以服务，配不上品牌。",红棉大床套房,套房
1181,关于整体满意度和体验的评论,1202,虽然是老酒店，丝毫不输其他品牌的奢华酒店，不错,花园双床房,双床房
1182,关于整体满意度和卫生状况的评论,1203,"房间很舒服 接待人员也很热情～
而且房间干净卫生 很棒！大厅的布置很有氛围，马上就要到圣诞了呢！哈哈哈哈哈！",红棉双床套房,套房
1183,关于整体满意度和餐饮设施的评论,1204,赶上广交会的尾巴，住店的外国人很多；酒店很漂亮，一步一景，工作人员服务非常专业；小孩子会有宝宝洗漱用品，早餐比较适合外国人的口味，品质蛮好,红棉大床套房,套房
1184,关于整体满意度和前台服务的评论,1205,老五星了，十多年了，服务还是那么好，广州的标杆酒店！,花园双床房,双床房
1185,关于整体满意度和公共设施的评论,1206,"广州花园酒店。

历史篇。
邓伯伯亲笔题写酒店名字（全国只有两家酒店的店名是老人家题写的），杨伯伯亲手奠基，江伯伯亲笔为酒店进口设备问题写报告，贝律铭绘制草图。
1985年开业，是全国第一批五星酒店，也是全国首批三家白金五星酒店之一，华南唯一。
《香港基本法》在这里起草，是当年广州亚运会总部饭店。
酒店里有1家米其林二星餐厅、1家米其林一星餐厅和2家米其林指南入围餐厅。
?
房间篇。
囤的红棉房套餐，办理入住时被告知升级为粤韵房，谢谢可爱的SAVANNA哟~
1416房，能俯视庭院瀑布。
面积虽然不算很大（64平方），但是个小套房格局，有独立的客厅和卧室。
整个房间布置简洁雅致舒适，且有岭南元素点睛，如客厅的花砖挂画、床头靠背的岭南园林漆画、床头的鸟笼灯...
写字台桌面，进门后近视眼刚一看到时还想着这酒店设施老旧到表皮起鼓了？！再细看，对不起是姐姐我肤浅了——人家这是皮面压出的浮雕木棉花图案，显档次得很呢！
开放式洗手间，中间隔着个浴缸，洗漱台只有单盆，坐厕没有什么科技含量。
迷你吧食品需要收费，不过免费的东西也有一大堆，全部打包带回家给兰姨姨。
?
?花园文化艺术之旅篇。
酒店官方整理了26个文化艺术最佳打卡点，每天安排三个时间段（10点、14点和17点）导览，感兴趣的酒店住客可预约专属金牌导游带领讲解游览。
那天姐姐真正是有专属的金牌导游——因为只有姐姐一个人预约了啦！
穿着燕尾服的曾先生带着姐姐，走走看看说说，足足一个小时！
听到看到了很多自己不会注意到的细节，充分满足了姐姐的八卦好奇心。
附：26个文化艺术最佳打卡点
花园酒店题名石（邓伯伯亲笔）；
阳江漆画《百美图》和《百骏图》；
金箔壁画《红楼梦》；
金龙戏珠藻井；
广东水乡风貌石刻壁画；
旋转木楼梯；
环市东咖啡阁HSD Cafe；
庭·日本餐厅；
名仕阁；
瀑布餐厅；
刘元帅像；
荔湾亭；
桃园馆；
锦鲤酒吧；
后花园·双瀑布；
后花园·天涯若比邻；
后花园·水月观音；
后花园·桥；
后花园·《雁壁》；
后花园·《枫桥夜泊》；
后花园·《少女戏鸽》；
后花园·沁春亭；
后花园·锦鲤；
后花园·中澳友谊树；
花园酒店博物馆。

饮食篇之走马观花。
酒店共有9家餐厅。
姐姐入住期间在3家餐厅（桃园馆、荔湾亭和瀑布餐厅，详细情况见餐厅评论）用过餐，而跟着金牌导游到处逛，还走进了没吃过的其他几家餐厅。
——名仕阁，西餐厅。
号称是城中纪念日圣地，纪念日首选。
我们进去时还未营业，里面空无一人。
大面积的落地玻璃，大量的白纱高挂飘逸，桌椅极少，室外是蓝天白云绿树，室内还有钢琴、鲜花、汽球，门外就是古希腊爱奥尼克风格旋转木楼梯，从里到外，如梦如幻，整体氛围感极佳，确实很适合约会或者过重要日子。
——锦鲤酒吧。
掩藏在花园深处，锦鲤池畔。
在楼上房间看到此处露台就极是喜欢，正对着花园和瀑布还有小红桥，风景很好，不太热的天气里坐在这里肯定会很惬意。
这里也是酒店的行政酒廊。
据说晚上有乐队驻唱，那天回酒店太晚没有去听听，有点遗憾，只能留待下次咯。
?——庭·日本餐厅。
地方虽然不大，却分别有专门的刺身和寿司吧台，还有铁板烧台。
?——环市东咖啡阁HSD Cafe。
其实就是大堂吧，供应饮品、面包、糕点。
?——泰安门Taian Table，米其林二星餐厅 ，只在晚上营业，只接受预约，人均消费不菲，看到点评上的单人套餐加酒水团购价3288。
斯蒂勒Stiller，米其林一星餐厅。
这两个餐厅，门都锁着，金牌导游也无法带姐姐进去开开眼界。
?
?健身房篇。
地方不太大，设施也不算太齐全，不过基本锻炼还是可以的了。
喜欢其够光猛。
忘记看看泳池了。
?
?花园篇。
这是省城市中心高档酒店里少有的真正花园，岭南园林特色，面积达21000平方。
花园主题是“天涯若比邻”，除了遍植绿树繁花，还有高达18米的双瀑布，有假山鱼池小红桥沁春亭，有大型壁画和雕塑，还有特定角度才能看到的水月观音哦！
姐姐带老人家在荔湾亭吃完饭，然后到这里来游花园，当是饭后逛公园消消食咯！
?
维波楼。
在酒店二楼，荔湾亭外面，长长的走廊，摆放有很多古雅旧家具。
看到有个“维波楼”牌匾，竟然是黄永玉题写的，顿感此中必然有故事。
搜搜看，这对跨国夫妇对中国古旧家具的修复保护让人敬佩、感动。
而我们前几年去住过吃过的聚龙村源汀就是“维波楼”的一员（7号馆），甚是惊喜！",红棉大床套房,套房
1186,关于前台服务和退房/入住效率的评论,1207,"开了三间房，两间出问题。
第一间：1.1房卡日期设置错误，无法开房门，下去前台，问我们是否续住的，最后前台解释说日期设置错，是上位前台开卡失误。
1.2入住登记时，已提出要求把三间作关联，因为前台为了快速处理入住，没有告知房卡分别用了谁的信息登记，导致重新开卡时的误会，第一次增加了与前台沟通成本，因为原接待的前台走开了。
第二间：2.1门锁措施残旧未更换。刷卡进房，门锁显示灯为绿色，但扭动无效，喊了在隔壁的房务员，几次也开不了。
2.2服务响应速度慢。通过楼层电话直拨客服中心，如上反应情况，因为1.2中不知道房卡登记谁的信息，对方也不直接说我信息错误，来回间第二次增加了沟通成本，核对好信息，对方表示让礼宾的同事上来，耐心等待了十来分钟，再次拨打电话，对方表示已看到礼宾员上来找我们，再次耐心等待，才等来礼宾员。
2.3升级房间失误。礼宾员试过门后，主动提出升级房间，并为我们换房卡并带我们去新的房间，我们再再次耐心等待，结果新的房间是双人房，原来房间是大床。礼宾员电话叫房务员拿卡开隔壁房，然后我们再再再次耐心等待，房间没错了。
2.4突**况无备注。礼宾下去换卡给我们，我们婉言拒绝，因为原定外出的时间已耽误很久了，只能晚上我们自己去前台拿卡，让帮忙开好卡就行。晚上回来报了新房号给前台，前台一脸懵，但他并没有表明问题所在，又是一次次无效沟通，他也不停地点击鼠标，我们再再再再次耐心等待，最后我把入住到之前的说了，并主动说了三位入住信息，他才说“难怪和登记的不一样”，第三次增加沟通成本。然而新的房间根本没有为我们预留，也没有任何注明，好在没开出去，不然都不用睡了。
2.5基础专业失误。开好房卡后，前台主动提出带我们到房间，以防其他情况发生。结果房卡刷不开门，显示灯是红色。我们再再再再再次耐心等待前台重新开卡。
最后要赞一下的。唯一一间没有任何问题的，是我爸妈入住的，对大堂工作人员很满意，主动服务意识非常强，房间也很宽敞舒适，对第三次入住花园酒店，仍然是非常满意。真的很谢谢，再再再再再再次感谢",红棉大床套房,套房
1187,关于客房服务和整体满意度的评论,1208,以前商务出差和这次家庭旅行都住花园。非常推荐红棉套房，硬件和服务都非常好。 入住期间遇到小朋友身体不适，客房Irene和总机小华都非常贴心提供帮助，全五星推荐。,红棉双床套房,套房
1188,关于前台服务和安静程度的评论,1209,"感谢前台Viria小姐姐的热情服务????
#安静舒适 #环境优美 #干净卫生 #房间宽敞舒适 #早餐丰盛 #交通方便 位置优越的花园酒店，闹中取静的舒适环境，下次来广州还想住这里！",花园双床房,双床房
1189,关于安静程度和前台服务的评论,1210,38年的老牌酒店，大堂、花园、瀑布都很有特色！入住的时候给升级了房型，但由于房间面对施工工地很吵，后又跟前台沟通更换了更安的房间，建议如果不是房间满房的情况下，不要给客人这么吵房间，真的影响入住体验！二层的博物馆很不错，可以免费参观。床品舒适，可以安心睡个好觉！,花园大床房,大床房
1190,关于客房服务和餐饮设施的评论,1211,花园酒店是老字号五星级酒店，卫生，环境，服务都是没话说的，特别这次入住服务员谭少红特别细心，看到我在用沙发靠垫当枕头，给我送了一个硬的枕头，对于我这个颈椎病患者来说，这个枕头真的是救了我的颈椎。服务这块，特别的棒，5星好评我给6?。花园酒店早餐分三层，这次吃的第一层的，还不错，沙拉的蔬菜都很新鲜。,红棉大床套房,套房
1191,关于交通便利性和餐饮设施的评论,1212,酒店当之无愧五星，总体感觉很棒。坐落市中心，门口就是地铁站，出行方便。早餐很丰富，中日西都兼顾，服务员很热情。房间挺干净的，卫生间干湿分离，洗澡水很大，很舒服。床铺软硬适中，各方面设施都完好，电梯响应十分效率。泳池正在维修没有开放，携程上也没有看见告知，有些可惜。可能是酒店历史悠久的缘故，地下停车场并不在酒店地下，在旁边的地下，需要上到1楼后在走一小段路才能到达酒店大堂。当然瑕不掩瑜，下次有机会的话还会选择入住。,红棉双床套房,套房
1192,关于前台服务和景观/朝向的评论,1213,前台小卢非常热情，美丽的花园,城央绿意大床房,大床房
1193,关于房间设施和卫生状况的评论,1214,住了3晚，踩雷啊。霉味，漏水，然后没有淋浴区域，只能站在浴缸里洗澡，然后洗澡和马桶只有一扇移动门，关了这边那边只能开着，非常没有隐私感。住了那么多酒店，最不喜欢的。比民宿都差。,花园双床房,双床房
1194,关于整体满意度和房间设施的评论,1215,房间宽敞干净舒适，居住体验非常好，会再次去。,红棉大床套房,套房
1195,关于整体满意度和前台服务的评论,1216,房间不错，装修风格典雅，最满意的是服务，酒店里所以工作人员都很友好，行政酒廊欢乐时光的餐食品种虽然不多但出品很不错，吃得很满足，carrie和aimee特别好，还送了酒店的小纪念品。下次来广州还会选择花园酒店，并且会推荐给朋友。,花园大床房,大床房
1196,关于前台服务和整体满意度的评论,1217,这次续住花园酒店，体验简直超绝！前台的Cecilia和Lavinia两位美女，笑容温暖，办理入住迅速又贴心，耐心解答我的所有疑问。房间一尘不染，设施设备应有尽有，满足了我的各种需求。踏入大堂，金碧辉煌的装修风格，尽显大气奢华，让人眼前一亮。在酒店里碰到的每一位员工，都热情洋溢，主动问好，服务十分周到。在这里，我感受到了宾至如归的待遇，下次出行，花园酒店必定还是我的首选！,城央绿意大床房,大床房
1197,关于整体满意度和卫生状况的评论,1218,环境很好，设施完善，卫生很干净，服务的很周到,花园大床房,大床房
1198,关于餐饮设施和前台服务的评论,1219,酒店很好，套餐包三餐，因为老妈子生日，所以提前电话联系了酒店，酒店送了蛋糕，老妈子很开心，很适合老广过来玩,粤韵双床套房,套房
1199,关于安静程度和整体满意度的评论,1220,"酒店非常具有历史文化气息 感觉住进了历史艺术博物馆一样 晚上非常安静很适合入睡 唯一缺点是一大早就被外面道路工程的施工噪音吵醒

酒店大堂的香氛味道非常好闻 映像分加满了",花园大床房,大床房
1200,关于前台服务和整体满意度的评论,1221,超满意的体验，办理入住时Savanna细心询问住店需求，看见带小朋友还给升了房间。住宿期间还有酒店赠送的小点心，酒店花园更是美丽！由于小孩子发烧了，因此延迟了退房，退房时Gillian得知后特意给了延时减免。酒店好，服务好，两位小姐姐更是热情周到！,花园双床房,双床房
1201,关于交通便利性和餐饮设施的评论,1222,每次到广州，必住花园酒店。地理位置极佳，地铁五号线淘金站就在酒店旁边。行政酒廊改到了30楼的旋转餐厅，环境更好，食品品种更多了。,花园大床房,大床房
1202,关于房间设施和整体满意度的评论,1223,床很舒服，酒店很气派??,花园大床房,大床房
1203,关于性价比和餐饮设施的评论,1224,住的红棉房，送了500的消费券，太划算了，6个餐厅都很棒，吃顿正餐没问题，早餐丰盛特别好吃，酒店位置很好，出门去看了小蛮腰,红棉大床套房,套房
1204,关于整体满意度和公共设施的评论,1225,酒店的体验感太棒了，亲子哪儿都没去都在酒店打卡也很开心，花园特别大宝宝没事就想去喂鱼，开心极了，酒店的服务任务都非常友好，外国友人也特别多，套房也很舒服，推荐推荐亲子出游打卡一下。,红棉大床套房,套房
1205,关于前台服务和整体满意度的评论,1226,因为此次出行带了三个小朋友，提前跟酒店电话沟通了一下，酒店也非常负责的帮忙做了备注。抵达当天办入住时，竟然给做了免费升房，其实我已经准备加钱升房的，真的很惊喜，67平米的大房间不论是环境还是舒适度，都非常满意。有被酒店的服务感动到，,花园双床房,双床房
1206,关于景观/朝向和餐饮设施的评论,1227,"酒店的环境极佳，有相当大的花园景观，也有单独的博物馆，很喜欢前台大堂的十二钗背景板。
早餐与下午茶的餐食也丰富到位，酒廊晚上有表演。酒廊里的Carrie、Yuki、Yoon服务态度非常好，值得点赞。
入住时担心是老酒店，设施会陈旧。入住后房间设施还是比较全面的，除了电视小了点。总体瑕不掩瑜，以后来广州还会入住。",花园双床房,双床房
1207,关于整体满意度和前台服务的评论,1228,名副其实—花园酒店，环境优美干净整洁，服务更是没话说，一路迎宾和礼仪，给人宾至如归的感觉，前台小邓靓仔服务热情人好心善，我问的问题都能耐心和我解释说明。体验感非常棒的酒店，还有瀑布哦??????,花园大床房,大床房
1208,关于整体满意度和前台服务的评论,1229,白金级的服务太??。地理位置好。入住???送水果。床品舒适。酒店内更???26个打卡点。非常推荐前往。下次???机会还会选择花园。,红棉双床套房,套房
1209,关于房间设施和性价比的评论,1230,这个套票很超值。套房面积大，装饰富有岭南特色，注重细节。大大的写字台面甚至有木棉花的隐花纹。双洗手台，洗手台、马桶间和洗浴间三分离。大大的观景窗，窗外是广州的繁华夜景。套票里的500元餐券用在了岭南特色餐厅荔湾亭，毕竟是米其林指南餐厅。,红棉双床套房,套房
1210,关于房间设施和整体满意度的评论,1231,酒店很好，就是房间有点局促。,花园双床房,双床房
1211,关于整体满意度和前台服务的评论,1232,酒店服务态度好，环境优雅，房间感觉，满意,花园双床房,双床房
1212,关于整体满意度和房间设施的评论,1233,"去了很多次了，是我在广州很喜欢入住的一家酒店。改革开放初期就开业的花园永远给人一种岁月流金的时光感。从下车穿过的门厅到前台的大观园壁画，从顺着扶梯看到的大厅全貌到伴着瀑布流水的锦鲤红桥，从电梯厅的格局到房间的布置，都是老牌五星级的风格，而且一点都没有陈旧的感觉，加上工作人员周到老练又热情的服务，反倒彰显一种绝对经典的从容和大气。客房的床品和洗浴用品都很舒服，很喜欢。还贴心地放了环市东的旅行小手册，方便给客人去附近citywalk做指引。酒店周边是很烟火的本地生活区，藏着众多平民美食和有意思的小店，每次我都放弃酒店餐饮去那些地方暴走暴吃，哈哈哈，相当过瘾。
非常喜欢酒店三楼的酒店博物馆，不是只讲他们酒店自己的陈列馆，是东西方整个酒店业的缩影，很值得花点时间去逛一逛哦。",花园大床房,大床房
1213,关于前台服务和房间设施的评论,1234,每个接触的服务员都非常nice，中午来早了，前台办理入住各种温馨提示，还免费升级粤韵房型，一房一厅，房和厅一样大那种，两个大电视，一键升降窗帘，住的很舒服。博物馆看了，26个打卡点也人工导览了，带看很仔细，酒店的来龙去脉也清楚了，很棒。早餐看起来不多，吃起来啥都有，都想吃奈何吃不下太多，又不好一直坐下去，毕竟后面还有人在排队等位。床和椅子都好睡好坐。周边地铁施工时间大约8：10-20：30，中午有休息。周末也开工，有些影响，能接受，窗都是中空玻璃，比较隔音。,红棉双床套房,套房
1214,关于整体满意度和客房服务的评论,1235,位于广州市中心地带的一家五星级酒店，自带环境优美的后花园，非常舒适。大堂装修融入了四大名著红楼梦元素，奢华又大气。房间卫生和装修都非常好，入住当晚还有小惊喜，送了小点心，服务周到，下次来广州还会再订花园酒店。,花园双床房,双床房
1215,关于前台服务和整体满意度的评论,1236,房间很干净宽敞，前台yolo小姐姐服务细致周到，还特别贴心的给升了套房，下次旅游还住花园酒店,花园双床房,双床房
1216,关于整体满意度和前台服务的评论,1237,"这是我在国内见到的唯一一家，酒店保养做的这么优秀的酒店。1985年开业，近40年风雨历程，太多的老物件还像新的一样。雅致的花园，金箔画的灿烂，细腻的服务，美味的菜肴……儿子说下次来广州还要住花园酒店。
非常感谢礼宾部的Tim专业细致的精彩讲解！谢谢你为我们提供了宾至如归的服务。在您身上让我看到了金钥匙的闪烁。",花园大床房,大床房
1217,关于餐饮设施和整体满意度的评论,1238,酒店很赞，早餐丰富，花园美丽，下次再来。,花园大床房,大床房
1218,关于交通便利性和前台服务的评论,1239,非常难忘的体验，此次广州顺德旅游一共定了三个酒店，这个是最后一个也是最让人期待的，酒店就在地铁旁，交通便利。前台接待非常专业，行政酒廊的工作人员也非常不错。酒店内部也非常漂亮，不愧是大师之作，离开的那天上午还打卡了酒店博物馆，感谢小哥细致的讲解，最后退房的时候在前台买了一只花园小羊送给儿子，希望有机会再带我们家小朋友来住，感觉这酒店很适合遛娃啊,花园大床房,大床房
1219,关于交通便利性和前台服务的评论,1240,多次入住花园酒店，位置不错，交通便利，服务很贴心，房间挺大的，还可以增加行政酒廊下午茶服务，以后到广州都会订这个,红棉双床套房,套房
1220,关于整体满意度和体验的评论,1241,毕竟是老品牌，环境设施依然优质。,红棉大床套房,套房
1221,关于整体满意度和前台服务的评论,1242,之前第一次来广州，住在花园酒店，感受就非常好，这次全家一起来广州，仍然住在花园，孩子们很喜欢这里。酒店大堂高端大气，花园精美。并且前台看我们有小朋友还给升级了房间。为我们的旅行增添了愉快的体验。,花园双床房,双床房
1222,关于前台服务和整体满意度的评论,1243,去到酒店已经很晚了由于广东人习俗不爱住头尾房 前台小姐姐viria免费给我升级了套房态度好好服务也很不错给我的感觉很舒服也非常感谢viria小姐姐（不知道名字有没有打对）体验感很好 下次还会再来,花园大床房,大床房
1223,关于整体满意度和公共设施的评论,1244,酒店完美超预期，有露天泳池，还有瀑布，服务特别好，唯一的小缺点就是设施稍微有点旧~前台小哥还非常贴心的升级了套房，双节期间对金卡会员还送了月饼，绝对值得打卡再来！,花园双床房,双床房
1224,关于前台服务和客房服务的评论,1245,"一个可以让我连接续4晚的酒店也只有花园了，三十八年的老酒店，可以说每走一步都是惊喜，不愧为中国白金五星级酒店！
让我敬佩的是，酒店前台，酒店行政酒廊，酒店的自助餐厅，专业的操守，敬业精神，这证明酒店对员工培训的如此到位，更是15楼层的小妹妹的客房服务，让我更似感动。
谢谢你们的专业服务。谢谢了！！！",花园大床房,大床房
1225,关于前台服务和餐饮设施的评论,1246,房券配合岭南金卡十分好用，感谢前台Billy升级到喜洋洋套房。酒廊Carrie、yuki、Mia和Lena等小姐姐们服务一流，令我父母享受到尊贵的服务，花园酒店的行政酒廊锦鲤酒吧绝对值得体验！,红棉双床套房,套房
1226,关于整体满意度和交通便利性的评论,1247,入住三晚，非常不错的体验，酒店的服务非常专业，酒店的位置出行非常方便，酒店内的瀑布别有洞天，三楼的米其林餐厅，环境优雅，菜品可口，不愧是老牌酒店，下次还会光顾。,红棉大床套房,套房
1227,关于前台服务和餐饮设施的评论,1248,预定了套歺优惠的房间，酒店的大堂富丽豪华，后花园的瀑布?鱼儿也很惬意??；前台服务态度很有耐心和细心。早歺的品种虽然有点少，味道是不错的。希望改善的是卫生间的通风不够,红棉大床套房,套房
1228,关于整体满意度和体验的评论,1249,春节期间活动丰富,红棉大床套房,套房
1229,关于退房/入住效率和安静程度的评论,1250,"在花园酒店住了一晚，广州老牌五星酒店，坐落在有点异域风情的建设六马路旁，总体来讲体验还不错。
环境：客房隔音不错，楼下施工也没有什么声音。一楼有很漂亮的后花园，吃完早餐去逛逛很舒服。四楼的博物馆也可以逛逛蛮有趣的。但是空中花园和泳池在装修，有点可惜。
设施：总体比较老旧，不过能看出来细心维护，卫生也做的不错。床也睡的挺舒服的。
早餐：挺丰富的，在瀑布餐厅，各国菜式都有，看着瀑布和花园吃早餐有种在度假的感觉，很喜欢～
服务：服务一般，需要提升。checkin办理时间巨长，且全程没有一些提示，会让客人干等着。早餐指引入座也有同样的问题。总的来说就是“我什么都做了但我毫无感情”。最后押金退还失败也没有人来通知，主动打电话三次才办妥，这里效率有点低。作为五星标准，我觉得服务应该要跟上。",红棉大床套房,套房
1230,关于房间设施和公共设施的评论,1251,"环境：非常棒，是我目前住过的酒店内部环境最好的了

设施：原来订的红棉大床房，入住的时候说给做了小小的升级，给了个同样面积但是近几年装修的房间。房间设施总体还不错，不过以这个价位来说算不上惊艳。电视不错，三星的，尺寸也够大。虽然不能使用手机投屏，但电视节目很多，HBO也能直接放，还有一些4K的频道。酒店还配了针线包，而且这针线包看着还不错。酒店的拖鞋很舒服，配了大小两个尺码，打电话给前台还会给一双小孩子的拖鞋。就是拖鞋的防滑不太好，洗脸盆附近地方弄了水之后，我在洗漱的时候还滑了一跤，脚趾撞到台下的洗衣篮了，现在都还有点疼呢！在吐槽下酒店配了浴缸和浴盐，一开始我没看到浴盐打电话问前台要浴盐，前台居然说酒店没有浴盐，这业务也太不熟悉了吧！然后还问了有没有一次性浴缸套的也说没有，不知道真没有呢还是假没有呢？还有一个比较失望的就是坐便器了，19年重新装修的居然没有配智能马桶，而且这个普通的??也不好，厕纸扔在马桶前端的位置的话居然会冲不下去，因为冲水的时候前端这个位置冲不到水！再来说点好的，有咖啡机有胶囊，茶包配的TWG。说完房间，说下酒店公区的部份，那是真的豪华，这才对得起这么贵的房价。酒店一进门先是有个小的大堂，左右两边墙上分别有百骏图和百美图。然后再进去才是酒店真正的大堂，那叫一个金碧辉煌，前台身后的那幅红楼梦据说使用金箔贴的，有钱是真的任性。对着前台在我们的右手边是瀑布餐厅，我们的早餐就是在这里吃的，环境很棒，抬头就能看到外面的人造瀑布。早餐种类不算多，不过味道都还不错，水果也比较新鲜，酸奶稍微差点，只有调味的酸奶。咖啡机做的??也挺好的。外面瀑布连着的是酒店的一个大花园，没大太阳的时候去逛逛还是挺惬意的，逛累了就能直接回楼上休息。酒店酒店4楼还有一个酒店博物馆，面积还挺大，内容挺多，不是随便糊弄的。要参观的话直接过去在门口手机扫码实名预约一下就可以了。最后说一下酒店的餐厅，我们现在大众点评上看了下几个餐厅的人均消费，一看吓死个人，还有我们有送的消费券，最后选了个其中比较便宜的荔湾亭，想着两个人500元怎么也应该能吃饱吧。很遗憾，最后吃完花了500多后，我是饿着肚子出来的??

服务：服务中规中矩。",红棉大床套房,套房
1231,关于退房/入住效率和餐饮设施的评论,1252,"市中心老牌五星级酒店，交通方便，酒店房间设施还比较新，干净，舒服。服务则有待加强，有点令人失望。
1. 入住和退房光排队各要15分钟，每个人办入住时间太长。退房时还比人插队，前台小姐姐没注意客人是否有排队。
2. 酒店早餐种类和服务对比同集团的南沙花园差太远了，吐槽一下负责蛋类制作的，估计是不粘锅使用太长时间了，不粘涂层都没有了，煎出来的鸡蛋基本是胡边的。Onmelet的制作技巧有待加强，早餐很多外国客人会点这个。",花园大床房,大床房
1232,关于交通便利性和体验的评论,1253,老酒店位置方便,红棉大床套房,套房
1233,关于卫生状况和交通便利性的评论,1254,干净整洁，位置不错,花园大床房,大床房
1234,关于前台服务和体验的评论,1255,酒店服务非常好，感谢小钟为我们升级房间。,花园大床房,大床房
1235,关于整体满意度和体验的评论,1256,虽然是老牌五星，但非常适合,城央绿意大床房,大床房
1236,关于客房服务和房间设施的评论,1257,"这次又来入住广州花园酒店，因为离家近????小朋友们的staycation了～不知道为什么前台办理入住还是那么慢??房间升级了红棉客房，但是看到房间的刷牙杯垫发黄了，而且洗漱的时候很容易水就流出去杯子的区域??叫客房服务送东西，送第三次的时候，服务员很直接地说：你们还有要什么？要想清楚哈，不要等下又要叫??要不酒店也配几个送东西的机器人？这样不用劳烦服务员。
和之前疫情期间比起来，行政酒廊的餐饮丰富了很多，基本上早餐和晚餐在酒廊解决了，如果晚上能加两个热菜就完美了～
这次酒廊的小姐姐们都很温柔nice，Carrie、Katherine、cherry、Yana她们都很尽职尽责，特别是Carrie，对小孩子特别温柔，会及时帮忙??????
其他：希望酒店能加一些适合孩子们玩的游乐设施",花园大床房,大床房
1237,关于整体满意度和体验的评论,1258,九零年代就来花园酒店住过，这次来广州带着对花园的情节又住了3晚上，酒店界的标杆非花园莫属，一如既往地好，还会再来,花园大床房,大床房
1238,关于整体满意度和公共设施的评论,1259,老牌国际五星酒店，服务没话说。酒店环境也很好。有自己的绿化小公园很漂亮，还有瀑布和酒店博物馆,花园双床房,双床房
1239,关于餐饮设施和前台服务的评论,1260,酒店各种服务都很到位。几家餐厅的菜品质量都非常不错。推荐酒店导览。,红棉大床套房,套房
1240,关于前台服务和整体满意度的评论,1262,本来的订的双床房到了前台Billy直接给我升级到了红棉套房，前台的服务真的非常好！整个酒店一进门就感受到了文化底蕴，真的超级漂亮。大堂每个地方都很好拍，有很多外国友人选择这家酒店，瀑布餐厅也是一大亮点，带小孩过来挺方便的。,花园双床房,双床房
1241,关于前台服务和整体满意度的评论,1263,终于有机会打卡广州老牌酒店花园酒店，酒店工作人员热情洋溢、年轻活力，感受到无微不至的关怀，特别感谢Savanna和Ariel的亲切服务。酒店翻新后硬件提升更好，客房硬件用料扎实。公区富丽堂皇，花园风景如画，博物馆增长见识，颇有都市休闲感觉。让人流连忘返。酒廊早餐有单点，下午茶进步空间大，hh餐食丰富可吃饱，希望以后提升行政酒廊的硬件水平，增加如独立行政酒廊场所，酒廊ci、co服务等。,花园大床房,大床房
1242,关于整体满意度和公共设施的评论,1264,"想给这家酒店写大大的好评!太棒了~这个好评我必须要写
来这家酒店住过了两晚了~三天都觉得身心愉悦都还是那么的棒下次还要来!!!
环境真的超绝!
很适合假期去度假住一天会嫌少的，低调的掩映在车水马龙的城市中央
仿佛一处低调的世外桃源般
服务很棒
前台小姐姐、小哥、扫地的阿姨都好热情啊~
有送入住欢迎下午茶办理入住速度也很快!
酒店设施齐全
有游泳池、健身房园区内还有网红瀑布可以打卡
草坪也不错，百拍照很出片
超级多米其林餐厅，罗氏虾煲超nice!",红棉大床套房,套房
1243,关于整体满意度和前台服务的评论,1265,"亲爱的花园酒店客服人员你们好，我们非常感谢您的支持与帮助。我们在酒店度过了非常愉快的三天，您让我们享用了很多美食，让我们了解到了花园酒店的历史与现在。再次感谢您的照顾，希望将来还能与你们相遇！——来自二年级的小崔同学口述评语（妈妈帮忙记录）
由衷感谢所有工作人员（行李服务、大堂迎宾、大堂经理、客房服务、30层自助旋转餐厅、工程维护等等）的热忱和美好善意，我们都记下了。期待再次重逢！",红棉双床套房,套房
1244,关于交通便利性和周边配套的评论,1266,免费升级套房，非常宽敞舒适。周围吃饭购物也很便利，四楼还有酒店博物馆，非常用心了。而且步行两百多米就是地铁站，马路对面就是商场，很适合带娃citywalk,花园双床房,双床房
1245,关于整体满意度和前台服务的评论,1267,酒店本身就像一座小花园，瀑布，小桥，金鱼，红花真是风景优美。办理入住时对着红楼梦的壁画真是赏心悦目，酒店的服务超级好，进了大堂就不用管行李了，直接送入房间。因为生日还送了甜品和生日蛋糕，哈哈…,红棉大床套房,套房
1246,关于整体满意度和性价比的评论,1268,"出差来广州，赶在入住时间比较晚了，用了自己在携程大促上囤的券小试一下，前台帮忙升级到了粤韵双床房，在前台稍微等了一下，但抵达房间时发现已经开好了夜床服务，点个赞。整体一定要给五星好评！下次还会来！??????????退房服务也超级Nice！

整体上粤韵套房的性价比超级高，各方面比较新，为了照顾日本旅客吧，双床之间还会有升降拉帘，这种小细节一般只有在日本才能感受到。但是双床房没有浴缸，以及办公位电源位置插不进Mac的充电器

床品对于我来讲非常干爽舒适了，前段时间在香港金钟JW万豪都觉得没有这么干爽舒适，干爽和舒适缺一不可，花园酒店做到了。

酒店餐饮：早餐就有惊艳到了，早餐我吃的2楼荔湾亭，完爆其他酒店，萝卜糕芋头糕牛肉粥等等等是外面各种大酒楼点心店吃不到的香气，幸福到会瞪大眼睛感叹的那种！另外一家是活动房券本身包含了500消费额，用在了桃园馆1人套餐，除了略贵没别的毛病，口感和卖相上匠心独运着实吃出了前中后调。另外最后一道甜品，值得单独说说！近期拔草的所有上海新晋网红店我都提不起兴趣，觉得就那样吧，但是！桃园馆套餐里配的甜品让我觉得我好像还是喜欢吃甜品的！

美中不足：抵达时未见迎宾门童、白天阳光照进房间发现卫生间门上玻璃擦拭不干净、卫生间和卧室之间的拉门上也擦拭不干净，不符合花园酒店的卫生定位。

但是花园酒店的粤韵套房依然很不错，下次值得再来～",红棉双床套房,套房
1247,关于交通便利性和餐饮设施的评论,1269,"品质非常的perfect,服务态度很好，设施优质，环境优美，地段便利，100米内就是地铁站，而且酒店内的美食非要的地道，特别是红棉房，小孩很喜欢",红棉双床套房,套房
1248,关于前台服务和房间设施的评论,1270,新年初一入住一家三口出行广州，选择了花园酒店。前台Rebecca Zhong非常的热情和耐心。酒店的服务非常好??还赠送了一盆欢迎水果。大床房设计比较开放，对亲子出行需要慎重选择房型。房间台盆下水稍微有点不畅。,花园大床房,大床房
1249,关于前台服务和客房服务的评论,1271,房间很舒适，住得非常开心。前台小姐姐，总机小华，服务员LiLi，保洁阿姨，服务都非常周到细致。下次再来。,花园大床房,大床房
1250,关于性价比和前台服务的评论,1272,订了双床房 前台办理入住时加了点钱升级到了比原先大一倍的粤韵套房，太划算了，前台小姐姐与酒店的服务人员的服务态度都很好，入住后还送了一套宝格丽洗护用品+蛋糕拼盘??。酒店文化集聚了中国的古典文化特色，后花园也很漂亮，用完餐可以在里面逛逛，酒店的自助餐一流，这次过生日一家三口特意赶过来庆祝了一番，以后还会经常光顾的～,花园双床房,双床房
1251,关于整体满意度和性价比的评论,1273,"真不知道网上为啥有些帖子说酒店不好？带娃在长隆住了两天，因最后一天长隆续房太贵，就定了花园一天，花园酒店升级了到了红棉，进房间后太惊喜，有客厅卫生条件非常好，连拖鞋的质感也超好，服务员阿姨态度非常好，酒店还免费加了床！这个性价比打败我住过所有的酒店。
关键酒店很有历史，国际、大牌、红棉房间设施也很新，隔音效果也不错，外面施工也不吵！周围非常方便，应有尽有！简直挑不出一出毛病来！真的印象太好了！对这次旅行来说真的是点睛之笔！",花园双床房,双床房
1252,关于景观/朝向和交通便利性的评论,1274,冲着瀑布订的酒店，但一进酒店就最资深的豪华酒店之一的感觉震撼了，酒店位置和设施都很棒，一点也没老旧的感觉，去的那天正好是酒店多少周年活动，入住送了小饼干和鲜花。从窗户望去的感觉我感觉是值回一半房价的，房间设施也都挺不错的，配的的巴马的矿泉水，就是房间稍显局促，但还OK。孩子特别喜欢这个酒店，就有多住了一晚。交通很方便，门口就是地铁约车都很方便。就是希望服务能再亲民一些就更好了。,花园双床房,双床房
1253,关于前台服务和整体满意度的评论,1275,"非常满意的一次体验。前台免费延迟到4点退房，酒店环境设施也一流，服务态度无可挑剔。
入职当天正值中秋，送了小朋友玩具和一盒月饼，关键是月饼的味道非常好！",红棉大床套房,套房
1254,关于整体满意度和体验的评论,1276,过年气氛很好,花园双床房,双床房
1255,关于房间设施和交通便利性的评论,1277,房间很大但显得陈旧了些，必须出新装修的。地段很不错，地铁站就在宾馆门口。,红棉双床套房,套房
1256,关于整体满意度和前台服务的评论,1278,环境舒适，服务周到。,花园双床房,双床房
1257,关于交通便利性和周边配套的评论,1279,"【位置与环境】占据越秀核心地段，正门外就是地铁淘金站，周边五百米内有几个商场，购物餐饮相当方便。酒店内的几家米其林推荐餐厅比较热门，可能需要预约或等位较长时间。

【设施与服务】老牌五星级酒店，公共空间宽敞大气，花园也算一大特色。但房间布局和设施难免有些陈旧感，优缺点都比较明显。服务没问题，从前台到客房都很亲切负责，中英文服务都很优秀。",城央绿意双床房,双床房
1258,关于整体满意度和体验的评论,1280,酒店里面很漂亮,花园双床房,双床房
1259,关于性价比和餐饮设施的评论,1281,"红棉大床房套餐非常物超所值，除了国庆期间不能预定。特意去了酒店的桃园馆，菜品果然名不虚传，可用套餐中的500元消费券。因为前两晚所订房型跟最后这日套餐不同，入住时酒店大堂Viria特意帮忙升级了房间，避免换房之苦，帮这次出行节省了不少麻烦，特此感谢。
酒店4楼的博物院值得一去，没想到关于古今酒店业发展历史及未来趋势干货满满，即使在酒店晚一整天也不会感觉枯燥。",红棉大床套房,套房
1260,关于整体满意度和前台服务的评论,1282,服务很好，房间也舒适,红棉大床套房,套房
1261,关于整体满意度和性价比的评论,1283,老牌酒店，值得入住。,花园双床房,双床房
1262,关于前台服务和退房/入住效率的评论,1284,收到携程的点评邀请，那就来评评吧，吐槽一下这次入住遇到的小小不愉快。这家酒店之前住过，因为是出差，匆匆来去对服务没啥特别感觉，但环境还是不错的，虽然现在好酒店选择不少，但花园酒店在广州土族同学的心目中一直是高档酒店的存在；个人喜欢现代风格的，所以虽然红棉房间大一些，这次还是订了重新装修后的花园大床房。去的当天飞机长时间延误，起飞时间不确定，候机的时候特意给酒店打电话告知晚上会晚到请她们保留房间（其实房间本身也是不可退的），并且请她帮忙换一下双床房，工作人员也表示已帮忙备注没有问题。我晚上8点到酒店时又累又饿，也不想多说话，和前台提到下午电话请她们换双床房，并问有没有高一些的房间，前台开始了长时间啪啦啪啦敲键盘，过了十多分钟也没好，中间问了我是哪个平台定的房间。后来告诉我没有高楼层的房间，可以给我景观最好的对着瀑布的8楼房间，我拒绝了，这个瀑布很吵影响休息，就问可以升级吗？“有红棉套房”，我说那算了还是给我原来预定的房间吧，有再高一点楼层吗？“最高就是9楼”，我问“今天就没有再高一点房间了？”，回复“今天太晚了（8点多是太晚？）”，我说这和今天太晚有什么关系，有就是有没有就是没有，又是长时间的沉默和敲击键盘，中间前台问了边上的小姑娘，人家不耐烦回复“刚才不是说了没有双床房吗？”，后来前台说“要不今天就住低楼层明天帮你换”，这时候快20分钟过去了，我也有点不高兴，精力也有点恢复了，我说我订的房型本来就是写的18-21楼，携程上这个双床房也可以预定，下午还特意打电话过来说了房间的事，为啥现在没有房间呢（有点不相信这么大体量的酒店还能住满）？请领导过来我问一下，更让人气愤的是边上小姑娘说是领导，就和我们隔了一米的距离一直闲在那，中间没人找她办过入住，前面听了20分钟这边发生的事情，居然能做到一直没反应，始终没主动站出来处理一下，好歹也是家高级酒店，这种服务意识令人失望，小姑娘过来看了电脑没几秒，就说其实给我预留了20楼的双床房前面没看到。无语，我又累又饿白白在前台站20分钟发了一顿火才拿到我预定房间的门卡？也不知道前面迟迟不愿给我预定的房间是出于什么考虑？另外，酒店楼下马路在修路，从早到晚都是机器马达声，喜欢安静的建议绕路这家酒店。,花园大床房,大床房
1263,关于餐饮设施和性价比的评论,1285,名不虚传的美食酒店，里面有四五家餐厅，食物精致美味。打卡了荔湾庭和瀑布餐厅。套餐非常划算，有500元抵用券可以在餐厅抵用。会员赠送了行政酒廊早晚餐和下午茶。酒店里充满具有岭南特色的装饰，红龙梦金箔壁画、木雕藻井、木雕家具等等，还有博物馆和后花园可以餐馆。住宿设施上，红棉房床品舒适度极高，设施齐备。唯一不足的是老牌酒店，房间有些味道，在可接受范围内。,红棉双床套房,套房
1264,关于整体满意度和前台服务的评论,1286,"酒店氛围很好，服务员工作主动热情 ，做事情忙而不乱。
酒店开业多年  但设施维护很好，并不显残旧，酒店所承载的历史反而成为酒店自身的魅力，这也是我选住花园酒店的主要原因。",花园大床房,大床房
1265,关于房间设施和整体满意度的评论,1287,房间舒适，设施完善。入住很是惬意，大堂很美，服务态度很好??,花园大床房,大床房
1266,关于安静程度和整体满意度的评论,1288,非常非常不建议这段时间入住，外面在施工太吵了，晚上施工到9，10点，听得无比烦躁，房间里压根不能待，早上7点就被施工的声音吵醒了，休假期间就想好好睡个觉，上一个酒店每天睡到9，10点才醒，这个酒店到好，7点就被吵醒，幸亏只订个一晚,红棉大床套房,套房
1267,关于卫生状况和前台服务的评论,1289,和父母来，本来是想再次回味一下广州的老牌酒店，没想到是这么的脏，打扫完的房间还有长头发，酒店茶餐厅的服务人员也非常排外，很明显提供不平等对待！,花园大床房,大床房
1268,关于交通便利性和房间设施的评论,1290,房间非常不错，环境很漂亮噢！特别是酒店的大堂和用餐区，非常的气派，难怪有这么多外国友人过来！值得一提的是离地铁站非常非常的近，出行很方便。去广州塔，动物园，珠江夜游等景区五个站不到。晚上回来居然还有小点心。老人家出行必须要夸一下这里，配备了硬床板，腰疼得到了很好的缓解，以后来广州还会再来的，再次感谢花园酒店！,花园双床房,双床房
1269,关于整体满意度和前台服务的评论,1291,"设施：配套设施齐全
卫生：没异味
环境：很好，入住很舒服
服务：前台外国小哥哥很热情，赠送了鲜花，曲奇饼很好吃。服务很好，与价格匹配。",红棉大床套房,套房
1270,关于前台服务和整体满意度的评论,1292,广州花园酒店，提前一天就接到电话问我有什么要求，升级房型，蜜月布置都满足了我的要求，因为是金卡还送了行政待遇，体验非常棒，以后有机会还来推荐给大家！,红棉大床套房,套房
1271,关于整体满意度和公共设施的评论,1293,花园酒店名不虚传！精美的花园、齐全的设施、优质的服务（到店主动免费升级客房）。十分满意的入住体验，点赞！??????,红棉大床套房,套房
1272,关于房间设施和整体满意度的评论,1294,第三次入住了，重新装修后房间更加宽敞，床品高级舒适。品广州美食，领略岭南文化，非花园莫属??,红棉大床套房,套房
1273,关于房间设施和前台服务的评论,1295,"房间设施一般。
提前预订房间并扣费，楼层说了18-21层，且要求无烟房，备注好无异味。因私晚上11点多到店，被告知无要求的房间，临时换到低层，虽然是无烟房，也有异味。前厅服务态度一般。
晚上12点打客房服务，没人接听。早上8.9点打前台要求送矿泉水也等了40多分钟。",花园双床房,双床房
1274,关于房间设施和公共设施的评论,1296,一家38年历史的老酒店，管理、服务依然是那么好。美中不足是设施上要更进一步才能赶上多元化多样性的需求，建议管理者从顾客多元化需求方面考虑改进。如枕头的软与硬。羽绒枕固然好，可我更喜欢乳胶枕，睡觉睡不好，整个人一天都不爽。住的时候刚好碰上泳池维修，没能畅游一番很是遗憾。,花园大床房,大床房
1275,关于前台服务和客房服务的评论,1297,"很愉快的一次入住！酒店环境好，服务棒！尤其是这次入住赠送行政酒廊的下午茶和欢乐时光，里面二个班的小姐姐都特别有趣有心！Katherine,Cherry,Yana这三个小姐妹我遇上了二次，尤其是Yana特别贴心，给我介绍酒店好玩好看的地方，谢谢啦！
Candy,Yuki,Lena这三个美女我遇上一次，也是很可爱的呢，给我推荐美食，及时给我调整不爱的食物，尤其是Yana的笑容，太治愈了！
我有用心记录了她们的名字，好的服务让我以后会继续选择这里的！
还有那些整理清洁的阿姨们，路上遇见也都是笑眯眯的和我们打招呼，太愉快了",花园双床房,双床房
1276,关于房间设施和前台服务的评论,1298,"设施：先说床品，非常非常赞，保障了优质的睡眠。房间设施略老旧，出现短路跳闸的故障。

卫生：卫生不错。

环境：环境没得说，交通也方便。

服务：前台服务很专业，超预期。部分员工对于酒店位置设施不太熟悉，无法提供有用的指引。此次出行恰逢女伴生日，遗憾酒店未提供任何小惊喜。",红棉大床套房,套房
1277,关于整体满意度和前台服务的评论,1299,非常满意的一次体验。前台小哥哥服务态度很好，笑容也很好，告诉了我名字没记住。希望酒店可以表扬下。花园酒店整体还是不错的，房间也舒适，床很舒服。东西很好吃，喜欢粤菜。无论从性价比和舒适度都是非常不错的。下次还希望可以过来入住。,红棉双床套房,套房
1278,关于整体满意度和前台服务的评论,1300,酒店前台给升级了套房，体验非常好。早餐区有景观瀑布，酒店环境好，地理位置方便。适合商务出行，下次还会入住。,花园大床房,大床房
1279,关于餐饮设施和整体满意度的评论,1301,"第二次在携程订的，房间很大，设施都很好，一楼早餐人很多，要排队，二楼早餐品类少些也够吃，但是人少
用劵买了晚餐，不知道是不是人多，味道跟上次比有所下降，但是工作人员的还是一样的nice，很热情",红棉大床套房,套房
1280,关于整体满意度和前台服务的评论,1302,"老牌五星酒店整体不失水准，保持着自己的特色，及五星酒店该有的标准，值得推荐！大气宽敞的大堂，酒店前台有序高效的办理入住，全程笑容满面，非常nice!礼宾部的服务人员也很不错哦????酒店内（除房间）随处可见的花艺展示是酒店的一大亮点，入住时前台妹妹提供的酒店内景打卡，还不错，可以逛逛拍拍，酒店内的后花园虽小，却不影响她的特色。大堂吧有时间可以去坐坐，面包和咖啡?不错????
建议酒店房间内的卫生间，特别是冲凉房的设计，最好改善提升一下，太局促不方便，拉低了酒店整体满意度。房间内空调静音效果不错，花洒??水压足，好多五星酒店上述两点都不咋样。早餐品种少了点，希望以后能有改变。
整体不错！",花园双床房,双床房
1281,关于整体满意度和体验的评论,1303,老牌五星级酒店,城央绿意双床房,双床房
1282,关于整体满意度和房间设施的评论,1304,非常棒，非常适合宅酒店，有很多打卡点，小朋友们很开心，很人性化，送了非常棒的一盒月饼，完美体验。不足点是客房充电插头不够用，等了两次。,花园双床房,双床房
1283,关于整体满意度和前台服务的评论,1305,节日气氛浓厚，服务热情周到，感谢Ann为我们升级了房间，安静舒适，住宿体验很好！,红棉大床套房,套房
1284,关于整体满意度和交通便利性的评论,1306,来广州旅行，花园酒店是一个非常好的选择。酒店在市中心，有地铁可以直接到。淘金站上来就是。大堂非常气派。服务非常周到。客房干净，服务人员热情。里面有很多外国人。二楼的早餐非常好吃。每天都有更新。总体来说非常满意！,红棉双床套房,套房
1285,关于性价比和餐饮设施的评论,1307,花园酒店非常惊艳，是全家广州行觉得性价比最高的选择。首先是酒店的环境大气又有历史沉淀，然后是餐厅，酒店里面有几家米其林，早餐的两家餐厅都非常惊艳。难得的是酒店不但适合商务入住还适合亲子旅游，周边交通方便，商场和美食也不少。孩子最喜欢的就是去后花园喂小鱼了，唯一可惜的是露天泳池没有开放。,花园双床房,双床房
1286,关于整体满意度和前台服务的评论,1308,房间非常满意，前台亲切，给我感觉特别好，一进大堂确实给我很震惊，富丽堂皇，面积如此之大，还有演出和弹琴～房间和早餐都很有广州特色～,花园大床房,大床房
1287,关于餐饮设施和公共设施的评论,1309,慕瀑布餐厅名而来，有更多惊喜。老派酒店新式装修设施齐全服务细致。泳池赞。自助晚餐的牛扒和甜品很正！芝士蛋糕好吃！还看了个小画展。,花园大床房,大床房
1288,关于前台服务和公共设施的评论,1310,"首先说第一印象
1.服务:所有工作人员都很热情耐心友好，说真的特别温暖！第一晚的房间厕所反味，和大堂的bobo说了，立马给安排成了套房还送了小点心和一张手写信！服务方面真的无可挑剔！
2.设施:大堂很大，富丽堂皇的感觉，配套有棋牌室，壁球室，健身室，网球场，按摩室，桑拿浴室，室外游泳池，SPA（都没去，就看到室外泳池一直在维护无法使用）
3.儿童:
前台办理入住的时候，看到有带小孩就有工作人员上来发酒店自己做的黄油曲奇，和蔓越莓曲奇！yummy
	
还可以在前台领打卡的卡片，集满3个章就可以换一张书签，对于小朋友也很有趣啦，也可以顺便深度逛一逛酒店！
	
酒店内有花园酒店博物馆，周一闭馆，可以带娃去逛逛（也是一个集章打卡点）
4.房间:相对紧凑，没那么宽敞！
5.交通:酒店出门就是地铁站??出行便利，要坐APM线需要换乘相对麻烦点。
6.吃饭:酒店附近200m内就有广州酒家，点都德！走路就能到!花园酒店的早茶和瀑布餐厅也很有名
7.国际化:在花园酒店这几天真的是3步一个外国人，非常international了，酒店周围也全是外国人！工作人员想必外语肯定各个都很赞！
8.周边:第二天妹妹生病了，导航到周围几百米有一家医院，过去没有儿科，又打车过去中山大学附属第一医院，去医院也不远！能酒店深度评价到周边医院，多夸了我的好大儿
	花园酒店一共住了2晚，真的能感受到广州人民的热情专业温暖的服务！",花园双床房,双床房
1289,关于前台服务和整体满意度的评论,1311,其实家就在附近，想临时抛开家里孩子谈谈恋爱。其实之前家里有亲戚之类的过来广州玩也会选择花园酒店。但是这回住又有新体验。前台的billy服务非常热情满脸笑容。为我们安排了可以吸烟的房型并做了升级。非常详细的介绍了房间是新装修过望花园瀑布，以及行政礼遇和设施。非常感动！装修后的花园酒店方方面面都符合五星级标准,红棉大床套房,套房
1290,关于餐饮设施和前台服务的评论,1312,房间设计西式化，估计当年是跟中国大酒店各不同风格，一个中式一个西式。吃早餐也是分中西式两个厅。服务生态度非常亲和，吃早餐虽然要排队等候，但是就算是一个人也可以选择坐一张桌子不与别人share，还会特意写上“留坐”示意。非常人性化。酒店很华丽！没住过的可以去感受一下。中餐厅也很有氛围。,花园大床房,大床房
1291,关于房间设施和卫生状况的评论,1313,体验感最差的一次酒店入住，看乌鸦行为的视频被媒来的，视频里酒店设施看起来还挺好的，结果入住后发现设施陈旧，房间狭小，晚上洗个澡，水就从洗澡间里漏出来了，而且不是一点点，联系客房服务给换了一间房，感觉还是有点渗，只是没那么严重，忍了，窗台上是黑灰色的都是泥灰尘留下的痕迹，团购还一千五一晚的房费就这个样子，真心上当受骗，房间差成这样我又何必再在这个酒店多花一个子。,花园双床房,双床房
1292,关于整体满意度和前台服务的评论,1314,环境挺好 拍照也挺出片的 服务态度也不错 吃的东西就那样吧 酒店的餐大同小异 人造瀑布还挺好看的 还有博物馆啥玩意儿的 前台的金箔纸红楼梦场景画很大气……,花园大床房,大床房
1293,关于前台服务和客房服务的评论,1315,房间真的还是挺不错的，很宽敞，装修也很新。特别是前台服务和客房服务都是满分，晚上口渴，就让服务多送5瓶水过来，也是很快满足！退房也是超级迅速！！下次还会住花园！,红棉双床套房,套房
1294,关于交通便利性和房间设施的评论,1316,"选的花园酒店作为接亲出门酒店
交通方便 也有好多外景可以出片
但是酒店房间还是旧了一点
不过整体适合敬茶接亲",红棉大床套房,套房
1295,关于整体满意度和餐饮设施的评论,1317,升级的房间十分满意，早餐一如既往的赞??前台接待处，客房处，用餐区的服务小组的服务意识都不错??本次体验挺满意～,花园双床房,双床房
1296,关于整体满意度和前台服务的评论,1318,特地挑选春节入住花园酒店，感受在花园酒店过除夕，体验很棒，热闹而温馨。特别感谢Ann，非常体贴细心，宾至如归。,花园大床房,大床房
1297,关于前台服务和退房/入住效率的评论,1319,带娃出游，准备退房的时候，小宝宝闹觉，要睡觉，跟前台说明理由后，小姐姐延迟让我们退房，让宝宝睡一会！这点很窝心，服务很好！,花园双床房,双床房
1298,关于交通便利性和房间设施的评论,1320,第一次住花园酒店，老牌的酒店了，无论交通，酒店设施都很方便齐备。,花园大床房,大床房
1299,关于整体满意度和房间设施的评论,1321,"我很高兴能够分享我对入住广州花园酒店体验，非常令人满意。花园酒店作为广州的一家知名五星级酒店，在服务和设施方面都非常出色。入住体验非常愉快，让我感受到了高品质的服务和舒适的环境。

首先，我非常欣赏酒店的设计和装修。房间宽敞明亮，设施齐全，而且非常干净整洁。床铺舒适，让我每天都能够得到充分的休息。浴室设施完善，包括高品质的洗浴用品和浴袍等，让我感到非常舒适。

其次，我非常满意酒店的服务。员工都非常友好和专业，能够满足我所有的需求。他们始终保持微笑，让人感到非常亲切。此外，酒店还提供了许多额外的服务，例如早餐、下午茶和晚间鸡尾酒等，这些服务都非常出色。

在性价比方面，我认为花园酒店的价格非常合理。虽然价格稍高，但考虑到酒店的高品质服务和设施，我认为这笔钱花得非常值得。如果你正在寻找一家高品质的酒店，我认为花园酒店是一个非常好的选择。

总的来说，我对“入住广州花园酒店体验”的评价非常高。酒店的服务和设施都非常好，让我感到非常舒适和满意。如果你正在计划来广州旅游，我强烈推荐你选择花园酒店作为你的住宿地点。总之，这是一次非常愉快的购物体验，我非常满意。",花园大床房,大床房
1300,关于整体满意度和周边配套的评论,1322,广州最早的五星酒店之一，艺术底蕴深厚，酒店位置很好，周围吃逛都很方便，虽然房间设施稍为老旧，但暇不掩瑜，服务和环境都很不错，下次来广州还会入住，值得推荐。,红棉双床套房,套房
1301,关于前台服务和整体满意度的评论,1323,这次带崽崽来广州玩，选择花园酒店简直不要太明智，酒店有自己的历史，也有庭院可以散步游玩，对于10岁的孩子来说，酒店博物馆真的不错，非常推荐。另外，这是小朋友第一次独自完成check in，特别表扬前台的Viria and Ariel两位小姐姐，对小朋友特别耐心，漂亮又热情！,花园双床房,双床房
1302,关于整体满意度和体验的评论,1324,挺开心的一次体验,花园大床房,大床房
1303,关于房间设施和卫生状况的评论,1325,"设施：说是三十年的酒店了，但是一点看出来 设施都很新

卫生：卫生更是没话说，酒店的每一处都很干净

环境：特别赞，酒店里面还有瀑布，

服务：帮我免费升房了，前台还送了花花 很贴心",花园双床房,双床房
1304,关于交通便利性和餐饮设施的评论,1326,环境非常好?? 服务也很周到 缺什么什么送来的也很快 自助早餐最爱 瀑布餐厅！房间非常大很舒适??一出地铁站就到门口了 比较可惜的就是游泳池在维修 希望下次去的时候能去游泳！,红棉大床套房,套房
1305,关于前台服务和安静程度的评论,1327,"服务：大堂的巴基斯坦帅哥工作很认真，沟通非常好。
卫生：干净整洁
环境：旁边工地打桩到10点左右会停工。感觉吵闹可以去对面世贸，友谊转转，吃点东西，再回来。
设施：还行吧，浴盆的位置有点怪。卫生间和卧室通透，会有点气味传过来。先到外边的房间等10分钟再去卧室就没有气味。",红棉大床套房,套房
1306,关于房间设施和交通便利性的评论,1328,酒店年限有些久，设施相对有些老旧，楼下就是地铁口这点相对比较方便，服务人员态度一般，吃自助餐的时候还没吃完就要我签字房号。没有惊喜。花园瀑布餐厅算是一个打卡地非常出片。,红棉大床套房,套房
1307,关于周边配套和餐饮设施的评论,1329,位置非常好，吃饭非常方便，酒店打卡的人很多，瀑布餐厅名不虚传，早餐服务很好，花园可以带小朋友喂鱼，博物馆也可以看一看。,花园双床房,双床房
1308,关于房间设施和价格合理性的评论,1330,房间比较老，卫生间有补过?迹，但房间宽阔，价格实惠。,红棉大床套房,套房
1309,关于房间设施和性价比的评论,1331,其他都不想说，除了床垫床垫床垫；第一次住酒店掀开床垫看，再看看官网价格！嗯 告辞！！早餐的环境还可以，菜品也就那样！,花园双床房,双床房
1310,关于前台服务和体验的评论,1332,环境服务都不错，就是以后办理入住的时候最好主动提醒一下房间是带早餐的，说明一下用餐地点和时间囖，不然我们自己都忘记了,花园大床房,大床房
1311,关于房间设施和前台服务的评论,1333,花园酒店的房间设施完善，舒适，一如既往的喜欢，酒店每个服务员的热情服务让我感到非常欣慰,花园双床房,双床房
1312,关于整体满意度和交通便利性的评论,1334,作为中国唯三的白金五星级酒店，花园酒店一直是广州的一个招牌，旅游出行很方便，环境非常不错，瀑布餐厅非常有名，服务也很到位，很欢喜，下次应该还会带娃来的，只可惜这次去的时候泳池在装修，没有游起来，算是开心旅程中的一点点遗憾吧,红棉双床套房,套房
1313,关于整体满意度和房间设施的评论,1335,这次临时来广州办事，预定了放在收藏夹里很久的花园酒店，因为带了宝宝，想着要环境好一些，地方大一些，果然是不错的，宝宝每天和奶奶逛酒店很开心，我就和老公在外面办事情，一共续住了三次，总共住了八天，都不想换酒店，就一直在这续住，下次来还住这里????,花园双床房,双床房
1314,关于整体满意度和景观/朝向的评论,1336,这次来广州，特地选择了代表着改革开放以后，“传说中的”第一批五星级酒店的几家酒店，走入酒店，那种开篇之作，厚重不浮夸的质感让人满意，环抱着的花园有典型岭南园林的痕迹，不能言表的高级感让酒店蕴含着神秘的气息。,红棉大床套房,套房
1315,关于整体满意度和餐饮设施的评论,1337,酒店虽和我同龄，但维护保养的非常好，大气精致共存，特色餐厅也极具水准，难以想象，在1985年开业时这是怎样超前的存在！,红棉大床套房,套房
1316,关于交通便利性和周边配套的评论,1338,酒店很漂亮，不负白金酒店的称号，酒店在地铁5号线淘金站A口的边上，附近商城多，吃饭购物都很方便，酒店的服务也很好 ，入住的房间因网络有问题，而我们晚上有线上课，在和客房服务反应后，客户服务热心的帮我们升级了房间。早餐瀑布餐厅的服务员也都很热情。,花园双床房,双床房
1317,关于交通便利性和周边配套的评论,1339,地段优越，环境好，交通便利，服务人员热情，餐厅的环境和食物的味道都很好，周边300米有点都德得和其他美食餐厅，值得入住。,城央绿意大床房,大床房
1318,关于餐饮设施和景观/朝向的评论,1340,饭店历史悠久，风景极美，早餐非常丰盛！,花园大床房,大床房
1319,关于整体满意度和公共设施的评论,1341,"主体建筑Y型，寓意“年轻和希望”的白金五星广州花园酒店，难得数十年来仍保持经典非凡，果然实至名归。
本次体验的是含行政礼遇的客房，除没有浴缸外，其他设施、卫生、环境、服务以及满溢岭南气息的后花园、故事感满满的大堂、餐厅和博物馆，都让人心悦诚服。
特别感谢锦鲤酒吧行政酒廊的服务员Carrie、Winnie、Mia、乐队和全体成员，还有送来精美点心的客房服务员??",花园双床房,双床房
1320,关于前台服务和整体满意度的评论,1342,第一次来广州，选择了久负盛名的花园酒店，，大厅和瀑布餐厅都很惊艳。特别要赞一下前台的Billy小哥哥，特别细心耐心，专业素质好，看到我一个人带孩子充分了解我的需求并且帮我规划了最优的方案。从长隆一身疲惫到了这里因为Billy感受到了宾至如归的感觉。,花园双床房,双床房
1321,关于房间设施和卫生状况的评论,1343,非常不好的入住体验，一千多的价格，设施陈旧，只有个好看的酒店大堂，非常不值得推荐，建议大家多加几百推荐去珠江新城那几家，卫生状况极其差，只有浴缸，洗澡需要站立上去，感觉很不干净，而且带着老人家入住，爬不上去，大夏天只能将就一晚上，将就着住了一夜所谓的五星酒店，关了浴室门就没办法关卫生间的门，窗帘只有一层纱，而且很脏发黄，早上天一亮你就知道了，有一股发霉的老酒店味道，下次降到五百房价，都不推荐去住，差评内容还有很多很多,花园双床房,双床房
1322,关于房间设施和整体满意度的评论,1344,酒店38年了大堂还是金碧辉煌，38年前作为广州的五星级酒店还是硬件保养的不错，重新装修过的房间干净整洁，早餐比较中规中矩，总体还是非常满意。,红棉大床套房,套房
1323,关于餐饮设施和整体满意度的评论,1345,不愧是广花啊，服务环境都很满意，最关键的早餐是在瀑布餐厅吃，服务员小姐姐还很热情的帮忙拍照。吃早饭就可以去后面花园散步，瀑布下面有很多大锦鲤。,红棉双床套房,套房
1324,关于前台服务和体验的评论,1346,"本次入住让我非常舒服感动，特别是Billy Deng 很热情,服务态度很好,细致周到,让我印象非常深刻!",花园行政大床套房,套房
1325,关于交通便利性和前台服务的评论,1347,酒店的地理位置超级无敌好，在淘金地铁站上来就看到了，我们早上到达酒店，因为未到两点暂时不能入住，就把行李寄存在大堂然后玩去了。晚上再回去办理入住，等候过程也很快。而且酒店很贴心，提早帮我们开了空调。想想在外面40多度的热浪中回到凉飕飕的房间，多舒服啊！重点是不用等房间降温！必须表扬！订酒店之前看评论，很纠结那个市政工程会不会噪音很大？我是神经质的睡眠，有点担心。酒店也很贴心，写了提醒字条在桌面上。幸好整个晚上到白天九点多我们出发时都很安静。 瀑布餐厅的早餐品种很多，工作人员的态度也非常好，环境一流，拍照打卡非常棒，不过要稍稍排一下队。要延迟退房跟客服说了一下就可以免费延迟到下午两点。说了好的方面，再提一下意见，为什么厕所跟浴房是同一扇推拉门呢？两个人同时使用的话，关哪边好？这个设计，不懂欣赏。,花园双床房,双床房
1326,关于整体满意度和交通便利性的评论,1348,酒店有着优秀服务的沉淀！地理位置优越，交通便利！花园酒店的精致花园使其名副其实！酒店大堂的设计依旧经典，极富艺术气息和美好寓意！房间到餐厅都非常用心，最爱在早餐看着瀑布，开启美好的广州之旅！羊羔公仔也是孩子爱不释手的布娃娃！,花园双床房,双床房
1327,关于客房服务和餐饮设施的评论,1349,外面看真的不错，大厅也很气派，看得出很有文化底蕴。迎宾以及服务员都很nice。就是房间有点小，酒店餐厅环境不错，但是早餐种类还是少了点。行程匆忙，也没来得及去酒店博物馆参观。去的时候泳池正在设备维护，没有去游泳很是遗憾。退房后有东西落酒店了，打电话过来询问，还帮忙快递，真的非常感谢，必须好评。,花园双床房,双床房
1328,关于公共设施和餐饮设施的评论,1350,服务超温暖，宾至如归，健身房环境一流，游泳池超好，早餐丰富多彩，非常可口，中式和西式早餐并存，还有地域特色,花园双床房,双床房
1329,关于前台服务和餐饮设施的评论,1351,第二次选择花园酒店，工作人员服务态度好，酒店还送我们早餐卷，在楼顶用餐，把整个城市景色收入眼帘，太棒了??,花园双床房,双床房
1330,关于前台服务和整体满意度的评论,1352,非常满意 前台接待的工作人员都很好 有耐心 声音适中 服务人员都很有素质 配套设施卫生环境服务都很赞 不愧是老牌五星级酒店 白金五星的含金量真不错,城央绿意大床房,大床房
1331,关于整体满意度和前台服务的评论,1353,非常惊喜的一次体验，中国唯三的白金五星级酒店。不同于其他国际品牌的统一性，这家酒店保留了历史的底蕴 民族品牌的特色和与时俱进的设施。前台Betty和迎宾非常细心，首次入住帮忙升级了房型。四点惊喜 ①花园绿化非常好 一看就是用心打理的成果，很出片 锦鲤非常漂亮②锦鲤酒吧 乐队水准极高 ，感染力强 本来是等外卖找地方坐坐，但代入感太强一直听到 外卖凉了③酒店博物馆推荐，对中国酒店业发展史有了了解 更被花园酒店的企业文化感染 ④酒店很国际化 推荐荔湾园 598双人套餐 极其丰富,花园大床房,大床房
1332,关于整体满意度和卫生状况的评论,1354,老牌豪华酒店！服务好！干净卫生！每次来广州出差，都会选择花园酒店！很挑剔床品枕头的，也可以安心睡！对面网红餐厅吃饭也很不错！,花园双床房,双床房
1333,关于前台服务和整体满意度的评论,1355,"第二次入住了，处处彰显细节，氛围很好。
Bobo. Y服务很好，很热情帮忙打印照片，连后花园的鱼儿都好热请。",花园双床房,双床房
1334,关于前台服务和餐饮设施的评论,1356,花园酒店的服务，可以用润物细无声来描述。貌似没看到很多服务员，可服务一直在线。特别喜欢他们的荔湾亭餐厅，特色的老广州装修，老广州早茶是第一次住酒店就喜欢上了。退房的时候，小姐姐送上的洗漱旅行装手信，也很赞！,花园大床房,大床房
1335,关于交通便利性和前台服务的评论,1357,"广州花园酒店是国内的白金五星级酒店。酒店有自己的博物馆、瀑布花园、26个景点等你来解锁。
房间环境不错，床品很好。
早饭有鲤鱼池和瀑布酒吧2个地方，来这里的外国人很多所以早餐有中、西、日三种，餐食品种繁多。
酒店服务员很多，特别要感谢前台Gillian，得知我们要去白云山想延迟退房，非常热心的帮我们办理了手续。
酒店出门就是5号线淘金站，去哪里都非常方便。",花园双床房,双床房
1336,关于整体满意度和公共设施的评论,1358,入住了期待已久的花园酒店，大堂环境大气奢华，有一个后花园可以散步，有博物馆可以参观，有画展可看，有康养中心可以桑拿休闲，很有文化底蕴，也非常适合亲子游入住。听说酒店有好几个米其林餐厅，但只来得及吃了一个瀑布餐厅早餐，种类还算丰富，味道一般，好在瀑布景观不错。作为老式酒店，房间维持的还算不错，干净整洁。花园酒店自带一种优雅的贵族气质，它不像一般网红五星酒店有种暴发户的气质，它注重自己的文化气质，是时间沉淀过的地方。入住还有送宝格丽的护肤品，非常nice。还有就是好多老外啊，这里简直给我一种在国外度假的感觉哈哈，另外附近的利苑酒家很好吃,花园双床房,双床房
1337,关于整体满意度和客房服务的评论,1359,服务很好 环境很好 瀑布餐厅很出片 房间很干净整洁 生日还给我们送了甜点和蛋糕 是个难忘的生日 会和朋友推荐推荐～,红棉双床套房,套房
1338,关于整体满意度和前台服务的评论,1360,有底蕴的酒店，服务非常周到，期待再次入住！,花园双床房,双床房
1339,关于房间设施和整体满意度的评论,1361,房间有异味，但是作为老牌五星环境和服务还是非常在线的。设施有点旧了希望可以翻新一下，下次还是很期待入住花园酒店的。,花园双床房,双床房
1340,关于前台服务和房间设施的评论,1362,"出发前纠结了好久，担心酒店会太陈旧，
到了后意识到自己多虑了～
从check in遇到Betty就预示着此次入住体验极佳，Betty见我带着老人和小孩，贴心滴给我们两间房做了升级，粤韵的硬件很不错，自带小厅让活动范围大大增加，舒适度指数大涨，大床房还有?????泡澡，总体来说这次入住是很Nice的体验～下次来广州还会选择花园酒店。
要说欠缺的点，那就是近期泳池在升级改造，不在开放期，小朋友有点失望。",花园双床房,双床房
1341,关于前台服务和退房/入住效率的评论,1363,"虽然是几十年的酒店 但维护真的极好 工作人员服务完全超五星 办理入住的小哥带着两个可爱的兔牙笑容灿烂 退房的小姐姐专业速度 还赠送了小礼物 …
必须点赞??????",花园大床房,大床房
1342,关于整体满意度和体验的评论,1364,38年来一直都是中国酒店行业的天花板，区别于瑰丽和四季丽思卡尔顿瑞吉W的享用,花园大床房,大床房
1343,关于整体满意度和公共设施的评论,1365,管理规范，设施一流，环境优雅！,城央绿意大床房,大床房
1344,关于前台服务和退房/入住效率的评论,1366,酒店环境好，但是房间比较小，服务还可以，就是我看到携程有帮我匹配成岭客汇金卡会员，可是没有看到欢迎水果、行政酒廊使用等等，快速退房就更是没有了，退房碰到系统问题，我抱着小孩在那里排队等，也没看到服务员来告诉我，还是我主动问的。PS：早餐有赠送给我，就是菜品不够丰富，说是一楼二楼有中西餐区别，其实差不多！,花园双床房,双床房
1345,关于整体满意度和前台服务的评论,1367,必须满分！作为老牌酒店，服务真的好，从下车至前台，各工作人员都让人感觉宾至如归。房间配套设施完善，维护得很好。值得推荐入住！,红棉大床套房,套房
1346,关于整体满意度和房间设施的评论,1368,环境非常好，不愧是花园酒店，后花园一定要参观一下，有瀑布和小桥流水还有各种花草。红棉大床房面积很大，有个厅，加了床，三个人住很舒适。唯一不足是服务，因为到达时间已是半夜，早上提前致电前台说了务必把床提前加好，结果半夜一点到了依然没加，坐等加完才能休息，此刻的心情谁懂。,红棉大床套房,套房
1347,关于前台服务和客房服务的评论,1369,"不愧是白金五星级酒店，入住感觉非常满意，第一要表扬的是前台的吴经理，没有见到人，提前一天就直接打电话跟她商量，因为带了孩子能不能房间给调整成床铺比较大的，结果她真的帮忙给协调升级成双床套房；第二个要表扬的是前台的viria，入住效率快，办事认真体贴，给孩子申请了一个儿童餐，虽然孩子不吃什么东西，但是享受到了酒店的温暖！希望酒店能继续保持这种人性化的关怀！第三个要表扬的就是酒店的客房服务，需要补充饮用水或者是房间用品时响应速度非常快，客房的清洁阿姨（是东北过来的阿姨）态度也非常好，做事情速度快，整理得很清楚！你是个就要表扬早餐瀑布餐厅的服务员，真的真的很棒，态度温和有礼，服务积极！
     特别特别要提一点的是，花园酒店的位置太好了，一出门右转就是淘金口地铁站，去哪儿都非常方便，因为带的很多行李，所以非常庆幸选择的花园酒店
      整体这次入住的感觉就是酒店服务人员都是高素质的，路上碰到都会打招呼，餐饮服务也都很认真细致！",红棉大床套房,套房
1348,关于餐饮设施和安静程度的评论,1370,早餐果子里有虫子.房间一开始很吵（因为楼下装修）然后给我从很吵的房间换到了一个空调一直出臭气的房间.,花园双床房,双床房
1349,关于前台服务和餐饮设施的评论,1371,"提前和酒店沟通了是来过生日，前台的joe和ann帮忙升级了粤韵房型，还赠送了单人的行政礼遇，房间是19年装修的，比较新。行政酒廊的Carrie很热情，食物出品也不错。晚上回到房间发现酒店还赠送了生日蛋糕和点心。
美中不足是第二天在桃园馆餐厅使用了500签账额，口味一般，肉筋没剃除，勺子没洗干净，不合米其林的出品。",红棉大床套房,套房
1350,关于前台服务和整体满意度的评论,1372,每一个工作人员服务态度都很好，非常满意的一次住宿体验。酒店配备了不少设施，小朋友也能在酒店晚上一会儿。,花园双床房,双床房
1351,关于整体满意度和体验的评论,1373,老酒店有品味，值得体验,红棉大床套房,套房
1352,关于整体满意度和前台服务的评论,1374,我们是岭南汇的会员，多次去花园酒店了，一次比一次惊喜，房间升级了，非常舒适，我们代表广州15-19号去??庆打省锦标游泳比赛，在??庆喜来登住了两晚，这酒店不想评价，但没下次，然后去了亚朵住了一晚，亚朵的排污管老有臭气攻进房间这缺点一直都有，所以不是没选择是绝不住这酒店了，漂了5天刚回到家睡了一晚，又说小区停电，刚好又是我女儿12岁生日，我们立刻马上就飞奔去了花园酒店开房了，真的是家里的酒店最好，一间四十年的全中国唯一三间中国自己开的涉外酒店，服务真的细致，见到我们是国际家庭，马上有外国前台来接待，当知道我们是带孩子来过生日，还送了我们一盘非常新鲜的欢迎水果给孩子，自助早餐也非常好，新鲜，中西合璧，非常好吃，而且招待非常好，有服务员带位，不会像喜来登吃个早餐会有个男人跑来说要和你拼桌，在花园酒店你会感受到真正五星级酒店的服务和礼仪，还有真正的尊重及被酒店的欢迎，花园酒店的确是值得去渡假首选的酒店，酒店内的博物馆也得一去，会让你重新认识广州及中国到全世界的酒店发展历史，值得带孩子一起去参观！,花园双床房,双床房
1353,关于卫生状况和前台服务的评论,1375,"酒店非常干净，设施也都很新，前台小姐姐viria和ariel超级nice、有耐心，笑容甜美，服务周到！好评好评！以后会再来的！z
对了，早餐很好吃哦！！",花园大床房,大床房
1354,关于房间设施和整体满意度的评论,1376,第一次认真评价：房间小，设施陈旧，体验感差，瀑布花园还不错，孩子喂喂鱼玩儿了一会儿，瀑布餐厅早餐一般，还需要排队，而且服务员业务不熟练，总结一下就是：如果白天出去玩儿，晚上回去只住一下酒店的，那不推荐住这儿，因为房间小，布局也不合理。如果白天不出去，只在酒店休息的话，也不推荐，因为房间里待着又潮又暗。住了两天，非常不舒服，这酒店唯一的优点就是大堂好看，瀑布花园还不错，虚有其表，住的房间是真不行。,花园双床房,双床房
1355,关于整体满意度和前台服务的评论,1377,被种草，特意带孩子来打卡花园酒店，不愧是白金五星酒店的，获奖无数，见证了很多很有意义的历史时刻。不仅有非常硬核的硬件，软性服务也让人如沐春风！细节非常到位，进门就碰到小姐姐演奏，每层楼都有鲜花点缀 造型各异等等 真正让人感到宾至如归！尤其表扬经理Tina小姐姐，温柔美貌 彬彬有礼，遇到问题很快就帮我解决了，非常圆满！祝花园酒店越来越好,花园双床房,双床房
1356,关于房间设施和餐饮设施的评论,1378,住了十几天，感觉很舒服。空调干湿度控制的很好，不会像一些酒店太干燥。床褥松软温暖，很适合睡眠。早餐很棒。,花园双床房,双床房
1357,关于整体满意度和体验的评论,1379,一开始选择看了其他酒店，最后还是选了这家，环境舒适，服务也不错，很不错的一次体验，下次还会介绍朋友！,花园双床房,双床房
1358,关于前台服务和客房服务的评论,1380,入住时前台的人员服务很好，风景很好，设施设备也不错，床品挺舒适的，房间服务员也很用心，还准备了甜点和问候的卡片，总体感觉很不错。,花园大床房,大床房
1359,关于前台服务和公共设施的评论,1381,"广州带娃办事，只停留一天的情况下，庆幸订了花园酒店。
这是一所名副其实的酒店，酒店一楼真真正正的有个很大的花园，一步一景，也是中国三家白金五星的唯一民族品牌，从今天上个世纪80年代开始规划，面积庞大、包罗万象，我带娃在酒店里面玩一天都不带重样的。
酒店前台服务很优秀，遇到Billy为我们办理入住，给宝贝提供了精美的小玩具，也帮忙升级房间到比较新的户型，行李也帮忙送到房间，给宝贝加的小床刚刚好可以放在我们的大床旁边，一直说“交给我吧”，很给力！
酒店自带瀑布景观餐厅，可以用早餐，因为我单独带娃吃饭，从很里面的位置又换了一个更方便的位子，服务人员也很配合。（隐藏福利，30楼有一个旋转餐厅也可以用早餐，只有上午开放到12点，入住的大家可以来看看）。
酒店的四楼还有博物馆，带宝贝逛了一圈也不会接的腻，还买了纪念品。（隐藏福利，酒店的户外泳池变有个儿童乐园，一般都是公寓常住客带娃去玩很少有人知道）。",红棉大床套房,套房
1360,关于交通便利性和前台服务的评论,1382,酒店地理位置很好，出行方便，大厅工作人员很有礼貌，我带着老人和孩子出行，一下车小哥就帮忙拿行李，帮我寄存。我想去的地方工作人员又耐心告诉我怎么走，虽说房间面积不大，但已经很好了。很满意。,城央绿意双床房,双床房
1361,关于前台服务和整体满意度的评论,1383,入住花园酒店、前台富丽堂皇、博物馆和后花园都很不错??歺食精美。这次美中不足我们预定好的房间没有了、前台小哥只是降标安排了一间，后来还是前台许诗玮经理又调剂了一间，第二天还升级了房间送了水果和蛋糕??，许经理楼上楼下跑了好几趟送房卡拿行李、耐心解释道谦，给我们很好的补偿，为许经理的热情服务和敬业精神点赞。房间的保洁和歺厅服务也很赞。谢谢花园酒店！,花园双床房,双床房
1362,关于公共设施和房间设施的评论,1384,酒店的公共区域无可挑剔，客房内部设施与卫生也做得很好，贴心的前台Vivia还给小朋友赠送了自助早餐。,花园双床房,双床房
1363,关于整体满意度和前台服务的评论,1385,白金五星名不虚传，38年的老牌酒店，19年新装修，比现代化的很多五星有文化内涵，后花园美景，服务一流，美食有几家米其林榜的，特别是入住时前台银小姐热情细致介绍，特意赞一个，订的红棉套房还给免费升级到雅韵套房,红棉双床套房,套房
1364,关于整体满意度和餐饮设施的评论,1386,一家人出行住了几天，非常满意，酒店文化底蕴深厚，服务环境餐饮价格等各方面都是最好的，真的是流连忘返！,花园双床房,双床房
1365,关于交通便利性和周边配套的评论,1387,入住当天送了一份精美的甜品蛋糕，来不及拍照被两娃给秒吃了。房间很大，酒店的环境不错，大门口就是淘金地铁站，对面就是友谊商场，广州酒家，去景点也都3-5公里内，很方便。,红棉大床套房,套房
1366,关于餐饮设施和整体满意度的评论,1388,酒店设计一流，服务跟得上，餐饮一般，虽然有几家都是米其林推荐餐厅，但是味道远不如我们去的路边老字号。,花园双床房,双床房
1367,关于交通便利性和整体满意度的评论,1389,酒店位置非常方便，在越秀区离地铁站很近，大堂环境非常有特色，早餐也很好，房间设施稍稍有点久远，不过服务还是不错的，总体来说体验感很好，有机会还会再来。,花园大床房,大床房
1368,关于整体满意度和周边配套的评论,1390,"整个花园酒店如其名，各种各样的花。大厅，餐厅，迎宾的服务人员都很nice。
环境优美，房间舒适，美食美景，心情舒畅。",红棉大床套房,套房
1369,关于交通便利性和餐饮设施的评论,1391,国庆亲子出游，很不错，地铁出来就是，很方便，干净卫生，早餐很丰富，中西文化餐厅，瀑布餐厅非常有特色！,花园双床房,双床房
1370,关于整体满意度和体验的评论,1392,硬件无可挑剔，软件有待提高！,红棉大床套房,套房
1371,关于餐饮设施和整体满意度的评论,1393,花园酒店确实做得太到位了！早餐服务环境样样都没得说，实打实的舒服贴心。强烈建议去瀑布餐厅吃早饭，早上的慢时光看着瀑布镇的一天心情都变好～,红棉大床套房,套房
1372,关于整体满意度和前台服务的评论,1394,"本次住宿非常愉快
果然是超白金的五星酒店

很幸运入住时候前台升级成了套间

环境：维护很好，37年的酒店，但是经常翻新，维护得很好

服务：无论是前台人员，电梯遇见的员工，退房的小钰态度都很好

饮食:   行政下午茶，早餐（荔湾亭和瀑布餐厅）都很好，出品精致，味道一流

下次来广州，还是会想住花园酒店",花园双床房,双床房
1373,关于性价比和整体满意度的评论,1395,广州五星级酒店性价比之王，住过多次了。位置得天独厚，卫生安全放心，服务专业，越来越好。早餐好吃，环境好。,花园大床房,大床房
1374,关于前台服务和退房/入住效率的评论,1396,"房间很小，但是有浴缸，就很挤。。
但是公共设施还行，毕竟是五星酒店。。

押金一直没退，刚刚打电话我问押金一般什么时候退？说是如果没别的费用当天就会退，反之隔天。
我说我没别的费用为什么都离店第三天了，还没退呢？她说前台同事会跟进的，然后不说话，我一脸懵逼。。我就说那现在是等他们再联系我？她才说让我等十分钟就会退回。。
我可以理解为工作人员忘了操作吗？如果我不打电话问是不是永远不退呢？
还有你们客服真的很不专业。不会和客人沟通。",花园大床房,大床房
1375,关于整体满意度和退房/入住效率的评论,1397,生日跟先生过来庆祝，整体很满意，办理入住速度也超快的，小哥个和小姐姐都服务很好，体验不错，下次会再过来。,花园大床房,大床房
1376,关于整体满意度和前台服务的评论,1398,老牌五星，相当不错??虽然入住排队，工作人员贴心准备了好好吃的曲奇饼??  市政施工下午房间会有点吵，工作人员帮忙换房，送了酒店可爱的羊羊公仔??  泳池和博物馆也都要赞一下，服务5星??值得再次入住^_^,红棉双床套房,套房
1377,关于整体满意度和公共设施的评论,1399,白金五星级酒店，环境优美大气，花园瀑布、锦鲤鱼池很美！服务专业到位，宾至如归！酒店美食不错，博物馆里学习了不好知识，是出差、旅行的首选酒店。五星好评??,花园双床房,双床房
1378,关于前台服务和整体满意度的评论,1400,本来对老酒店期望不大，但花园酒店完全给了我一个意外惊喜！虽然因台风外面风大雨大，但呆在酒店一点也不闷：花园酒店博物馆的讲解，让我对酒店这个行业对中国酒店以及花园酒店的起源发展有了大概的了解，很幸运得到礼宾部金钥匙员工Tim陈一个多小时的陪伴及介绍，打卡酒店26个打卡点，对整个花园酒店有了更加深刻的印象。下午收到来自酒店的下午茶甜点和手写问候便签，让人意外又感动！早上在瀑布餐厅早餐，员工无论客人多工作量大，都注意到每个客人的需求，主动提出帮我们照相，虽然花园酒店是一家38年的老酒店，但硬件软件真的无愧于全国仅有三家白金五星酒店称号！我们刚住过香港东方文华酒店文华阁，花园的服务完全可以与之媲美，甚至有过之而无不及！,红棉双床套房,套房
1379,关于房间设施和客房服务的评论,1401,"大堂宽敞气派，却没有供客人等候的休息区；
房间价格不低，但设施简陋，卫生间马桶和淋雨区共用一扇门，非常鸡肋，前所未见；
客房打扫人员不专业，不按时提供免费饮用水，客人要求提供后还声称要收费的。对不起，我可没有说要依云的水。房间打扫完地面依旧很脏，地上还可见头发，黑点和不知明污渍。
前台服务人员不尽责，反馈了客房问题后，没有后续跟踪，等到离店后有电话询问入住体验。如真想改进，应该在入住期间询问才更有意义吧，更何况我是在入住过程中提出了问题的。
无论设施与服务，硬件和软件，都对不起老牌五星级酒店的称号。
服务行业靠的得就是服务与口碑，也许你们不缺客人，但客人也有很多酒店可以去选择！",花园双床房,双床房
1380,关于餐饮设施和整体满意度的评论,1402,老牌五星酒店，重新装修，设施齐全，环境优美，卫生干净整洁，城市中心，出行方便，服务很好。早餐很好、行政酒廊的下午茶、欢乐时光很棒，工作人员Carrie.Yuki.shirleg服务态度热情周到,花园双床房,双床房
1381,关于餐饮设施和房间设施的评论,1403,慕名而来，想试试白金五星酒店，进房间有小小惊喜，但用厕所时发现抽风机不工作，早餐选了荔湾亭吃发现不如头一晚住的三星，说实话早餐太差劲了，期望值大打折扣，服务也一般。,花园双床房,双床房
1382,关于整体满意度和前台服务的评论,1404,"1. ?? 广州花园酒店，一处让人心生花开的住宿胜地！服务??????????，环境???令人陶醉，餐饮美味可口???。这里的员工热情周到，让你感受到家的温馨和舒适。强烈推荐给所有寻找完美住宿体验的朋友们！?

2. ?? 广州花园酒店，一场花样满满的入住之旅！从入门到退房，无一不体现着专业与贴心。房间整洁舒适，设施一应俱全??。而且酒店周边景点众多，交通便利??。在这里度过的时光成为了我美好回忆的一部分。??

3. ?? 广州花园酒店，绝对是一处花花世界！入住期间，每一个细节都散发着品质和温馨。从大堂到客房，无处不体现出酒店对细节的追求。而且服务人员态度友好，亲切有礼??。真心感谢酒店为我们提供了一段美好的旅行时光！??

4. ?? 广州花园酒店，是花好月圆的理想住所！酒店独具特色的花园环境让人仿佛置身于童话世界?。设施设备一流，床铺舒适如云??。此外，餐厅的美食更是令人垂涎三尺。期待再次光临这个让人心醉的花园天堂！??

5. ?? 广州花园酒店，真是一座难以忘怀的花海！入住期间，我仿佛成为了花园中的一朵鲜花??。每一次与员工们的交流都给予我温暖和安心感。酒店的设施也超乎想象，简直就是一座繁华之中的绿洲??。我已经迫不及待要再次回到这个温馨的花园！??

特别鸣谢Grollian前台接待，特别温馨特别有笑容??",红棉双床套房,套房
1383,关于整体满意度和餐饮设施的评论,1405,有历史的酒店，服务和餐饮很好，环境一流,红棉大床套房,套房
1384,关于餐饮设施和前台服务的评论,1406,酒店给升级了套房，服务态度很到位，酒店里有两家米其林一星和二星餐厅，还有两家米其林推介餐厅。一楼瀑布西餐厅早餐很棒！二楼喝下午茶服务细致，不用出酒店就达到了吃在广州的目的,花园双床房,双床房
1385,关于房间设施和整体满意度的评论,1407,住花园酒店似乎成了每次到广州的习惯，但这次的住宿体验实在不能跟星级酒店对上号。第一次安排的房间厕所没有冲水，跟前台反映后换了另外一间。晚上洗脸，洗手盆水龙头一开水，水会往外弄到周围都湿，这个也很无语。本来这么小的房间就没地方放浴缸，但是硬把淋浴间弄成一个正方形浴缸，进去洗澡要跨过浴缸边，我164的身高跨过浴缸边都觉得危险，以后到广州应该不会住这里了。,花园大床房,大床房
1386,关于整体满意度和体验的评论,1408,老牌五星级酒店，够气派。,城央绿意双床房,双床房
1387,关于房间设施和安静程度的评论,1409,这是目前为止住到过的五星酒店落差最大的一次，相比较于大堂的富丽堂皇，酒店房间真的可以用陋室来形容，跟快捷酒店都没得比，工作人员服务很好，这个值得肯定，但是房间又小设备又差，房间没法开窗里面异味很大，闻着很不舒服；浴缸和房间隔断是通透且很mini一块，洗手间和淋浴房真的小的可怜，坐便我老公185身高坐下去膝盖直接顶住玻璃隔墙，根本没法坐；最震撼的是，房间里面的灯带居然都是随意挂下来的，有个床头柜下面的灯带都着地的，隔壁就是洗手台和浴缸，要是水满过来一点，难道不会触电吗？隔壁在修地铁，到晚上11点了还是咚咚咚跟地震一样吵。,花园大床房,大床房
1388,关于整体满意度和卫生状况的评论,1410,扂间干净卫生，装修布局舒服。环境优美，餐厅菜品丰富，味道不错。服务员热情大方，办理入住高效快捷。令人非常感觉舒服的酒店。下次还会入住。,花园双床房,双床房
1389,关于卫生状况和前台服务的评论,1411,房间很干净，工作人员服务态度很好很热情，特别是小华，很热心负责。春节期间酒店还有很多活动，舞狮很精彩。,城央绿意双床房,双床房
1390,关于房间设施和客房服务的评论,1412,超级不好的入住体验 1双床房的设计简直是反人类，淋浴区同浴缸合二为一，出入都需要跨过大概40公分高的浴缸边缘，如果有行动不便的或者小孩简直是硬伤，2卫生间，冲凉房与床之间没有遮挡，完全没有私隐可言3早上8点停水，事先没有通知，游泳后没有水冲凉，打电话问回复逐步恢复中（预计1小时后），可以提供瓶装水或者职员带去公寓楼冲凉4房间内电热水壶漏水，存在严重安全隐患，致电客房服务，回复送一个电热水壶过来，半小时都不见人影送过来5到一楼hsd咖啡阁，吃早餐，没有滑蛋配芦笋，改成煎蛋卷，需要退回10差价，当场问了服务员会有主管过来退单，然后重新收钱，我们至少坐了半小时，然后忘记了离开酒店也没有人主动联系我们，需要事后打电话再次询问才解决问题（不是多少钱的问题，是服务态度问题），这次真的住到一肚火，以后都不会再入住,花园双床房,双床房
1391,关于交通便利性和餐饮设施的评论,1413,花园酒店不愧是老牌五星，地理位置好，出门就是地铁站，服务周到，很多中东航空公司的乘务人员也下榻在这边，酒店内还有两家米其林餐厅，餐饮非常方便。城市酒店瀑布和博物馆非常惊喜！到的比较早，房间未打扫好，被升级了套房。值得一提的是，酒店茶包是TWG。下次来广州一定还会入住！,红棉双床套房,套房
1392,关于前台服务和退房/入住效率的评论,1414,老牌的酒店，名头很大！前台入住登记排队至少要半个小时以上，整个大堂吵吵闹闹的，就像菜市场一样！早餐也要拿号排队，排了半个多小时，还排不到，只好放弃了！出去吃路边摊。估计再排下去就直接吃中午饭了。晕??晕??晕,花园大床房,大床房
1393,关于整体满意度和公共设施的评论,1415,这次入住体验很满意，酒店大堂很漂亮，?还有后花园跟博物馆，可以散散步，服务也很满意??，表扬kamille和maney 。,花园大床房,大床房
1394,关于公共设施和餐饮设施的评论,1416,一直很喜欢花园酒店，人气旺，服务好，有花园，有餐厅，嫩桑拿，能游泳，有品位，月饼也好吃，私密性也好！,花园大床房,大床房
1395,关于性价比和整体满意度的评论,1417,"位置好，环境好，商务出行优选

酒店服务也好，没毛病

红棉套房，性价比超高，住过三次了

酒店人满为患，生意超好，太热闹，喜欢安静的不推荐.",红棉大床套房,套房
1396,关于客房服务和餐饮设施的评论,1418,客房服务非常好，早餐需要提高哦！,花园双床房,双床房
1397,关于整体满意度和餐饮设施的评论,1419,"设施：一进门，整个震撼，不愧为全国仅有的三个铂金五星级酒店之一
卫生：一尘不染的状态
环境：典型的岭南建筑特色，办理前台是红楼梦壁画
服务：排队办入住，送了荔枝饮、每房送了花园酒店的主题公仔
早餐:太丰盛了，很用心的早餐种草了纯果汁，京东买了，10元一瓶，厉害了
双人自助晚餐-瀑布餐厅:太好吃了，芝士扇贝、海参、生蚝，太多好吃的",花园双床房,双床房
1398,关于整体满意度和交通便利性的评论,1420,花园真的是宝藏酒店  瀑布餐厅的晚餐也很棒  服务很周到 地铁站出门就是  后面的街区也很好逛    非常满意,花园大床房,大床房
1399,关于房间设施和安静程度的评论,1421,我真的一般不差评，因为红眼航班到酒店办理入住已经快凌晨一点半了，告诉我原本预定的房间没了，升级了传说中的“套房”（跟楼下提供的差评图片是一间），两点到房间水龙头就坏了，修到三点，没修好，孩子三点半才睡觉，早上九点被工地的声音吵醒。被子潮湿，睡的身上痒，淋浴间和马桶旧的程度无法想象，我们全家都没高兴洗澡。同行还有我的两位弟弟，二十几岁的高个男生一样r没双床房了让睡大床房，说免费加床，但据我弟弟反馈加床翻身就掉的那种。非常差的体验，好在携程积极解决，第二天第一时间给我换到了预定的房型。最后酒店给了一份欧舒丹的小样洗护套装表示道歉，感谢但心里面并不接受。本次广州行因为这酒店的第一晚一点体验感都没有。劝大家碰到相同情况一定要拒绝传说中的升级。,红棉双床套房,套房
1400,关于前台服务和交通便利性的评论,1422,"停车方便，而且门口就有地铁。一进门口就觉得很气派～酒店还有很多外国友人入住。排队办理入住的时候服务员会送上一小杯冰沙饮料给你消消暑。
    前台的帅哥见我们是情侣，还贴心的送了几朵花给我们，入住还送了一只小玩偶。
    自助晚餐人不多，但是质量十分好，三文鱼虎虾生蚝随便拿，还有鲍鱼什么的，总体十分满意??",花园大床房,大床房
1401,关于安静程度和餐饮设施的评论,1423,首先大堂很富丽堂皇  香水味很浓 放间比较小 很闷。外面在施工 很吵 ！服务一级棒 ！餐厅 一楼西餐 二楼中餐  （带早餐的）都不是很丰富 。一楼一般情况下要排队。二楼餐厅不用排队环境不错??我住的三天都是。酒店的紧身房游泳馆??。房间还是比较旧。一楼的甜点咖啡屋值得去坐一坐,花园双床房,双床房
1402,关于整体满意度和交通便利性的评论,1424,房间非常好，出行也方便，酒店里面外国人特别多，还升级了房间，感觉特别好，只怪自己买的劵太少了，不然真的还想再来。,红棉双床套房,套房
1403,关于整体满意度和前台服务的评论,1425,"非常棒的酒店 服务超级好 下次还来！
位置也很好 浴缸也有帮忙再消毒
早餐和下午茶都很不错 非常值得来住一次
还送了很多伴手礼
还有Kamille,niki两个小姐姐特别nice??",花园大床房,大床房
1404,关于房间设施和交通便利性的评论,1426,"房间设施稍显陈旧，桃园馆名不符实。
交通方便，服务热情周到，花园瀑布令人惊艳，的确是闹市里的桃花源。
非常喜欢荔湾厅的菜品和热情服务。",红棉大床套房,套房
1405,关于房间设施和整体满意度的评论,1427,这次送孩子来中大上学，入住久闻大名的花园酒店，服务、餐饮、设施都很满意。唯一一点建议，就是房间的被子有点厚了，半夜热的出汗。,红棉双床套房,套房
1406,关于前台服务和整体满意度的评论,1428,"绝对超预期的感受。

首先一进门，就有白衣男生主动帮忙拿行李送至大堂。
接着粉衣女生开始为我们引导办理入住。

这次为我们办理入住的Tony很超级nice，因为有小朋友，帮我们其中一间大床房免费升级了套房。另外一件房也安排在了隔壁，最后也告知了酒店边上在修地铁，晚上睡觉会有噪音（啊，确实挺噪的?? 感觉是24小时在施工，就是中午和大半夜会消停点，如果是睡觉质量很浅的人要遭罪了）

酒店设施及清洁度都很高，唯一不足的是没有智能马桶（每天帮忙打扫的工作人员都超有礼貌，任何一位都会好好和我们打招呼，也会及时解决一些住宿问题）

4楼的露天泳池是最爱，那么热的天，非常适合带小朋友上午去释放能量（前台帮忙登记的眼镜男生也热心）

酒店的自助早餐相对其他而言，就很soso了，选择不多，纯属可以看看餐厅外的瀑布，不过室外花园真的很漂亮。

酒店位置出行地铁很方便，出门就是五号线淘金站，但是这个线路去一些景点无法直达，基本都是要换乘就是。

最后退宿的时候，大堂粉衣女生Rain做事也很效率，排队的人有些多，就主动一一询问需求及赠送了小礼品。

再次感谢酒店每位工作人员，此次入住体验超级棒，长辈小孩都很开心。",花园大床房,大床房
1407,关于整体满意度和公共设施的评论,1429,本次带小孩入住，非常满意   整个酒店的环境  很惊艳，尤其是瀑布花园和餐厅，非常棒。,花园双床房,双床房
1408,关于交通便利性和前台服务的评论,1430,酒店位置非常好，就在淘金路地铁站上来转弯即可到达，我们从顺德乘地铁直接来到酒店，酒店大堂一片奢华的景象，非常豪华，前台办理入住很快，酒店也很贴心，提早开了空调，在炎热夏天进入房间就能感受舒适的环境；酒店有一个后花园可以散步，有瀑布和小桥流水还有各种花草，非常适合拍照留念，下次去广州还会选择入住，五星好评；,花园大床房,大床房
1409,关于前台服务和退房/入住效率的评论,1431,感谢前台Niki的热心安排免费升级房型，不愧是老牌的酒店，地理环境服务超棒，也感谢大堂的rain，考虑到我们是晚上18:00的回家航班，免费帮我们延到14:00后退房，让我们的整个广州旅途没有任何的疲劳感。,红棉双床套房,套房
1410,关于交通便利性和周边配套的评论,1432,酒店大堂很气派，地理位置很好，离各个景点都不远，门口就是淘金地铁站，打车也很方便，附近有广州酒家，点都德，陶陶居，酒店还有室外泳池，8个电梯，上下楼都不用等，花园很美，有瀑布，锦鲤看到人都会游过来，我们买了一点切片面包喂，孩子们玩得很开心,花园大床房,大床房
1411,关于整体满意度和性价比的评论,1433,"作为白金五星酒店
设施：新
卫生：非常好
服务：非常好，笑脸迎人
这次的套餐非常值，而且参观了花园酒店博物馆，涨见识",红棉大床套房,套房
1412,关于前台服务和整体满意度的评论,1434,办理入住时，前台可能看到了我之前的入住记录，马上说了“欢迎回来”还送了太太与女儿康乃馨，瞬间感觉很温馨。服务一如既往的好。花园酒店是我去广州的首选酒店之一,花园双床房,双床房
1413,关于整体满意度和体验的评论,1435,给领导定的房间，反馈还不错,花园大床房,大床房
1414,关于交通便利性和周边配套的评论,1437,"这次在花园一共住了九晚，应该是可以评论一下了。酒店位置很好找，就在5号地铁出口大约二十米处，酒店地处老城中心，周边美食众多，何况酒店本身就包含了几个米其林餐厅，这几个餐厅环境和品质也是相当不错。作为白金五星酒店，酒店服务是非常好，只是酒店确实年代久，设施有些老旧，甚至房间如其他客人提到的有点味道。而且，靠马路这边晚上施工，确实影响休息。有点遗憾的是连住九天，酒店也没给升级房间。感谢退房时，前台Gillian给与的帮助，态度认真负责。
如果再来广州，考虑再次入住。",花园双床房,双床房
1415,关于前台服务和整体满意度的评论,1438,"千里迢迢送孩子来广州上大学，虽然孩子的校区在番禺，但还是选择了广州花园酒店。
花园酒店让我觉得很惊艳，是我在国内住过的最满意的一家酒店了！感谢办理入住手续的前台
美女Jocea看到我们一家四口入住，帮忙升级行政套房，感谢大堂服务美女Rain帮忙解决小女儿的早餐！美在花园酒店，美在广州羊城！",花园双床房,双床房
1416,关于客房服务和整体满意度的评论,1439,房间很干净！而且免费帮我升级了房型 还送了小甜点和小礼品 服务超级贴心 提前一天打电话询问需要什么房型 超级棒,花园双床房,双床房
1417,关于交通便利性和前台服务的评论,1440,酒店交通便利，在住期间提供免费停车服务，前台接待服务态度很好，房间干净整洁。,花园大床房,大床房
1418,关于整体满意度和前台服务的评论,1441,"第二次入住了，还是会被花园酒店美到～
工作人员Viria很热情，有问必答，还帮我们升级了房间～
这次体验了瀑布餐厅的早餐，景色没话说，食物种类虽然不算很多，但味道都还不错。
酒店的地理位置也很棒，到哪都方便，下次还会考虑入住～",花园大床房,大床房
1419,关于公共设施和整体满意度的评论,1442,"除了泳池围蔽没体验到泳池，其他都挺好的，
房间很大，也很有岭南特色，会推荐给第一次来广州的朋友们。早餐种类不是那么的丰富，",花园大床房,大床房
1420,关于整体满意度和餐饮设施的评论,1443,"环境很好，是一家很有底蕴的酒店，还会再去的。
吃的餐厅也很好，值得品尝！
里面还有服装售卖，美发服务。",花园大床房,大床房
1421,关于交通便利性和整体满意度的评论,1444,出差必住酒店 位置好,花园双床房,双床房
1422,关于整体满意度和性价比的评论,1445,花园景色优美，服务优良，不愧是老牌五星级酒店～ 很多外国人，也是一景～ 酒店的性价比不错，还包括了两个早餐～,花园双床房,双床房
1423,关于整体满意度和卫生状况的评论,1446,"房间很好，卫生很好。环境一流。
服务：也特别好。四十余年的历史底蕴，不愧是中国前三的酒店。下次出现还会选择花园酒店",花园大床房,大床房
1424,关于交通便利性和整体满意度的评论,1447,"很满意！原以为酒店很老旧，设施不够好，事实上并非如此。可见酒店在维护方面功夫到位。交通很便利，出门就是地铁站，大堂很气派，餐厅多，人气旺。住了两天，都在酒店用餐，日式餐厅还没来得及享用。另外，赠送的酒店博物馆也很值得一逛。
提一点不足之处，抽水马桶可以加一个智能座圈，淋浴下水略有不畅。
希望花园酒店越来越好！",红棉大床套房,套房
1425,关于整体满意度和前台服务的评论,1448,一年大概要来广州七八次，每次来广州必住花园酒店，酒店的服务环境我认为一直是最好的，尤其给Viria、kristy两位女士，大大的好评，服务非常的令人满意，亲切，更体现出来了包容城市-广州，万分推荐,花园双床房,双床房
1426,关于房间设施和整体满意度的评论,1449,是老牌五星酒店，床挺舒服，细节都做的很好。除了洗手间不太符合我的想象。,花园双床房,双床房
1427,关于房间设施和前台服务的评论,1450,老牌酒店，很大，房间很多。基础房型房间不大。但是设计合理，设施还是挺完备的。都有咖啡机，我很喜欢。服务也比较到位。,花园大床房,大床房
1428,关于整体满意度和客房服务的评论,1451,卫生安静，大气经典。依然是处于第一梯队的酒店，服务一直是标杆，尤其谢谢房务阿姨，还有大堂的高挑姐姐，外籍工作人员，还有Whaley。贴心的现烤曲奇还有伴手礼，太棒啦,花园大床房,大床房
1429,关于房间设施和前台服务的评论,1452,难忘的酒店。虽然家具有点旧，无usd充电插口，但服务人员把自己的借我了，很好。。,花园大床房,大床房
1430,关于整体满意度和卫生状况的评论,1453,酒店自带一个很漂亮的大园林，房间干净，前台服务热情，下次还会再来。,红棉双床套房,套房
1431,关于房间设施和卫生状况的评论,1454,房间卫生条件优秀，就是停车场不能直达大堂，大堂里面可算富丽堂皇，不亏是白金五星酒店，房间设施不错，应该是都更新过的，唯一的遗憾是电视信号不假，只有五个频道能看，有点遗憾，早餐也挺丰富的，吃的很满意！,红棉大床套房,套房
1432,关于房间设施和周边配套的评论,1455,"超级满意 房间内有个大大的浴缸 晚上正好和孩子们一起泡浴~ 最后一天中午参观了博物馆又去了小公园看瀑布 附近步行5分钟就有点都德 大满足
环境：超赞",花园双床房,双床房
1433,关于前台服务和整体满意度的评论,1456,来办签证材料缺失临时需要在广州过一夜什么东西都没有准备，仓促定了花园酒店。因为以前也住过本来没有什么期待，但是前台小姐姐Joyce非常体贴让疲惫的我心情好了很多??还给我们升级了房型，让我这一次的入住体验直接拉???！双人间床帘一拉互不打扰炒鸡喜欢！下次还会选择花园酒店！,花园双床房,双床房
1434,关于前台服务和卫生状况的评论,1457,"前台小姐姐态度很好，还送我了花花，和小点心。
但酒店有点老了，墙纸有些位置有脱落，一些死角灰层有点厚",花园双床房,双床房
1435,关于整体满意度和安静程度的评论,1458,第一次入住，都给升级为套间，服务员们很热情，不错，住的舒服……路边在维修，房间有些吵，好在白天外出时间长，晚上短暂吵，还能接受的，下次还会选择,花园大床房,大床房
1436,关于整体满意度和餐饮设施的评论,1459,"文化，细节，美食，亲子，度假！
对于老广有一定情怀的，除了白天鹅，花园酒店是一个非常值得推荐的打卡酒店～",花园大床房,大床房
1437,关于整体满意度和餐饮设施的评论,1460,抓住暑假的尾巴，来到传说中的花园酒店，住店体验非常的好！环境好靓，食品出品干净、精致、味道好！期待下次再来～,红棉大床套房,套房
1438,关于客房服务和卫生状况的评论,1461,服务到位，清静卫生,花园行政大床套房,套房
1439,关于前台服务和整体满意度的评论,1462,昨天入住广州花园酒店，给我不一样的感受，接待我们的是Viria和Ariel两位美女，她们周到的介绍，细心的服务，让我们宾至如归，她们友好耐心的服务和美美的气质让我们感到花园的服务员是有良好素质和优质服意识的，从此可看到酒店的管理不错，再加上有历史的优美环境，干净整洁的房间，我们马上决定在这住9晚，续订了。很开心。,红棉双床套房,套房
1440,关于交通便利性和前台服务的评论,1463,广州老字号酒店，地理位置非常好，地铁口出来100米，环境好，服务很好，前台办理员Niki很漂亮的小姐姐，给我们升级了一个套房，真的是太好了,城央绿意大床房,大床房
1441,关于公共设施和交通便利性的评论,1464,"原来广州花园酒店也是出自顶尖的华裔建筑大师贝聿铭之手，感觉好几个中欧航空公司的空乘都是专门入住花园酒店的。

?环境亮点：地铁站上来即刻就到酒店 ～ 一进入酒店大厅，你就会为这里设计上深深蕴含的中国传统文化特色而震惊！大堂是大跨度无柱设计、富丽堂皇！正对着的是150平方米的红楼梦《大观园》金箔壁画～ 旁边就是18米双瀑布美景餐厅，在这里用早餐还是蛮心旷神怡的～ 

??房型服务：这次预定的是花园大床房，从房间内的落地玻璃窗就可直接眺望到瀑布，繁华的市区也能有一丝绿意盎然～ 室内的大浴缸令人眼前一亮。不过两天下来并没有专门去泡澡，因为酒店内的桑拿更是给力哦！

??设施齐全：个人原因总是喜欢体验各酒店的泳池和桑拿浴室，而广州也许因为国际客户特别多，因此连桑拿房都分了干湿蒸，也有冰凉的0度冰水给大家冷热交替！ 很多4星酒店这个部分都被搁置不被重视，但花园酒店令人惊喜！

??周边玩乐：酒店里现在有一个广州酒店博物馆～ 看了实在唏嘘。原来1996年，广州花园酒店给员工的服装费就有1600rmb，果然差距好大！花园酒店里还有好几家米其林星级餐厅！中餐、西餐各占2个席位！广州泰安门勇夺广州米其林二星！3楼桃园馆更是以地道粤菜蝉联米其林餐盘奖！可惜这次来没有机会了，下次必须泰安门走起！",花园大床房,大床房
1442,关于周边配套和前台服务的评论,1465,六一老婆生日，因为唔系假日，出唔捣外，所以就拣花园酒店住返晚，贪佢离公司同学校近，就脚。第二次入住喇，老婆对安排好满意。感谢大堂既靓女RAIN，送左份好靓既美颜用品手信，啱晒老婆用。不足：泳池D水有浊。,红棉双床套房,套房
1443,关于房间设施和体验的评论,1466,房间设施非常好??,红棉大床套房,套房
1444,关于前台服务和整体满意度的评论,1467,入住花园酒店是个巧合，航司通知停飞改签至第二天，临时找的酒店。第一眼的印象非常好，大堂的布置是歌剧魅影，我们是看完歌剧后入住的，孩子看到后兴奋的不得了。前台Mancy给办的入住，给我们升级了套房，还送了我们欢迎花朵。服务周到细心，知道我们第一次入住给我们介绍了四楼的博物馆和油画展。办理手续非常顺利，动作娴熟，没有等待很久也是直接拿的房。广州玩了几天，下午下雨就直接去观展，还在酒店用了晚膳，体验感很不错，以后会是我再来广州首选的酒店。,花园双床房,双床房
1445,关于周边配套和整体满意度的评论,1468,极具岭南特色的后花园景致和荔湾亭美食 值得再来 也是第一次游广州的最佳之选,花园大床房,大床房
1446,关于退房/入住效率和餐饮设施的评论,1469,办理入住时间比较长，排队地方设置不明显导致有人插队。早餐觉得不如其他五星，房间也的确有些年头。就住个情怀打个卡吧，五星好评。,花园大床房,大床房
1447,关于前台服务和客房服务的评论,1470,酒店很多外宾，上车下车无人帮拿行李，完全感受不到白金五星酒店的服务，略有失望,花园大床房,大床房
1448,关于退房/入住效率和性价比的评论,1471,我们14点到的，但是要两个小时以后才能办入住，一般酒店都会免费升房，但是酒店告诉我们如果想要立即入住的话需要自己加钱才能升房哦！也许是周末人比较多吧！价钱比我后面住的喜来登贵，但是总体来说环境，设施，设计，服务等都要改进！,花园大床房,大床房
1449,关于整体满意度和公共设施的评论,1472,"房间虽然不是很新也不大，两个人住的还是挺舒适的
住这里附加值非常高，后花园和博物馆值得带小孩打卡
不用出酒店就能吃到好吃的下午茶
来广州的第一天愉快的吃吃喝喝太合适了",花园双床房,双床房
1450,关于餐饮设施和前台服务的评论,1473,不愧是花园酒店，自带的花园超级漂亮，餐饮也很出色，服务热情。,花园大床房,大床房
1451,关于前台服务和整体满意度的评论,1474,服务非常好，不愧是老牌五星酒店。,花园大床房,大床房
1452,关于房间设施和客房服务的评论,1475,房间宽敞舒适，设施完备齐全，服务温馨周到，尤其是客房服务中心小刘姑娘真诚热情、细致入微，必须点赞??,花园大床房,大床房
1453,关于前台服务和交通便利性的评论,1476,服务有求必应，交通方便，动静脉分流合理，一楼早晚自助餐品种还行。建议大楼外玻璃清洗干净，看外面景色模糊。,花园大床房,大床房
1454,关于整体满意度和前台服务的评论,1477,第一次来广州，在选入住酒店的时候对比了好多酒店选的花园酒店，酒店一级棒，大堂恢宏气派，酒店特别有自己的文化和特色，房间很漂亮整洁，服务人员特别热情周到，办理入住的小姐姐贴心的给我们送了鲜花，还推荐我们参观酒店的博物馆和后花园等网红打卡地，参观了一圈酒店晚上我们还在瀑布餐厅享受了一顿丰盛的自助餐，退房时候大堂的小美女帮我们办理了快速退房还送我们宝格丽的洗护套装，非常奈斯。下次来广州首选花园酒店,花园双床房,双床房
1455,关于房间设施和卫生状况的评论,1478,酒店环境十分好，后花园瀑布值得一逛。但房间设施有些老旧，玻璃窗全是灰，淋浴和厕所共用一扇移门，推拉不方便，很费劲。洗手池台面也不太干净。,花园双床房,双床房
1456,关于交通便利性和整体满意度的评论,1479,设施虽然有点儿旧，但是胜在环境好，服务好，食物新鲜，交通非常安全便利，后花园很美，瀑布漂亮，鱼很大。,红棉大床套房,套房
1457,关于整体满意度和前台服务的评论,1480,父亲节给父母订的酒店，家住广州的老人家花园酒店对他们来说再熟悉不过了，酒店很贴心的升级了套房，入住用餐的过程中都给予特别关照，父母对此次体验非常满意，充分体现广州老牌五星级的服务水平????,花园双床房,双床房
1458,关于前台服务和整体满意度的评论,1481,"花园酒店装饰富丽堂皇，美轮美奂。酒店分酒店大楼和花园大厦两座Y型大楼。前台服务很 nice,betty joyce 两人一起接待，感觉宾至如归。",花园大床房,大床房
1459,关于整体满意度和体验的评论,1482,服务和环境一流水平，不愧为五星级酒店。,红棉双床套房,套房
1460,关于客房服务和公共设施的评论,1483,挺好，送了小点心，结婚纪念日还送了小布置，美中不足泳池维修，没玩上水,红棉大床套房,套房
1461,关于前台服务和整体满意度的评论,1484,飞机延误，到酒店已凌晨，酒店接待认真负责，还给我们房间升了级，非常满意,城央绿意双床房,双床房
1462,关于整体满意度和前台服务的评论,1485,酒店环境很温馨、客服服务态度特别好、酒店空间很大、设备设施齐全、房间收拾打扫得一尘不染、而且酒店所处位置地段出行方便、很适合商务旅行,花园大床房,大床房
1463,关于交通便利性和整体满意度的评论,1486,每次出差来广州都是入住这家酒店、环境好出行方便地铁淘金站就在酒店旁边……,花园大床房,大床房
1464,关于餐饮设施和价格合理性的评论,1487,位置、环境俱佳，硬件无可挑剔。最令人无语的就是二楼的特色餐厅荔湾亭，价钱贵，完全符合五星级收费标准，可惜出品比街边大排档还要低几个档次！现在的荔湾亭已经不是当年的荔湾亭了，连我这个地道广州人都感觉难以下咽！,红棉大床套房,套房
1465,关于整体满意度和前台服务的评论,1488,房间很舒适，服务到位，遗漏的现金也通知我回去拿，非常满意,红棉大床套房,套房
1466,关于整体满意度和安静程度的评论,1489,客房免费升级为套房，酒店很安静，配套设施齐全，服务没话说，就是早餐人太多，要排队,花园大床房,大床房
1467,关于整体满意度和体验的评论,1490,环境非常好??,花园大床房,大床房
1468,关于整体满意度和前台服务的评论,1491,酒店环境舒适，服务质量好。,花园大床房,大床房
1469,关于餐饮设施和体验的评论,1493,早餐品种丰富,城央绿意双床房,双床房
1470,关于房间设施和安静程度的评论,1494,"酒店年久老旧，卫生间淋浴高仪水龙头水管滋水，马桶非电动圈。客房?香味难闻 由于客房数量众多，打扫慢。因位置入住率高。排队入住起码半小时以上。
还有个缺陷 是酒店附近再修地铁，（前台义正言辞说是政府工程）
客房非常受噪音的影响，建议携程预订时告知真实情况。
花园酒店对花园这边客房 要么不售卖 要么降价售卖 。而不是到酒店前台才告之 。广州酒店众多携程定1000+一晚上 因为噪音完全无法入睡。夜晚22:00见视频噪音
餐饮桃园馆 还不错。
昨日入住对面的友谊商店发生火灾，不宜停留。
这个价位还是去住珠江新城吧。",红棉双床套房,套房
1471,关于整体满意度和前台服务的评论,1495,广州花园酒店不愧是老牌高档酒店之一，拉满仪式感的入口门廊，气派的大堂，第一印象非常好。办理入住时赶上酒店举办活动，等的时间有点长，和客服沟通后，工作人员迅速调整工作，很快解决问题。体验了一下露天泳池，下午五点太阳不晒，水温很适合，早餐一层的瀑布餐厅和二层的酒吧式餐厅各有特色。入住两天，感觉酒店的工作人员非常和善有礼，留下美好回忆。,城央绿意双床房,双床房
1472,关于性价比和前台服务的评论,1496,强烈推荐这家酒店性价比高，无论旅游都是一个不错的选择。服务非常好。前台Kasas 不错。   迎宾李文热情下次还会来继续住。,城央绿意双床房,双床房
1473,关于卫生状况和前台服务的评论,1497,干净，服务到位，周边环境热闹，有地铁,城央绿意双床房,双床房
1474,关于房间设施和整体满意度的评论,1498,老牌五星环境不错，房间不大设施有点旧，总体不错,花园双床房,双床房
1475,关于房间设施和整体满意度的评论,1499,感觉很不错，床铺很舒服，升级了套房，房间很大,花园双床房,双床房
1476,关于整体满意度和卫生状况的评论,1500,带母亲复查身体，离中肿很近。环境很好，服务很好，很干净。下次有机会还会再来这里居住。,花园双床房,双床房
1477,关于房间设施和整体满意度的评论,1501,超级喜欢花园酒店的建筑风格，房间和酒店位置不错，一层的花园也很美，颇显老牌白金五星级酒店的底蕴。不过床品过软，两晚都没睡好，早餐一般，需要提升。,红棉双床套房,套房
1478,关于交通便利性和餐饮设施的评论,1502,去广州玩还是想体验一下广式传统酒店，就定在了花园，服务态度一级棒，瀑布餐厅早餐很好吃，酒店门口就是地铁站??，方便出行，谢谢viria,花园双床房,双床房
1479,关于房间设施和整体满意度的评论,1503,房间很新，床很舒服，环境优美，非常棒的一次体验。,花园双床房,双床房
1480,关于餐饮设施和前台服务的评论,1504,行政酒廊的yuki外国小姐姐特别热情 很可爱,花园双床房,双床房
1481,关于整体满意度和交通便利性的评论,1505,每次到广州都住这里，老牌五星酒店。服务贴心。交通方便。每一次帮我免费升级，房间卫生条件很好，总之都很满意！,花园大床房,大床房
1482,关于周边配套和前台服务的评论,1506,"位置：酒店位于靠近地铁口，周边有商场，位置优越
服务：一进酒店就有热情的小姐姐接待，送了我们中秋花灯，还介绍周边和酒店游玩的地方
环境：酒店大堂富丽堂皇，正中间是一整面金箔雕刻而成的红楼梦大观园，旁边还有旋转楼梯，很适合打卡拍照。当然最吸人眼球的就数一口的瀑布餐厅，18米双瀑布搭配透明落地窗，分分钟都是大票
房间：这次给我升级了行政套房，有会客区和卧室，喜欢双洗漱台的设计，再也不用和姐妹抢洗漱台啦
需要特别推荐下四楼的博物馆，这里记录了花园酒店的历史，还有世界各地的特色酒店，值得一逛。",花园双床房,双床房
1483,关于整体满意度和前台服务的评论,1507,"环境：一流，无论是本土还是外籍工作人员都很nice
服务：五星好评
设施：有博物馆餐馆，后花园很舒服，餐厅也不错。
下次再来",花园大床房,大床房
1484,关于公共设施和周边配套的评论,1508,酒店非常有特色，味道也很好闻，宝格丽的洗护用品，4楼还有酒店博物馆，周边吃的也很多，户外泳池也很干净，适合商务，亲子游，前台的Doris也很nice，态度很好,花园双床房,双床房
1485,关于性价比和整体满意度的评论,1509,早在携程上买的套餐圈，有幸来此体验一下白金五星级酒店的感受，太值了，酒店装饰处处显示着奢华高端，中西合璧，好养眼哦！服务更是一流，进店就有迎宾小姐引路，虽然前台非常忙碌，还很耐心细致，前台的美女小梁为了我们的套餐落实，几经周折才完事，在此特别感谢！,红棉双床套房,套房
1486,关于房间设施和体验的评论,1510,"安排了一个这样的淋浴房，很不方便，还换不了
房间里电话坏的，听不到声音
很多插座着没电",花园双床房,双床房
1487,关于整体满意度和前台服务的评论,1511,服务依然很好，值得推广的一间酒店。（mancy服务Good.,花园双床房,双床房
1488,关于整体满意度和交通便利性的评论,1512,位置好，主要是老牌酒店，体验不错。,红棉大床套房,套房
1489,关于交通便利性和前台服务的评论,1513,不愧是五星级酒店，有历史氛围，孩子特喜欢里面的博物馆。房间不满12岁还可以免费加床，服务态度也特别好。出门就是地铁，非常便捷,红棉大床套房,套房
1490,关于餐饮设施和前台服务的评论,1514,"酒店有年代了，但还是高大上的，大堂富丽堂皇，服务优秀并富有人情味，餐厅多且口味很好。行政酒廊就在花园里面，环境优雅，Carrie,Candy,Zoey和Mia的服务热情周到。非常愉快的假日旅行。",花园大床房,大床房
1491,关于房间设施和整体满意度的评论,1515,酒店大堂很有气势，房间不大，床舒适，卫生良好，设备齐全，服务还不错！值得推荐,花园大床房,大床房
1492,关于整体满意度和公共设施的评论,1516,老牌劲旅五星级酒店，全方位的优质服务，任何担心都显得多虑。特别点赞博物馆展览，不论是布展环境还是陈列介绍，都可以说是非常专业。作为博物馆爱好者，酒店设施给十分，参观体验后额外加十分。,花园大床房,大床房
1493,关于客房服务和整体满意度的评论,1517,房间干净，住客生病还给免费延时退房，人性化服务，赞！酒店的环境也非常优美。餐厅的早餐中西餐厅都可以任选。早餐品种非常丰富，味道好。,花园双床房,双床房
1494,关于整体满意度和前台服务的评论,1518,广州的花园酒店，也是老牌五星级酒店了，大堂富丽堂皇，正好过年期间入住，酒店的年味很浓，活动很丰富，初一早上还看舞龙舞狮表演，酒店的工作人员都很热情，特别是Aim，非常棒。,花园双床房,双床房
1495,关于前台服务和客房服务的评论,1519,酒店服务超赞，前台美女，打扫卫生阿姨服务都超好，提出的问题一一帮忙解决，酒店环境超好，瀑布餐厅美美的，出行方便门口就是地铁。以后还会光临！,红棉大床套房,套房
1496,关于前台服务和餐饮设施的评论,1520,"酒店服务很周到,前台入住接待len很用心，酒店的博物馆很值得参观，早餐太棒了！",花园双床房,双床房
1497,关于整体满意度和餐饮设施的评论,1521,超赞，不愧是星级酒店~入住体验特别好~行政酒廊待遇很赞~后花园真的很好~总之这个酒店真的是超级值得推荐的~下次再去广州还会去,花园大床房,大床房
1498,关于房间设施和交通便利性的评论,1522,^o^他们的床很舒服，枕头还有n款给你选，周边交通也方便，楼下就是地铁,红棉双床套房,套房
1499,关于整体满意度和交通便利性的评论,1523,非常满意，女儿很满意，地理位置得天独厚，服务到位,花园双床房,双床房
1500,关于前台服务和整体满意度的评论,1524,酒店位置很好，花园漂亮，帮我们办入住的Arizel很亲切，服务很好，还帮我们升级了房间，非常感谢，下次有机会再来,花园双床房,双床房
1501,关于景观/朝向和整体满意度的评论,1525,不愧是花园酒店 景色怡人 美不胜收 酒店环境服务都很好 可惜美中不足泳池在维修,花园双床房,双床房
1502,关于前台服务和餐饮设施的评论,1526,这次广州之行花园酒店给了很大惊喜啊！如果说喜欢广州十分，那么花园酒店占了此行一大半，吃住都ok，首先夸一夸办入住的小哥Tony（应该是他吧）很专业，办理业务快速且介绍的很周到啦，因为我是岭客汇金会会员但第一次住花园，所以Tony给升级了双人套房，且临母亲节Tony及时送上康乃馨。整个花园酒店的装修气氛都非常喜欢，环境优雅，早餐是瀑布餐厅和二楼荔湾艇水准都不错！离开时候Kristy和Ellie还送了伴手礼哈，下次来广州一定还住花园啦！,花园双床房,双床房
1503,关于房间设施和前台服务的评论,1527,酒店的硬件设施齐全，毕竟是五星级酒店，前台服务人员Viria服务态度好，礼貌好客，我们带着小孩子差不多凌晨的时候入住，还很贴心的询问我们需不需要帮忙！酒店的后花园有两个人工瀑布，喜欢拍照的姐妹可以去看看，唯一不足就是热水水温不稳定，时冷时热，有点糟心！总体体验感ok,花园双床房,双床房
1504,关于安静程度和客房服务的评论,1528,房间肯定不好，服务生倒是有求必应，很好，凌晨两点维修水管，切割机声音巨响，一晚上都没睡好，凌晨两点换房间睡，这你受得了？,花园双床房,双床房
1505,关于前台服务和客房服务的评论,1529,大堂经理bobo非常热情周到，服务细心。客房服务响应都很及时，特别是看到我客人比较多，经常在客厅喝茶谈事，主动送进来一箱矿泉水，感觉很贴心。,花园大床房,大床房
1506,关于整体满意度和体验的评论,1530,很好，完全超过我对老酒店的预期,花园大床房,大床房
1507,关于整体满意度和卫生状况的评论,1531,不愧是最好的酒店，服务人员礼貌热情，酒店干净整洁，使人宾至如归。下回来还会住这里,花园双床房,双床房
1508,关于整体满意度和公共设施的评论,1532,酒店服务非常好！这家酒店值得入住，还有酒店博物馆和后花园，非常棒的入住体验！,花园双床房,双床房
1509,关于景观/朝向和前台服务的评论,1533,地址位置优越，开窗就看到瀑布，配套服务设施齐全，因为隔壁在建地铁，吴女士还特地与我说明情况，房间服务也非常及时高效，非常不错的体验。,城央绿意大床房,大床房
1510,关于前台服务和整体满意度的评论,1534,广州花园酒店，除了金碧辉煌的大厅，环境优美的后花园，还有非常好的服务和美味的食物，尤其感谢前台小邓还给我们升级了房型，入住体验超级棒！,红棉双床套房,套房
1511,关于整体满意度和前台服务的评论,1535,非常不错的酒店，不愧为广州的老牌五星，服务好，环境好！,花园大床房,大床房
1512,关于整体满意度和卫生状况的评论,1536,酒店设施齐全，卫生干净整洁，环境舒适，服务到位，酒店地理位置也挺好，去哪里都方便，还是老牌酒店靠谱。,粤韵双床套房,套房
1513,关于前台服务和整体满意度的评论,1537,工作人员服务态度都很好，酒店环境也很不错，下次来还会优先选择这个酒店的，生日还给布置了房间还有送了小蛋糕很贴心～,花园双床房,双床房
1514,关于餐饮设施和整体满意度的评论,1538,第一次入住它们家，映入我的眼帘的是豪华的大堂，这次定的房型是免费升级红棉房间，早餐中西并存，非常丰富，瀑布餐厅环境不错，下次还会入住,花园双床房,双床房
1515,关于前台服务和整体满意度的评论,1539,酒店大堂非常漂亮，工作人员服务非常好，前台工作人员见到带着小孩入住，还帮忙免费升级了套房！非常感谢！下次来还会入住！,花园双床房,双床房
1516,关于卫生状况和前台服务的评论,1540,商务出差非常合适，出入都是公务人员，感觉非常干净放心。除了入住数据线被借完了，其他都很好。建议房间放多几瓶矿泉水，天气热。大堂kiki甜美可爱，认真的咨询入住体验和搜集意见！,花园双床房,双床房
1517,关于前台服务和整体满意度的评论,1541,酒店环境韵味十足，全员服务态度在线，特别系客务janice 许经理，耐心满满，非常满意??????????????????,红棉大床套房,套房
1518,关于前台服务和整体满意度的评论,1542,房间很棒 还给升级了房型 前厅Whaley服务很好,红棉大床套房,套房
1519,关于整体满意度和公共设施的评论,1543,宾至如归，是花园酒店给我的最大感受。四楼的博物馆值得一探，有导赏姐姐讲解更加正。而花园酒店的金牌导游个人觉得是镇店之宝。,羊羊得意主题大床房,主题房
1520,关于餐饮设施和性价比的评论,1544,"礼宾区域和大堂背景墙，把气势和仪式感拉满
位置好，房间小了点，1000出头点含行政礼遇包三顿，也算性价比不错
行政酒廊的甜品好吃，每个都好吃，和文华一个水准，一连吃6个，吃得出用料不错，而且甜得刚好；食物算是小而美，少而精，从下午茶、欢乐时光、到早餐，味道都不错
可以在酒店“游花园”、“中国三家白金五星中的唯一民族品牌”、“泰安门”餐厅，来广州值得一住！而且作为一家经历了40年的酒店，保养的相当好！
他家还有一个博物馆可以逛。",花园大床房,大床房
1521,关于整体满意度和前台服务的评论,1545,感受非常不错的一次住宿体验，非常有质感的酒店，工作人员的服务态度也非常好，超赞！,花园双床房,双床房
1522,关于整体满意度和客房服务的评论,1546,一如既往的好，还贴心送了点心，不错,花园大床房,大床房
1523,关于前台服务和整体满意度的评论,1547,我们每次回来广州都会首选入住花园酒店，这里有属于自己的童年的会议。这里入住得到了Katherine的热情接待，退房时也非常感谢Billy的积极协助。我们下次还会再来。,红棉大床套房,套房
1524,关于整体满意度和公共设施的评论,1548,服务很到位，环境也很好，让人意外的是酒店有自己的博物馆，简直太惊喜,花园双床房,双床房
1525,关于前台服务和整体满意度的评论,1549,位置环境服务都不错，Viria的前台服务很到位，有很好的考虑照顾到小朋友。酒店的后花园很美，小朋友很喜欢，以后来还会住。,花园大床房,大床房
1526,关于客房服务和卫生状况的评论,1550,"卫生：挺好的，没想到的是入住前会有人专门查房，就这点强过很多五星酒店了


服务：很热情的，特别是Kristy和Joe吧，专业水平过硬，然后服务也在线。",花园大床房,大床房
1527,关于整体满意度和餐饮设施的评论,1551,房间整体还是不错的，服务也很热情，中式自助早餐也还可以，环境很好，入住的外国人特别多，小朋友很喜欢，唯一遗憾没去看里面的博物馆,花园双床房,双床房
1528,关于整体满意度和前台服务的评论,1552,在广州出差住过了很多酒店，这次入住花园酒店感觉最满意，办理入住时前台也为我免费升级成了套房，服务非常到位,红棉大床套房,套房
1529,关于卫生状况和前台服务的评论,1553,从来没有评价过但是酒店的处理方式已经让人出离愤怒了 酒店床品不干净到我浑身被虱子咬成这个样子 离店时候酒店经理的傲慢的态度更让人愤怒 仗着自己是国企 ??不认为自己酒店不干净 第二趾高气昂的面对消费者 这件事会一直维权下去的 我倒要看看 这个酒店是不是仗着国企就能藐视法律,花园大床房,大床房
1530,关于交通便利性和周边配套的评论,1554,"位置：酒店位于市中区，地铁5号线淘金站A出口出来右手边就是，非常方便。旁边有荔湾肠粉、陶陶居、常来小聚餐馆、赵记传承糖水铺。酒店对面是友谊商场，里面有广州酒家。
房型：这次定的是红棉大床房，12岁及以下儿童免费加床，13岁及以上儿童加床234元/床/夜。总之适合带孩子的家庭。
另外酒店4楼有个博物馆，不错",红棉大床套房,套房
1531,关于前台服务和整体满意度的评论,1555,酒店环境很不错，服务态度很好，前台双语言无缝切换。不错，下次还住会哦柔软民警遂新加坡help公婆狗狗抹去,花园大床房,大床房
1532,关于前台服务和景观/朝向的评论,1556,前台小哥帮我免费升级至23楼的套房，服务态度很好。房间装修风格有点旧，卫生还算干净，房间景观为城景 ，晚上挺安静的。忘了排照片。试了三间餐厅，总体评价不错。,花园大床房,大床房
1533,关于前台服务和景观/朝向的评论,1557,"服务很好，就是设施有点陈旧了，酒店的环境真的是没的说，早餐时看着室外的瀑布宛如身在森林里一般，特别是前面的庭院风景，站在桥上看着那些五颜六色的鱼来回游动，景色真的是美不胜收！特别特别是大堂的小美女KRISTY，服务是真的好，给我们讲解酒店的历史、酒店的服务项目，还有酒店的风景…
她的确是美女金牌服务生！",城央绿意双床房,双床房
1534,关于餐饮设施和整体满意度的评论,1558,酒店虽然开了很多年了，服务和环境依然没的说。网红瀑布餐厅也不错，虽然瀑布没啥稀奇，在酒店有这样的景色还是不错的。,花园大床房,大床房
1535,关于前台服务和卫生状况的评论,1559,"服务：James小哥哥服务很好，很耐心，很认真

卫生：也很好，环境很干净。

设施：听说是2019翻新的，挺好的洗澡水流很大。",花园双床房,双床房
1536,关于整体满意度和客房服务的评论,1560,环境真的是太美了！超级喜欢的酒店，服务也很好，送餐也很贴心。美中不足就是房间门一关，房顶就会有很大块的灰落下来……,花园大床房,大床房
1537,关于房间设施和客房服务的评论,1561,房间门锁好像不太灵光，刷了卡正在压柄门打不开，要反方向提才能打开。又跑回电梯厅打客房服务电话才知道。,花园大床房,大床房
1538,关于房间设施和景观/朝向的评论,1563,装修高端大气，设施先进完善，viria的服务态度超好，比预想中的好很多～强烈推荐粤韵套房，大小合适，景观很棒！,花园大床房,大床房
1539,关于前台服务和餐饮设施的评论,1564,第一次假期出游选择花园酒店，确实很惊艳，小朋友很喜欢。因行程比较赶，都来不及细细品味这家老牌酒店，荔湾亭的一元一碗豆腐花让人印象深刻。前台阿KEN服务很友好，让人如沐春风，下次还会来。,粤韵双床套房,套房
1540,关于整体满意度和餐饮设施的评论,1565,"40年历史的酒店，保养的很好，房间挺舒服的，酒店的餐厅菜品一般，尤其是那个米其林餐厅又油又咸。
行政酒廊外面挨着花园，有瀑布环廊，环境真是不错。很舒适，这个酒店的设计师是贝聿铭先生，所以花园采光的玻璃环廊设计是他风格。酒店服务也不错??，个人认为体验感比天河希尔顿好太多",花园大床房,大床房
1541,关于餐饮设施和整体满意度的评论,1566,非常大气的酒店 逛了花园又参观花园酒店博物馆 客人非常多尤其外国客人 早餐质量也非常棒 建议西式早餐 环境好 品众多,花园双床房,双床房
1542,关于整体满意度和前台服务的评论,1567,大堂很气派，能感受到员工的热情，房间不算很大但备品赠饮各方面都有奢华酒店的水准,花园大床房,大床房
1543,关于整体满意度和交通便利性的评论,1568,非常舒适的入住，酒店位置也非常方便,城央绿意双床房,双床房
1544,关于前台服务和整体满意度的评论,1569,挺好的前台小姐姐也免费升了房开心～,花园双床房,双床房
1545,关于房间设施和餐饮设施的评论,1570,酒店大堂很气派，服务员很热情，环境很漂亮，房间不大，家具有些陈旧了。五一节入住还收到??。因为不含早餐，也不知道早餐质量如何。但是开在酒店的餐厅却不是太友好价格贵点荔浦不推荐。,花园双床房,双床房
1546,关于前台服务和整体满意度的评论,1571,酒店前台工作人员小胡热情接待，给人宾至如归的感觉，还给我们免费升级了房间，非常开心。晚上还送了小甜品，精致好吃。下次有机会还会选择花园酒店。,花园大床房,大床房
1547,关于前台服务和交通便利性的评论,1572,酒店服务非常好，出行交通方便，推荐,花园双床房,双床房
1548,关于房间设施和安静程度的评论,1573,"设施：大堂跟气派，工作人员很友好
卫生：卫生很干净
环境：酒店大堂环境很好，外面施工比较吵
服务：服务好，态度好
唯一不好的就是客房太小，设计很旧，感觉像三星级，跟外面大堂不匹配",花园双床房,双床房
1549,关于交通便利性和卫生状况的评论,1574,房间干净，服务好，米其林餐厅味道很好，出行方便，免费停车，地铁口在酒店门口，后花园景色不错，酒店整体感觉都很好，,花园双床房,双床房
1550,关于前台服务和餐饮设施的评论,1575,酒店太让人震感惊艳了！打假期间，服务不打折，热情周到主动！并且还为我们房间升级为套房！服务特别贴心！早餐很丰富，各种风味品类，餐厅都有三个，随便任由自己选择！广州花园酒店代表着广州经济的飞速发展与经济地位！花园酒店不仅有沉淀，地理位置还非常方便，出门就是地铁，无论到那里景区都是最方便的选择！,花园双床房,双床房
1551,关于安静程度和前台服务的评论,1576,半夜五点，突然被暴力的踢门声吓醒，还一脸蒙蔽，然后还继续踢，吓**，老公通过猫眼看是有个外国人在踢对面的房门，还一直在门口吵，我还以为是踢我们的房门赶紧用座机打电话客服中心，居然没人听。后来用手机搜电话打通让人上来处理，**的吓**还带着孩子呢！,花园大床房,大床房
1552,关于房间设施和卫生状况的评论,1577,"金玉其外 败絮其中。4.6的分都高了。
真诚的建议所有想来体验五星白金酒店的旅客不要入住花园酒店。来大厅，四楼博物馆（免费的对外开放登记就能进入），还有瀑布后花园（入口在瀑布餐厅和前台中间在一个酒柜那里对外开放不用刷卡）打卡即可。 餐厅也都是对外开放的。

真心不用花一千多块钱大老远跑来住又破又脏的房间。

1 酒店未提前告知最近有大面积施工??，酒店后面全部是工地，每天早上7点半准时开工晚上8点半回来噪声还非常大。（详见两个视频第一个工地??第二个是在床上录的）想象一下这个噪音。心脏脆弱的人会得心脏病的声音非常大。

2 刚入住就发现房间地板上有很多头发，赶紧联系客房部。大概十分钟后服务生来吸了地。卫生一塌糊涂有被浴室排水槽里的头发和棉签恶心??烧水壶上还有白乎乎的水垢可以扣下来的那种。桌子上也有不明白色粉末。

3 强烈怀疑说是装修过了的，有污渍的音响，老化的浴室，破旧的天花板，破了用透明胶带粘住的桌面，有污点的沙发，和看上去快要退休的椅子??。

4 头一回碰见在入住时就被要求离店打五星好评？！！！我房间都没进呢就要我打五星好评？！！！目的性太强，入住时我说小羊很可爱想买一只前台说离店时可以送我一只，但是！必须离店时出示带有她名字的五星好评！！！才能送我！！入住时说这些令人很不舒服。 （就这水准五星好评不可能的）最后离店时前台说小羊没有了送积木（从来就没打算要酒店送小羊）。不用了真的太糟糕了。

5 找了经理投诉态度很好，经理邀请下次入住时升级房间。婉拒了，没有下次了。

6 可以考虑用本地品牌的茶叶，毕竟主打岭南风用英国????茶不伦不类。外宾多更要让人家尝尝本地茶叶啊？！自己说的要打造民族品牌奢华酒店。

后悔没住凯宾斯基了差不多的价格人家还新还没施工也有高楼层景色，走到花园五分钟打个卡多好。",城央绿意大床房,大床房
1553,关于整体满意度和前台服务的评论,1578,酒店整体很好，服务很热情，负责。又续住了一晚,花园双床房,双床房
1554,关于整体满意度和前台服务的评论,1579,前台接待亲切友好，住宿环境舒适，房间干净卫生，酒店自助早餐丰富，交通便利配套足，性价比很高，下次再入住，值得推荐！,花园大床房,大床房
1555,关于整体满意度和公共设施的评论,1580,广州花园酒店的发展，见证了中国改革开放后的文化，经济，政治变化，成立于1984年，由邓小平题字，是改革开放后第一家引进外资的酒店，酒店大堂简直是太美了，背景墙给我们带入了曹雪芹笔下的《红楼梦》场景和水乡风貌，里面有一家博物馆，让我们了解到很多酒店业的历史和文化，后花园里边非常精彩只入住了两天，感觉恋恋不舍，所有地方都太喜欢了！我认为是到广州住酒店的首选！,花园大床房,大床房
1556,关于整体满意度和前台服务的评论,1581,入住广州花园酒店是我最满意的。地理位置优越、出入方便；环境优美；酒店里的花园、瀑布餐厅给我惊艳到了。前台小哥（没记下他的名字，不好意思）行政酒廊的凯琳-耐心、仔细、服务周到；瀑布餐厅的帅哥靓女们各个都服务周到细致。下次去广州我还会入住花园酒店??花园酒店-我喜欢??,花园双床房,双床房
1557,关于前台服务和餐饮设施的评论,1582,前台服务很好，3楼早茶环境很好。,花园大床房,大床房
1558,关于整体满意度和性价比的评论,1584,这是一家充满历史，环境优美，体验舒适的酒店，性价比很高！花园酒店实至名归，仿佛置身一座美丽的后花园中。酒店除了房间面积小了点，其他都很好。餐厅泳池健身房也都不错，桃园餐厅稍微有点贵。附近有很多老字号，点都德、陶陶居都不错，尤其是点都德好吃不贵！,花园大床房,大床房
1559,关于房间设施和交通便利性的评论,1585,非常有历史韵味的酒店，大堂很美，但是房间内部设施偏老旧。位置在老城区内算比较方便的，离地铁近，旁边也有商场还有几家比较有名的粤菜馆。整体服务不错，因带孩子还给帮忙延迟退房了。但是人真多，办理入住，吃早饭 都要排队。,红棉大床套房,套房
1560,关于整体满意度和前台服务的评论,1586,我们住的楼层外面在修路，没什么好看的，但是没有很吵，对我们没什么影响，入住之前就已经提醒了，市政工程也能理解，办理入住的时候给小朋友提供了小饼干，服务很好，后花园很美，自己带的面包，小朋友去喂了鱼，装修风格很有岭南特色，还特意去参观了四楼的酒店博物馆，小朋友还很喜欢这里，下次还会选择入住这里。,城央绿意双床房,双床房
1561,关于安静程度和整体满意度的评论,1587,环境不错，地铁施工有点吵，其它都不错,花园大床房,大床房
1562,关于前台服务和公共设施的评论,1588,Vivia小姐姐服务态度特别好，还贴心的送花束。室外游泳池挺不错的，旁边是大花园还有瀑布。宾馆里有不少帅哥美女，赞??,花园双床房,双床房
1563,关于整体满意度和体验的评论,1589,酒店给做了升级，一切都棒棒的,花园大床房,大床房
1564,关于整体满意度和体验的评论,1590,体验很舒服，很满意！,花园大床房,大床房
1565,关于卫生状况和体验的评论,1591,卫生怎能这么的差呢？,花园双床房,双床房
1566,关于性价比和房间设施的评论,1592,"一点都不值800+的价格 其他品牌四星酒店更便宜 这是更优 花园就靠着这个牌子赚足了人气 但是败絮其中
这个房间多说也就价值400-500 纯纯大冤种 因为太不满意想要提前离店 退换未住部分 但是经销商和酒店踢皮球 只能继续住

环境：除了房间家具设施 真的很富丽堂皇 公共区域干净整洁 气味香香的 电梯数量足 冷气足

服务：从进门开始 门口迎宾 大堂服务 客房服务 礼宾服务工作人员服务都很好 态度很友好 满足需求 很满意

设施：水压很大 洗澡舒服 & 床够大够软 睡觉很舒服
但是页面上写的2019年装修 但是地板家具很陈旧 椅子皮很老了 真的该换了上面有明显污渍
电子秤没有电的 换了新的 后又因外部道路施工噪音问题换了房间 新的房间电子秤依然没电……

卫生：桌面和椅子用纯水湿巾擦拭能明显变黄 擦拭完后再擦无变黄 说明平时清理不够
换新的房间床上状况没有第一间好 床面看起来像是没有更换 两张床被子掀开都能发现不止一根毛发",花园双床房,双床房
1567,关于前台服务和整体满意度的评论,1593,原本订了威斯汀，因为有儿童设施和儿童装饰，但是自己内心还是喜欢感受美食文化和有历史沉淀的花园酒店！从桂林过来的火车上取消了威斯汀，下单了花园酒店。之前看评论说有市政工程很吵，入住当天Joe帮我排了远一点的房间，升级了房间，给姐姐也加了床（小朋友不要跟我和弟弟睡），特别感谢！除了门口迎宾的不太满意外，其他的工作人员都还是满意的！晚上荔湾亭吃饭也帮忙点菜准备宝宝餐具，不算热情但是还是周到的！第二天起来立马续房！老牌五星很有味道！,红棉大床套房,套房
1568,关于餐饮设施和前台服务的评论,1594,"环境：有文化底蕴
服务：很热情
瀑布餐厅的早餐样式丰富",花园双床房,双床房
1569,关于整体满意度和前台服务的评论,1595,白金五星酒店果然居住体验比较棒，可以免费加床送了小羊羊和自助餐，后花园也特别漂亮瀑布壮观，服务人员态度非常好，尤其是表扬Gillian，服务周到。,羊羊得意主题大床房,主题房
1570,关于房间设施和前台服务的评论,1596,"广州有好几家充满历史感的酒店，白天鹅，白云宾馆，广州花园酒店等，之前来广州一直都是住的希尔顿，万豪这种国际酒店集团，这次想体验一下本土酒店，感受一下不同酒店不同的风格，没想到这是一切灾难的开始，除了携程赠送的600元餐券感觉物有所值，客房，服务都不行，连换二家房都能有问题，看来这家曾经荣誉满满的酒店如今也是今非昔比，真心建议最近要来广州的，他们家只适合拍照吃饭，千万不要住进来。
先说优点，酒店地理位置得天独厚，距离广州站很近，旁边就是地铁站，出行游玩很方便。大堂看起来很气派，办理入住要排队，生意很好。酒店自带9家餐厅，日料，西餐，粤菜，下午茶，各种品种俱全，我居然还在其中发现了泰安门的身影，厉害了。健身房很大，设施齐全，圆形拱门设计有种欧式古堡风，户外无比泳池拍照也挺好看的，还自带一个博物馆供住客参观，单看以上公共区域设备，的确看起来是一家五星酒店了。
房间真的不怎么行，第一家房一进去就有一股难闻的尿骚味，马桶不是智能的，用完以后一直滴水声不断，让酒店派人上门查看，在房间洗完衣服休息好整整1小时没人上门。于是自己下楼和酒店员工说了情况，一个男性员工表示会立即派人上门查看，于是我就放心出门去了。等玩了一圈回来，房间情况依旧未改善，还是如此，无奈再次联系酒店，这时出来一个戴眼镜的女人，貌似是酒店楼层经理，全程没有笑容没有一句抱歉全程黑脸回应，大意就是他们维修部门上门检修时候说马桶没有声音，于是就走了，我让她自己站在马桶这里听，这下她赖不掉了，因为声音真的是有，而且持续不断。于是她黑着脸说那就给你换一个房间，好像是我故意刁难酒店一样。接着还有更离谱的话呢，“你现在不要出门，在房间等电话，酒店生意太好，不知道什么时候房间收拾出来，到时候你接到电话再换新房间。”What？我差点以为我耳朵坏了，我花钱是来旅游的，你让我呆在这个滴水房间里听噪音不要出门，还不告诉具体要等多久，我要听你话我大概真的是发傻哦。这个女人说完话头也不回就走了，我等她走了也去博物馆了，我早就安排好的行程也不可能因为她莫名其妙取消。再加上这个酒店所有前台无论何时路过都是大排长龙，我要找人投诉估计也是要浪费我很久时间，还是先出门再说。
等到晚上17:30回到酒店，先去餐厅把券用完吃了一个晚餐，然后我自己拿着房卡去前台要求换房间，服务员帮我换了一个比原先21楼低的18楼房间，房型没有升级，等于是自动降级了，我早就对这个酒店彻底失望，反正以后不会再来，只求房间没味道没异响即可，接着戏剧性的一幕来了，晚上21:30左右，酒店整个18楼跳闸，坐在房间就像**，灯光自动忽闪忽灭，庆幸自己当时自己没洗澡，要不然黑灯瞎话摔在浴室不知道找谁算账呢。
平心而论，花园酒店公区设计，中餐厅水准和餐厅服务员都很优秀，就是房间实在老旧问题不断个人感觉应该停业维修保养了，再加上那个可恶的戴眼镜客房经理讲话素质奇差无比，看这样子就知道这个酒店管理有多混乱，管理人员素质都参差不齐了。
整体来说广州五星酒店比起香港，深圳来说服务真的要差了一大截，这家花园酒店是住过最差的，真想打负分，一星都嫌多。",花园大床房,大床房
1571,关于整体满意度和前台服务的评论,1597,足足十年没有去过花园酒店了，这次去没有失望，感慨良多，酒店整体装饰保留着原来的风格，也增加了一些新的元素，比如前台变成了一个个独立办理入住的柜台，很多改变都很好，房间也翻新过，前台Semmy 的服务非常好，包括餐厅和大堂吧的服务都很好。我自己做酒店行业，说实话，花园酒店的配套是广州酒店行业里面，我认为没有其他酒店能超越。另外能保持这么好的服务水平，真的超出我的期望。,花园大床房,大床房
1572,关于前台服务和整体满意度的评论,1598,十颗星的入住体验！给前台betty好评！非常满意！,花园大床房,大床房
1573,关于餐饮设施和公共设施的评论,1599,"来了很多次了 一如既往地喜欢 吃喝玩乐都在酒店里了 三楼参观了广州花园自己的博物馆，吃了一楼日料，二楼的正宗广式小吃，都是大众点评上不错的餐厅。

花园酒店博物馆入场券（逢周一闭馆）:很好 感受到了广州的兴起，中国经济的发展 非常值得参观学习",花园双床房,双床房
1574,关于房间设施和整体满意度的评论,1601,"广州老牌五星酒店酒店 
虽然开业很久
但是里面的设施设备不会显得很陈旧
不能和当下的新酒店比较
但是老式酒店就是很舒服",城央绿意双床房,双床房
1575,关于房间设施和性价比的评论,1602,位置很好，花园很漂亮，大堂很辉煌！人流很大！早餐还可以。但房间设施真的老旧，空调声音很大，性价比低。空调不开潮湿，因为卫生间是开放的！与五星级不太匹配。,花园双床房,双床房
1576,关于前台服务和整体满意度的评论,1603,非常非常的满意！前台的Tony小哥哥人也特别好！给我们升级了套房还送了我们两朵小花花~,红棉双床套房,套房
1577,关于卫生状况和整体满意度的评论,1604,房间干净，环境优美。,红棉大床套房,套房
1578,关于餐饮设施和整体满意度的评论,1605,酒店环境更方面都很好，人也很多，小朋友早餐198一位，进去就喝了一碗稀饭哈哈哈,花园双床房,双床房
1579,关于交通便利性和前台服务的评论,1606,"广州的花园酒店、白天鹅宾馆、白云宾馆一直是我这个五十多岁人心中的白月光，此次去广州旅游选择了花园酒店，原因有三：一、酒店门口即是地铁站，去景点、去机场在地面交通拥堵的情况下都能坐地铁到达；二、酒店内有博物馆，自带博物馆的酒店国内真的不多，闲暇之余参观一下，增长些知识也是件好事；三：酒店地处繁华地段，附近吃、喝、玩、乐非常方便。
下了出租，走进大堂的一刻，?一幅硕大的壁画映入眼帘，用金璧辉??来形容此画一点也不夸张，据说此画用了二公斤黄金-奢华！预定了二间房，因一间房仍在打扫中，前台竟然很客气地把房间升了级，升到了套房，而且，还贴心地提醒了一下：窗外正在进行地铁施工，有可能影响睡眠。第二天退房人又较多，在排队时有个女主管上来询问，当得知我们未使用房内任何物品后，就马上收了房卡退了房。从入住到退房，花园人的服务态度一流，若以后再来广州，花园将是我不二之选，还会再入住。谢谢！",花园大床房,大床房
1580,关于餐饮设施和体验的评论,1607,行政酒廊很好，,花园双床房,双床房
1581,关于交通便利性和周边配套的评论,1608,出行便利无论是地铁和出租方便出行，环境很好,花园双床房,双床房
1582,关于公共设施和前台服务的评论,1609,赶上活动住的红棉双床房，各方面环境让人感觉宾至如归，健身房，游泳池一应俱全，四楼的酒店博物馆亦是令人大开眼界，了解到花园酒店和整个行业的前世今生。前台“洪小姐”还热情的升级了房型，耐心解答了提出的问题，并且送了入住前点心，“洪小姐”大方得体，服务周到，简直就是花园酒店的一个缩影，总之这是一次非常令人满意的体验。,红棉双床套房,套房
1583,关于前台服务和客房服务的评论,1610,这次入住广州花园酒店，体验超棒！特别要夸夸办理入住的前厅部吴灵伶Lavinia 和退房的Betty，她们热情似火，笑容极具感染力，服务更是无可挑剔，专业又贴心。房间打扫得一尘不染，设施设备也一应俱全，方方面面都让人舒心，下次还来！,花园大床房,大床房
1584,关于前台服务和整体满意度的评论,1612,入住广州花园酒店一进门被酒店的各项服务惊到了。位置好、环境好、软件服务好是名副其实的花园酒店。特别办入住的小姐姐（好像是姓梁）一直面带微笑非常专业礼貌看我们老两口带了孩子还帮我们升级了房间，给我们提供各种方便入住3天2晚体验感超棒。会推荐朋友来体验超五星服务。,花园双床房,双床房
1585,关于整体满意度和体验的评论,1613,很漂亮的酒店～～,花园双床房,双床房
1586,关于前台服务和整体满意度的评论,1614,宾客服务的kristy和rain小姐姐的服务都超级好，这家酒店无论是特色还是舒适度，都获得了我们全家人一致的高度评价。还没退房就已经计划好了，下次想继续来入住。,红棉大床套房,套房
1587,关于房间设施和体验的评论,1615,房间太小了 洗澡和厕所共用一扇拖拉门,花园双床房,双床房
1588,关于整体满意度和周边配套的评论,1616,酒店环境不错，服务态度好，周边好吃的也多，交通出行方便，推荐,花园大床房,大床房
1589,关于公共设施和餐饮设施的评论,1617,贝聿铭设计的酒店，名副其实的花园酒店，后花园很漂亮，大小瀑布、锦鲤漫游，花团锦簇，是休闲拍照好去处；酒店赠送的胶囊咖啡也好喝！,花园双床房,双床房
1590,关于整体满意度和前台服务的评论,1618,环境很好 服务员热情，卫生级别高，四楼博物馆值得一看,花园双床房,双床房
1591,关于整体满意度和前台服务的评论,1619,非常满意的一次商务旅途，花园酒店不愧是广州独有的很有历史沉淀的园林史酒店，环境一流，服务周到，特别是给我办入前厅部副经理吴灵伶 Lavinia，人美心善，服务态度特别好。园林里面有瀑布，有酒吧，特别适合商务洽谈，下次还会再入住的,花园大床房,大床房
1592,关于前台服务和整体满意度的评论,1620,酒店的环境很好，chloe和rainey服务非常nice,花园双床房,双床房
1593,关于前台服务和卫生状况的评论,1621,"Kamille,rain的服务很棒，送了小礼品很喜欢，环境很好～服务很贴心，下次还来～卫生很好，设施齐全",花园大床房,大床房
1594,关于前台服务和体验的评论,1622,服务很好呢，临走送了伴手礼，很香,花园双床房,双床房
1595,关于整体满意度和体验的评论,1623,酒店很适合度假 服务好 环境好,红棉大床套房,套房
1596,关于整体满意度和前台服务的评论,1624,超级好评，帮我免费升级了套房，环境舒适高级，很有质感，酒店服务满分，走时还送了欧舒丹礼盒。满分体验。,花园大床房,大床房
1597,关于整体满意度和公共设施的评论,1625,很有特色的酒店，一楼有点像购物中心，花园比我想的大，酒店里面还有博物馆可以看看，服务也很友善，正赶上中秋节大堂的rain姐姐还送了一盒月饼??，感谢??????,花园双床房,双床房
1598,关于性价比和房间设施的评论,1626,中秋假期订了广州老牌的花园酒店，在一众涨价的各大五星酒店面前性价比很高。红棉大床房很大，有客厅和卧室有效隔开，内部装潢历久弥新，只有历史的厚重感没有陈旧过时的感觉。服务也很好，特别是Tia小姐姐很贴心的送了月饼，好评！下次还会推荐亲朋好友来住～,红棉大床套房,套房
1599,关于前台服务和餐饮设施的评论,1627,"入住时前台Billy的接待自信大方，不仅赠送了小礼物和升级了房型，还介绍了酒店各个区域及预约方式。
因酒店毕竟时间太长了房间设备比较陈旧可以理解，但也都是好用的。来住这家酒店最主要的目的是去博物馆，对酒店文化一直很感兴趣，博物馆的确各个细节也做的很好，希望花园酒店可以把博物馆的内容出一套书，对酒店爱好者来说会很有意义。
一楼瀑布餐厅的服务也很贴心，体验感很好。
唯一希望改善的是客房餐饮部的出品，点了白葡萄酒但送来时既没有冰桶，酒杯虽是冰过的但是上面擦不掉的水渍还是很影响心情，再次送来的干净杯子就不是白酒杯了……",花园大床房,大床房
1600,关于整体满意度和体验的评论,1628,很棒的酒店！已经多次入住了！,花园双床房,双床房
1601,关于餐饮设施和前台服务的评论,1629,多次入住了，到广州必选！美美哒瀑布餐厅，丰盛的早餐，老客户给升级套间，棒棒哒！贵宾专享行政酒廊，推荐！,花园双床房,双床房
1602,关于景观/朝向和体验的评论,1630,后花园好漂亮,花园大床房,大床房
1603,关于整体满意度和体验的评论,1631,环境优美，服务周到。有品质、有文化的酒店。,红棉大床套房,套房
1604,关于房间设施和前台服务的评论,1632,服务很好，不过就是设施有点旧，跟不上潮流，没有充电头，还有厕所门好紧，有点推不动?????♀?，但接待员好好，抵回，还送了五百现金，这是意外惊喜。,城央绿意大床房,大床房
1605,关于房间设施和前台服务的评论,1633,"之前来广州都是首选花园酒店，這次入住真的很失望，住两晚换了三次房间！
定的无烟房被分派了有烟房，一进门就是扑鼻的烟味。和前台反应换到了无烟房，但房间打扫完全不到位，卫生间还留有之前住客的使用痕迹，再次下楼和反应，接待的礼仪小姐姐还是很不错！立即安排换房又做了升级。 
换到了行政套房房间整体都还不错，但一开空调房间的出风口就是一股下水道酸臭味漂出来，可惜当晚没房可换了，只能让阿姨拿了空气清新剂和空气净化器先解决一下。
 
事后得知据说16层以上才是新装修的，后续要入住的尽量选高楼层的吧！",花园双床房,双床房
1606,关于前台服务和整体满意度的评论,1634,出行首先广州花园酒店，各方面服务都非常赞无论是前台接待还是客房餐厅都挑不出一丁点毛病，本来是想住一晚办完事就走，前台接待工作人员周到的服务，温暖到了我，毫不犹豫又延住一晚，酒店位置很好对面商城6楼有一家1935年开业的老店特别赞，下次来广州还会选择花园酒店。,花园双床房,双床房
1607,关于整体满意度和前台服务的评论,1635,环境很棒，很喜欢，kamille服务很棒!下次还会过来。,红棉大床套房,套房
1608,关于交通便利性和前台服务的评论,1636,挺好的一次入住体验，酒店位于市中心，离地铁站很近，叫车也很方便，前台的Betty人很nice，给升级了房间，使得这次入住更加愉快。,红棉大床套房,套房
1609,关于整体满意度和餐饮设施的评论,1637,作为一家很有历史的酒店，各项设施还是很不错的。后花园很漂亮，很多网红拍照。酒店早餐也不错。服务很好，给小姐姐krysty点赞。,花园大床房,大床房
1610,关于交通便利性和整体满意度的评论,1638,"酒店交通方便，环境也很棒，服务也好,nice.",花园大床房,大床房
1611,关于前台服务和房间设施的评论,1639,"第二天还是选择住在花园酒店，因为赶时间就直接把房卡给到迎宾小姐姐续房了！真的满分服务，回来直接到前台拿上饭卡又可以回房间里了，服务还是一如既往的好！
设施：虽然稍微旧了一点，但是品质质感都是满满的赞！床品也还挺舒适的，酒店的水压是我住过这么多酒店以来水压最大的一个，出热水很快且水量很大，洗澡还是很爽的！
晚上去花园逛了逛，小桥流水体现的淋漓尽致，不愧是大师手笔，有瀑布有锦鲤！酒店的酒吧应该也还不错，下次可以去试试",花园大床房,大床房
1612,关于餐饮设施和前台服务的评论,1640,非常好，家人也觉得很棒，行政酒廊的工作人员都很热情，专业，印度籍的Carrie 中文说的很好，跟小孩互动。,花园双床房,双床房
1613,关于前台服务和整体满意度的评论,1641,这二十年来 一直选择花园酒店 地理位置优越 这次依然选择酒店 首先感谢billy 非常有礼貌 很耐心的男士 让我们一开始就以非常愉快的心情入住酒店 其次感谢酒店各部门的工作人员 我有一件衣服落在酒店 酒店联系我 并寄回给我 非常感谢 花园酒店是我去广州不变的选择 感谢??,花园双床房,双床房
1614,关于整体满意度和前台服务的评论,1642,服务态度很好，环境不错，总体感觉98分,红棉大床套房,套房
1615,关于整体满意度和前台服务的评论,1643,每次去广州出差都选这里！很喜欢！服务也很周到，推荐,花园双床房,双床房
1616,关于整体满意度和交通便利性的评论,1644,位置不错，环境比较满意,花园双床房,双床房
1617,关于房间设施和公共设施的评论,1645,大堂装修风格古色古香，房间是重新装修的，后花园不错。,红棉大床套房,套房
1618,关于前台服务和整体满意度的评论,1646,环境服务超棒，前台小姐姐Viria超级Nice，大赞～,花园大床房,大床房
1619,关于整体满意度和公共设施的评论,1647,我们这次入住五晚，对花园酒店的环境服务设施非常满意。 美丽的后花园，优雅的桃园馆和田园浪漫的荔湾亭，丰富多彩的博物馆，房间内的设置也是很贴心。酒店一流的服务人员素质高，很赞。感谢酒店人员的热情接待。,花园双床房,双床房
1620,关于房间设施和卫生状况的评论,1648,花园酒店有后花园、瀑布很美，大堂气派，门口服务生会主动帮拿行李，酒店历史导览介绍非常好，一楼西式早餐正常。客房设施、家具特别陈旧，有些功能已坏，墙角发霉墙纸发黄，家具破败，完全不像2019年装修，住的无烟楼层二个晚上房间有烟味，跟酒店反映给了一个空气净化器，说对客人在房间内偷偷吸烟酒店也没办法。,城央绿意双床房,双床房
1621,关于房间设施和前台服务的评论,1649,非常不好的一次商务住宿、酒店房间30平米没有窗户一晚要1200元、洗澡站在浴缸里跟厕所共用一个铁门很沉重不方便推来推去。桌子上的插座没电。家具貌似二手市场买来的、前台服务人员衣冠不整头发凌乱、说话也不耐烦。不小心定了个双床房要求更改说大床房要下午五点后才能入住、那就双床房吧要求第二天两点以前退房结果说只能一点钟退房。下次不会再住这个老牌五星级酒店,城央绿意双床房,双床房
1622,关于整体满意度和房间设施的评论,1650,"已经很久没有遇到各个方面都没有雷点的酒店了。入住了粤韵客房（金卡升级的），房间很新很舒服。

服务：从前台到礼宾到客房还有餐厅都体验很好，虽然酒店有高达约850间的客房，但是依旧一切都井然有序，对于定位豪华或者奢华的五星级酒店来说并不是简单的事情。

设施：红棉客房往上就蛮大面积了，很舒服。酒店的几家餐厅轮着吃一吃就很舒服了，满意。

吃完还可以去花园里看看锦鲤。",红棉双床套房,套房
1623,关于整体满意度和客房服务的评论,1651,"还不错，酒店服务很好。下次还会入住，希望保持
服务：很好
环境：周边在装修
卫生：很细致
设施：老旧。房间重新装修了，但是房间比较小呢",花园大床房,大床房
1624,关于交通便利性和周边配套的评论,1652,"酒店位置好，交通方便，吃方便，周边点德都，陶陶居，广州酒家等，都很近。大堂高大尚，有五星级酒店的派头，客房嘛，毕竟是老酒店了！
服务挺好的！
入住时，花园饭店的商会在搞活动。",花园双床房,双床房
1625,关于前台服务和餐饮设施的评论,1653,非常棒的一次体验，入住酒店还送了点心和水果?早餐在酒店的旋转餐厅，小孩子很喜欢??前台的小姐姐（Savanna小圆）服务很专业贴心，虽然国庆期间入住等待时间长，但是等待入住的时间有乐队表演，还给小孩送了小点心和花花，非常棒的一次体验?推荐??,盼酷小黄鸭亲子主题套房,主题房
1626,关于前台服务和卫生状况的评论,1654,"酒店前台接待态度很好??，能满足客人的需求，酒店的后花园非常nice,房间卫生干净整洁，床品也非常舒服，酒店有各种美食，能满足各地客人的需求，口感非常好，这是一次非常棒的入住体验，非常满意????",红棉大床套房,套房
1627,关于前台服务和整体满意度的评论,1655,"房间很nice 前台Billy也很热情 专业 好评 
下次还会再来的 还有很哇塞的瀑布餐厅",红棉大床套房,套房
1628,关于交通便利性和房间设施的评论,1656,"设施：就在地铁边上，交通很方便，停车免费，还可以充电呢。床超级舒服，睡了一个大懒觉。
卫生：完全符合白金五星的要求，安心使用。
服务：必须为前台的Elvis，Mikey点赞，他们的用心服务让我以后都必须选择花园，真让我开心满意。",花园大床房,大床房
1629,关于交通便利性和客房服务的评论,1657,酒店位置很好，门口就是5号线淘金站，3、8、4号都很方便，酒店不愧是老牌五星酒店，各方面都很不错，房间略小，主要洗漱和卫生间空间比较局促。最令我们印象深刻的是客服服务小李，因为前一天大热天去了长隆，喝了很多水，房间里留了好几个矿泉水空瓶，他不但多给我们补了两瓶水，还手写了一张便条给我们，让人感觉太贴心了。,花园双床房,双床房
1630,关于前台服务和交通便利性的评论,1658,服务热情，特别是前台viria的服务让我们有宾至如归的感觉。地理位置好，门口就是地铁口，出行方便。酒店景观美，下次还会选择入住,花园大床房,大床房
1631,关于整体满意度和前台服务的评论,1659,"这次出行前做了好久的选择最后选择了？花园酒店，因为想让妈妈和孩子体验岭南文化，在入住前看到一些不好的评价心里也有点忐忑，可当我们从进入酒店开始就感受到各种温馨。前台看到我带着两个娃给我升级了新翻新的套房，办理入住后还有专人帮忙带上房间，入住了两天酒店的卫生和服务都非常到位，可以用一句成语宾至如归概括，六月份去广州一定会再次预定花园酒店，真心推荐！
设施：新装修的房间，设施齐全，卫生间的防臭做得非常完美！
卫生：干净整洁
环境：舒适
服务：yyds",花园双床房,双床房
1632,关于整体满意度和性价比的评论,1660,老酒店了，值得体验,红棉大床套房,套房
1633,关于公共设施和安静程度的评论,1661,闹市区地铁口，环境非常好隔音很棒，有私家小花园，瀑布水榭亭台楼阁健身房，游泳池，中西餐厅各取所需！同时传播岭南文化，房间布置很有特色,花园大床房,大床房
1634,关于整体满意度和体验的评论,1662,广州人的情怀，老牌五星酒店但依然焕发着粤韵活力,花园大床房,大床房
1635,关于前台服务和整体满意度的评论,1663,kristy服务很好，酒店环境很好,花园大床房,大床房
1636,关于前台服务和房间设施的评论,1664,总体来说，花园酒店的设施和服务都挺好的，床品都很舒服。不过，我们订的时候有送博物馆的票，但是在办入住的时候，前台忘记给我们了，直到check out时候才给，大家自己记得要吧，没有限期，下次再用吧,花园大床房,大床房
1637,关于餐饮设施和整体满意度的评论,1665,"推荐给长隆玩过之后，想留一天的时间给老广州感受岭南文化的朋友。

        酒店在繁华的淘金区，长隆玩过之后打车40分钟左右就到酒店了。因为酒店开业时间早，期望并不高。一进入酒店大堂，我们一家三口就感慨这是此行最满意的酒店了。

         携程白金卡会员订房后可以自动成为岭客汇金卡享受行政酒廊待遇。特别值得体验的是行政酒廊的早餐。推荐户外位置用餐，在瀑布和花园旁享用自助+单点美食，轻松拥有度假的松弛感。不用担心户外位置叫不到服务人员的情况，carrie，Danil, lisa几位工作人员会随时check用餐情况。家有嗦粉爱好者的朋友们，推荐尝试一下米粉+牛腩+云吞的组合，家中乐宝整碗汤全部喝完。",花园双床房,双床房
1638,关于整体满意度和房间设施的评论,1666,酒店设施齐全，房间也很干净整洁，保洁大姐很热情，每次见面都会问有什么需要；前台小姐姐办理入住，讲解很细致；酒店里有自己的花园，风景很好，每天都会带孩子去院子里转转；早餐也特别咱，种类丰富。值得推荐,花园双床房,双床房
1639,关于餐饮设施和整体满意度的评论,1667,集文化，美食，园林景观于一体的酒店。酒店内有博物馆和多家餐厅。日料，味道很不错。早餐，下午茶和欢乐时光都在锦里吧用餐。菜品非常棒，服务也周到。特别是锦里吧的印度籍女生Carre更是贴心。非常棒的体验。,花园双床房,双床房
1640,关于交通便利性和前台服务的评论,1668,"非常有历史文化感的一个老牌国宾馆似的酒店。首先地理位置真的对于刚来广州的朋友很友好，出门就是地铁淘金站，周围吃饭 打车 都很方便。
老牌酒店的管理和服务接待都做的很好，一进门就有礼宾司的先生帮我们推行李，排队中也有接待人员引导，跟办理入住时候的小姐姐更是亲切惬意的对话，如沐春风。
房间帮我们升级到套房，虽然有些古旧，毕竟老酒店了，但是总的来说性价比超级高了。没有过分超出付出的要求来讲我觉得下次来广州我还会入住。
大堂富丽堂皇中有浓浓岭南风情，主要米其林餐厅好几个都在此酒店，早早预定的我们简直每天下楼就是幸福的感觉～",花园大床房,大床房
1641,关于整体满意度和前台服务的评论,1669,"入住广州花园酒店，整体体验非常不错。
酒店的环境优雅，房间宽敞明亮，地理位置位于广州的老中心，环市路核心地段，新装修后的红棉套房现代而不失温馨。房间内的设施齐全，床铺舒适，完全能让人在一天的奔波后能拥有一个安静、舒适的休息空间。
酒店的餐饮选择也很丰富，早餐种类多样，满足了不同客人的口味需求。总的来说，装修后的广州花园酒店绝对是一家值得信赖的酒店，无论是商务出行还是休闲旅游，都能让客人享受到高品质的服务和舒适的住宿环境。特别感谢前台的Betty，工作效率高，态度和蔼可亲，脸上总是洋溢着温暖的笑容。即使在忙碌的时候，她也能迅速办理入住和退房手续，让客人感受到酒店的专业服务。",花园大床房,大床房
1642,关于景观/朝向和餐饮设施的评论,1670,第一次去广州玩选到这个酒店真的很不错，酒店的风景很美池塘里有很多鲤鱼很好看，还有一个很有特色的瀑布餐厅，早上起来看着瀑布吃着早餐很不错，而且交通也很方便去哪都很近，酒店拍照也很美，房间也住的很舒服，住的那个房间可以看见瀑布和一半的广州塔非常好,红棉大床套房,套房
1643,关于前台服务和房间设施的评论,1671,每次来广州都想住这家酒店，这次终于订到房间了，过年的原因，办理入住的宾客很多，酒店的服务很细心，还给等待的宾客送了饮料鲜花，整个大堂布置很有年味，后面的花园环境很优美，闹中取静。房间给人感觉有点压抑，走廊和房间的内空都比较矮，入住时安排的房间在五楼，窗户不能打开，而且外面就是平台，窗外没什么景观，而且沙发上还残留长头发，给人第一感觉不是很好，协调前台马上给换了六楼的一间，稍好一点，面盆的龙头是松的，晃晃悠悠，维修部及时修复，洗澡的细节不是很好，每次淋浴都要跨进浴缸，老年人可千万要当心不要摔倒。值得肯定的是酒店服务很到位很热情很专业！,城央绿意双床房,双床房
1644,关于卫生状况和整体满意度的评论,1672,酒店卫生干净整洁，环境优雅！舒适！地理位置很好，设施齐全！,花园大床房,大床房
1645,关于交通便利性和周边配套的评论,1673,宝藏酒店！入住升级了房型 房间非常大！瀑布餐厅的环境非常好，还有免费的博物馆可以逛！周围也有很多商场 店铺 地铁就在旁边 非常方便,花园大床房,大床房
1646,关于前台服务和房间设施的评论,1674,"反正就是很不值
设施大概80年代的
到处有霉点，有物资
客服不积极
前台接待服务很差
明明提前联系好，确认好房型
结果还是弄错了房型，和订的不一样！
前台说没房间了，不能给我订的，what？这是我的错么？？？
门厅很好看，大气
房间就呵呵了",城央绿意大床房,大床房
1647,关于整体满意度和前台服务的评论,1675,总体而言，我的广州花园酒店之行是一次非常满意的体验。酒店的优雅环境、舒适的客房、美味的餐饮以及前台Nicky等员工的优质服务，都让我的住宿体验变得难忘。我强烈推荐广州花园酒店给那些寻求高品质服务和舒适住宿的旅客。,花园大床房,大床房
1648,关于房间设施和交通便利性的评论,1676,酒店的位置非常优越，门口就有地铁，出行便利，酒店的餐厅环境优美，用餐时使人心情愉悦，服务人员也很负责到位。酒店房间设施一般，洗澡只能站在浴缸里，没有喷淋的独立空间，对于老人和儿童很不友好！没有数据线插孔，这个就很不方便，不足之处希望加以改变！,花园双床房,双床房
1649,关于前台服务和整体满意度的评论,1677,前台服务态度好，热情，g开头英文名字服务人员，很快帮我们办理了入住，还免费升级房间，赞！酒店环境不错，推荐来广州首选入住。,花园大床房,大床房
1650,关于整体满意度和前台服务的评论,1678,酒店服务很好，下车就有人帮拿行李，大堂大气，办理入住井然有序，我非周末节假日去的正好人不算多，亲子房很大，很干净小朋友超级开心，酒店真的有个花园，好多花花草草锦鲤，18米瀑布也是亮点,大嘴猴亲子主题大床房,主题房
1651,关于整体满意度和前台服务的评论,1679,房间比较满意，对前台工作人员B?tIIy也很满意，很感谢工作人员很热情,红棉大床套房,套房
1652,关于整体满意度和前台服务的评论,1680,酒店非常的不错，景色很美，设备很齐全！入住的时候看到有小孩，免费给酒店做了升级！前台Becity Charies态度非常的好！非常不错的体验。,花园大床房,大床房
1653,关于整体满意度和前台服务的评论,1681,"总体体验非常棒的酒店，能感受到丰富的文化底蕴。前台的rivia小姐姐态度友善，脸上永远挂着笑容，耐心的讲解酒店入住的注意事项，还贴心的建议我们尽快去酒廊体验下午茶，替我们担心时间来不及。

酒店处处都是景，负责讲解25个打卡点的老师非常认真细致，让人觉得住在花园酒店根本不需要出门，酒店内的景点就足够你细细品味，博物馆也超出预期，有清晰的参观线索、丰富的藏品和精彩的说不完的背后故事。

两天一晚接近24小时的时间过得很快，我们基本打卡了酒店里所有的景点、餐厅、博物馆、健身房、泳池，这是一座近现代文化交融的酒店，你既能从很多细节中找寻到中国酒店业发展的记忆，也能不经意间感受到酒店努力拥抱现代化、不断创新紧跟时代的步伐，既能体会到成熟完善的硬件设施带给你的处处方便，也能享受到热情体贴的酒店工作人员展现出的人文关怀。这是一座你入住其他诸如万豪、希尔顿、洲际、凯悦等豪华酒店所无法体会到的独特感受，一份只属于广州花园酒店的特别记忆。",红棉大床套房,套房
1654,关于前台服务和整体满意度的评论,1682,非常漂亮，感谢Tony给我们做了升房，非常满意的一次旅程,花园双床房,双床房
1655,关于前台服务和公共设施的评论,1683,一进酒店大堂就被震惊了，礼宾部的小哥哥都好热情，服务非常好。酒店的花园超级漂亮，小朋友每天都要去打卡～,花园大床房,大床房
1656,关于景观/朝向和交通便利性的评论,1684,"让人印象深刻的一次行程。
本来趁着疫情放开，客流不大来广州。
预订了一个套房，三个人，前台的小姐姐还帮我卖做了升级，送了鲜花和宝格丽的礼物。
房间视野开阔，面对着白云山，楼下就是地铁站。
酒店的布局很有特色，院子中有个瀑布，营造了自然的氛围。
庭院小桥流水，曲径通幽，令人心旷神怡。",红棉双床套房,套房
1657,关于前台服务和整体满意度的评论,1685,"第一次来广州，选择入住的花园酒店，酒店非常漂亮，因为是金卡会员，还给升级了房间，房间很漂亮，又大，晚上去了行政酒廊，体验感非常棒，Zoey,和NIKKI，对客服务热情周到细心，服务非常好，让我以及我的朋友很满意，她们二位的服务让我留下深刻印象。下次来一定还要住你们酒店。

3",花园双床房,双床房
1658,关于房间设施和卫生状况的评论,1686,广州花园酒店的阳台玻璃应该擦擦了 房内射灯一闪一闪的 上洗手间就不能洗澡 洗澡就不能上洗手间（就一组推拉门）同样是免费的矿泉水看看万豪 洗澡间顶都掉皮了 早餐葱白还带着根 中国白金五星酒店 就只能看外表了,花园双床房,双床房
1659,关于前台服务和餐饮设施的评论,1687,酒店虽老一些，但是服务意识特别的好，前台办理入住的小姐姐很有耐心，也帮我们留了高楼层的房间。还送了花和小饼干。早餐特别丰富，整体还是很好的。,红棉大床套房,套房
1660,关于退房/入住效率和房间设施的评论,1688,"这个酒店入住给我们留下了非常不好的印象
不明白为什么会这样
希望管理层重视起来
1，checkin效率低，办理入住30分钟，大厅排队很长
2，2点入住，结果三点半，到酒店告诉我房间没有打扫好，只能先给一间，我们安排老人带孩子先休息，两个人疲惫的在附近转悠了一个半小时（五点）房间还没有打扫好，在我们的争取下给我们安排了顶层，结果房间在消防通道旁边，床很小，设施成旧，没有淋浴间，只有一个老式浴缸，很无语……
3，针对这些问题，酒店没有任何态度，只能说让我们等
携程客服积极的给我们处理了，但是还是有点失望??

客观的说，酒店位置挺好，旁边就是地铁，停车场也挺方便，酒店的花园应该是两点",花园双床房,双床房
1661,关于房间设施和安静程度的评论,1689,"第一晚订住的大床房有两个问题
1、下水道反味 比公共厕所还臭。第二天下午五点换房得以解决。
2、隔音差 隔壁房间孩子的嬉闹声一清二楚。
还好第二天换房得以解决，不然将是一次糟糕的旅程。
酒店亮点：
1、环境优美
2、周围较多老字号餐厅",花园大床房,大床房
1662,关于交通便利性和性价比的评论,1690,"优点：服务非常好，不愧为广州老牌五星级的酒店。地理位置绝佳，门口就有地铁（5号线淘金站），对面就是广州酒家和白云宾馆，附近步行可到陶陶居，五号线坐五站珠江新城出来就是花城大道，看广州塔夜景的极佳位置。
不足：设施老化，毕竟上世纪八十年代的酒店，不过维护的还可以，也算卫生；早餐品种和质量感觉对不起这个价格和五星级酒店的身份，早餐质量感觉也就国内中档酒店比如亚朵的水平，而且空间很小，八点半后去基本需要排队等座。

整体感觉还是蛮好的，在广州五星酒店里价格相对亲民，应该还会再次选择花园酒店。

祝生意兴隆。",花园大床房,大床房
1663,关于交通便利性和前台服务的评论,1691,"预订了基础的房型，体验入住感一般。酒店地理位置很好，出行交通方便，门口就有地铁站，但对开车客人来说非常不方便，地面停车场每次进出都要去大堂输入车牌号，没人告知过，为此来回跑过两次，而且大堂输入车牌信息的位置经常没人等待很久。
另外这次和家人入住是两晚，第二晚时候突然想在酒店用早餐办理付费过后前台送了几包欢迎小饼干，这欢迎小饼干难道不该在我办理入住的时候送吗？？付完早餐钱想起来自己是岭客汇金卡，但是办理入住的时候并没有升级房型、早餐等服务，经过协商，付的早餐钱退给了我，会员的两次单早并成一次双早。不知道这会员权益是该自己讨还是前台关注的，体验感不是很好。
不过酒店的花园还有博物馆有时间还是推荐逛一逛的",花园大床房,大床房
1664,关于前台服务和周边配套的评论,1692,房间高度很日式有点压抑，服务很好KRISTT小姐姐主动帮助退房，旁边有很多好吃酒家，下次还会入住。,花园双床房,双床房
1665,关于房间设施和整体满意度的评论,1693,第一次住花园酒店，升级了行政套房．房间很大有书房健身房．洗手间也有二间，太棒了，看夜景也很宽阔，卫生干净，服务周到！花园里的风景好看，还有瀑布,花园双床房,双床房
1666,关于前台服务和餐饮设施的评论,1694,"设施：大气的厅堂，快速的电梯，整体硬件不错。房间比较温馨，略小，尤其是卫生间和淋浴间太小了点。
卫生：不错，尤其是9楼打扫的人员总是反复确认要帮忙打扫，假期人多还能这样很赞！
服务：有好有坏，办理入住等待的人很多，有贴心的发小发夹和汽水，缓解等待的着急情绪。办理入住的Ken服务很好，因为是中秋还送了月饼。
不好的地方，下车没有人帮取行李，因为独自带孩子有两个箱子，招呼了门童才不情愿的拿了一下；瀑布餐厅煎蛋的大叔态度不友好，说话阴阳怪气！
早餐：看评论这个酒店是餐饮著称，但遗憾的是早餐很普通，分别在一楼和30楼吃了，没有什么特色，可选的也是有限，8点以后就要排队。早餐最大的亮点是到12点，可以不必太匆忙！
环境：非常好，毕竟叫花园酒店！",城央绿意大床房,大床房
1667,关于前台服务和性价比的评论,1695,一如继往的优秀，主要服务一流，工作人员礼貌客气。地段好性价比高。外国客人很多，酒店代收了很多快递帮忙整理。,花园大床房,大床房
1668,关于整体满意度和客房服务的评论,1696,"花园酒店声名在外，最早的合资五星级酒店，作为广州人的我，竟然到了2023年春节，才有机会感受她的风采!疫情过后复常神速，从上海回来特地选了她，结果上海话一路不绝于耳，不说地点还以为自己没有离开上海!
Doorman: 有分寸感的礼貌，很好。
Lobby: 很久没有看见这样热闹的节日氛围，喜欢。
Check in: 春节期间超长等待房间已是常态，没办法。
红棉大床房: 房间老旧面积颇大，听说装修排期中。
服务: 我的 Housekeeping 是整个行程的精华，超棒。
饮食: 荔湾亭失望/自助餐无感/酒吧这个烤蔬菜一流。
总结: I will be back! Thank you!",红棉大床套房,套房
1669,关于交通便利性和整体满意度的评论,1697,酒店交通出行方便，客房舒适，配套设施齐全，风景优美，中西美食俱全。特别是Carol 小姐很专业，善解人意，喜欢住这里，还会再来。,花园双床房,双床房
1670,关于退房/入住效率和客房服务的评论,1698,每次和儿子去动物园都住这里，这次入住太差了，开房门后房间里面还有客户搞的自己马上退出来了，换另外一个房间又等半小时而且房间空气清新剂味道太重，五星级就这待遇，如果不是近动物园真心不选择。,粤韵大床套房,套房
1671,关于房间设施和前台服务的评论,1699,在携程花1474元定了该酒店27日入住的64平米的粤韵1.3米双床套房，在前台登记入住时说房间没打扫出来，可以免费升级成行政套房，结果该套房又旧又破，沙发又脏又破，马桶老旧，灯好几盏不亮，这种也好意思叫升级房型？这种欺骗消费者的行为，不讲信誉的行为，发生老牌的五星级酒店，真是让心寒。再三协调要求换回原定房型，先是说没有了，晚上七点半再找到经理说，有房岀来，但打扫需要二个半小时，一直到了晚上十一点，孩子已经睡了，只有放弃换房。该酒店这种忽悠消费者，借节假日客房销售旺季，卖老旧客房的行为，让人就像吃了个苍蝇一样恶心。,粤韵双床套房,套房
1672,关于整体满意度和餐饮设施的评论,1700,"超级满意的家庭出行选择。选择花园酒店式最正确的啦，粉色仙女小姐姐也温柔又漂亮，semmy小姐姐也超级贴心。
卫生：没得说
环境：赞赞赞
春节出行确实人多，早上早餐瀑布酒店人满了，安排我们去荔湾亭吃早餐，更满意的选择啦，中式自助早餐，更熨帖我们的胃。小朋友也很满意。下次还会继续选择这里，哈哈",花园双床房,双床房
1673,关于性价比和客房服务的评论,1701,春季来广州，各大五星级酒店价格都让人望而却步，叹为观止，只有花园酒店价格还算亲民??因为分别定的2天，所以房型不一样，客房中心主动帮忙协调???早餐很多人也尽量满足了我打卡的需求??好评??唯一遗憾就是没打卡到米其林餐厅已经约满??,城央绿意大床房,大床房
1674,关于整体满意度和客房服务的评论,1702,"春节期间服务有点跟不上，但是态度都还挺好的，一开始定的房间来不及打扫给安排了公寓房，设施可以说非常老旧，难得的是打扫得很干净没有异味，维护的也不错，后面安排到了我自己定的房间还送了三天的早餐，就很好解决了问题。
广州有很多新的高级酒店，但是广州花园酒店的氛围和底蕴是新的酒店无法比拟的，老市区的大花园的即视感，下午茶也很不错",红棉大床套房,套房
1675,关于前台服务和退房/入住效率的评论,1703,性价比很高的一家酒店，客房和礼宾服务不错。一进门就能闻到香香的味道。不过，前台感觉有点搞不清楚订单情况，我分开预定了2个订单，一个1晚，一个3晚，入住前一天酒店电话我确认了一共2间4晚，办理入住的时候前台说1晚，然后我提醒她有两个订单，才发现是4晚，搞了15分钟吧，当时12点多房间还没打扫出来，我们先外出了，下午2点电话我说可以来拿房卡了，等我4点回来拿房卡，换了个前台，大概又搞不清楚了？又等了5分钟，怎么拿个房卡那么难。。。等第二天游玩回来，进不了房门了，刷不了卡，我猜测真的只做了1晚，但是从头到尾说的都是4晚。吃力。。除此以外其他都挺好的。喜欢酒店内的后花园！,花园大床房,大床房
1676,关于整体满意度和餐饮设施的评论,1704,酒店超出预期，真的有大花园，自助早餐晚餐都超级棒，亲子套餐下午还送了点心，小朋友也非常喜欢房间的布置，整体非常用心，总之下次来广州玩还会选择再次入住！唯一的缺点就是入住率太满，人比较多，春节期间明显人手不够～,羊羊得意主题大床房,主题房
1677,关于房间设施和交通便利性的评论,1705,作为有名的老牌酒店，酒店地理位置非常便捷，建筑和景观设计没的说，非常美。只是设施稍显陈旧一点点，虽然看得出是精心设计使用挺便捷，但其实房间小可以不设置浴缸，活动空间会更大。,花园大床房,大床房
1678,关于前台服务和退房/入住效率的评论,1706,本人在当天下午13时左右到前台拿房，下面这个服务员帮我办理，他说，由于节日房间没打扫卫生，叫我在下午15时到前台找他拿房卡，;我问他说，你来时来到找我就可以了。本人在下午15时到他处，找他拿房卡，他竟然叫我去排队等候，我没排队，叫他找个同事帮我处理，他根本不理我，后来我找到另外一名服务员，拿房不到的原因，是房间没打扫卫生，这样就是酒店的不对了。这就是我们国家的五星级酒店？服务员大冷漠，服务有提升的空间，特别是下面这名服务员。希望携程能了解一下，谢谢。,城央绿意大床房,大床房
1679,关于前台服务和房间设施的评论,1707,"年初三带父母来住，年前预订的时候选择了红棉大床房，订前和酒店电话确认过是可以加床的，也在订单的备注里明确要求了。红棉大床有2米宽，我睡加床，父母睡大床，这样父母可以睡的比较舒服。结果在入住前一晚电话告知我有可能无法加床，能否接受换房，我说尽量加床，实在不行换房也是可以的。
到了办理入住的时候前台告诉我床已经不够了，前台给我的选项是1.加钱换粤韵的双床房，现在入住 2.等到四点再入住，到时候电话告知是否有床。如果到时候还是没床就只能三个人住大床房??
粤韵的双床只有1.3米宽，两个成人睡很不舒服。我问前台能不能先保留这间双床房，等到四点能加床就在原房型加床，不能就换到粤韵双床。结果前台告诉我房间是一定不会保留到四点的，到四点也不一定有床可加??
我还能说什么？只能赶紧定下这间双床房。1.3的双床睡两个成人是很不舒服的，晚上父母也并没有睡好。酒店承诺可以加床却无法兑现，也完全没为顾客提供任何解决措施，前台全程冷漠脸，毫无歉意，这就是岭南集团的服务水平？",红棉大床套房,套房
1680,关于前台服务和退房/入住效率的评论,1708,临时决定到的广州，提前在网上订了住宿，看到推荐，对花园酒店很感兴趣，定了一间红棉大床房。住宿的前一天就接到酒店电话，询问第二天到店时间，以及同行是否有老人孩子。住宿当天下午一点到的，可能春节期间人多，办理住宿真的很耗费时间，前台的小姐姐们都跟有耐心，就是腾房间的速度真的是有待改进。满分送给酒店里所有服务人员，很贴心，很有耐心。酒店房间可以看到后花园，忘了拍照了。早晨睡了懒觉，在荔湾亭用了自助餐，很不错。下次有机会来广州还会选择住这里。对了，离地铁口也很近，很方便。,红棉大床套房,套房
1681,关于整体满意度和卫生状况的评论,1709,服务满意，房间干净，后花园漂亮??,花园大床房,大床房
1682,关于前台服务和餐饮设施的评论,1710,"环境很好。 
 瀑布餐厅自助很美味。尤其牛肉粉很正宗。唯一不足是大堂找点热水让孩子喝，就不给。明明有热水器图七。主要是排队办理入住时间太长，所以想讨杯热水，大堂吧的服务员直接冷脸说没有。2099元的消费瞬间觉得不值了。",大嘴猴亲子主题大床房,主题房
1683,关于前台服务和房间设施的评论,1711,2016年第一次带孩子入住留下了非常好的印象，所以2023年带家人来广州依然选择这里。虽然酒店设备老旧了一些，但位置、设施、环境卫生等还是不错的。住了六天唯一非常不开心的是房间的安排！带着老人孩子希望两间房间能稍微近一些，被告知过年人太多只能一个安排在18楼，一个安排在5楼，我仔细看订单我定的应该是18到21楼！而且5楼明显和18楼的房间不一样！可气的是办理的前台小哥是不是觉得北方人好糊弄，给我们的房号1847和524，恨不得把不好的房号和房间都安排给我们，因为比较晚了而且带着老人孩子，大过年的也就没有在争论。不会再去了！,花园大床房,大床房
1684,关于交通便利性和周边配套的评论,1712,交通很便利，酒店旁边吃喝玩乐都齐全。春节带家人入住的，大堂里很热闹，浓郁的岭南风情。逛了一圈，是名副其实的花园酒店，房间很大也整洁。特别夸一夸酒店的服务??，因为临走前想吃一回荔湾亭，经理特意帮我们排号，这一趟旅程非常完美。,红棉大床套房,套房
1685,关于前台服务和客房服务的评论,1713,金卡会员，办入住的时候说高一级别的房型没房不能升级了，然后我问那加钱可不可以，说可以，然后我就说那既然加钱可以升那说明有空房，有空房为什么不能升房？于是说去确认，回来就说满房了，只剩套房，需要补差价1000多。会员赠送早餐只赠送一份，我说那既然升房没有享受早餐不可以多送一份吗？回答不可以，OK，反正后来也没去过行政酒廊了。房间内只放了两瓶水，第一晚打电话让送水和冰块等了很久都没送，再次打电话之后直到睡觉都没有送来，前后等了差不多有一两个小时……第二天打扫卫生非常敷衍，衣物就这样没有叠好直接塞在枕头中间……孩子小尿尿不小心尿到地上，我们自己简单擦了下，但保洁打扫的时候也没有清理干净，总是能闻到味儿??,花园大床房,大床房
1686,关于交通便利性和前台服务的评论,1714,选了好久，最终还是选择了花园酒店，出门右边就是地铁，去哪里都很方便！从进门门童开始，可以感觉到工作人员很热情，进大厅就看见漂亮的装饰树，虽然人多，服务人员很好，总体给人很温馨的感觉，下次有机会去广州还是会选择他们！白金五星级酒店确实是实至名归！,城央绿意大床房,大床房
1687,关于交通便利性和周边配套的评论,1715,酒店大堂很大气，服务不错。生意较好前台四个接待火力全开也是要排一会队办入住的，地理位置很不错，5号线淘金地铁站上来就是，对过广州酒家，侧面点都德,红棉大床套房,套房
1688,关于前台服务和整体满意度的评论,1716,一个改革开放第一批的五星级酒店，历经40年，能保持这样的状况实在难得，各项硬件还是很不错，继续加油！软件方面也很好，这次前台的吴灵伶小姐，漂亮又可爱，关键是服务态度超好，热心主动帮助客人解决问题，工作效率很高，非常熟悉各项流程，让客人感觉很舒服。本人从事服务行业的管理工作数十年，像灵伶这样的员工实在是难得，是企业宝贵的资产。,花园大床房,大床房
1689,关于房间设施和前台服务的评论,1717,"春节广州到处爆满，选择了花园，虽然做好了老酒店的面积是硬伤的准备，但是这家是1.3的床，对带孩子的相对友好，订的是绿意双床。给后面订房的提个醒，1、这个房型的的淋浴必须跨进一个正方形的小浴缸，台阶很高，对小朋友和老人非常不友好。也不安全，不是常规的走入淋浴！！！2.房间不算很旧，但是墙上的插座很多都不好用，床头的那个时钟我住了3天一直7点08！
3.前台的接待办入住也非常的慢！而且没有服务意识和亲和力，一个劲强调需要给他空间！空间！说他墨迹他说嗯，我们是小地方确实慢！广州的是小地方？这是粉刺内含谁呢？
3酒店的瀑布餐厅早餐也不好吃。
4.一楼大堂没有休息区。每次进出酒店大堂都乱哄哄的！
5.周边有广州酒家，利苑，还有其他餐饮选项，如果不赶时间真的不要吃酒店那早餐。。。
6、周边在修地铁去利苑宜安广场需要绕小道步行不远5分钟即可。",城央绿意双床房,双床房
1690,关于整体满意度和周边配套的评论,1718,来广州很多次了，第一次入住花园酒店却是因一座有博物馆的酒店，整体感觉非常好。地理位置好，大堂富丽堂皇，干净卫生，早餐丰盛。当然最值得一提是博物馆啦！附照如下！！！,红棉大床套房,套房
1691,关于前台服务和客房服务的评论,1719,天呐花园酒店可以说是我住过服务最好的酒店！国内外也住过很多五星，而且都是国际连锁酒店，但没遇到过比花园服务更好的！！因为我入住时房间有一点异味，前前后后给我打了三次回访电话，第一天就搬来了两台空气净化器，其实在我出去的几个小时里房间已经完全没味道了，酒店还送了我糖和水果。第二天打电话问我是否处理好，还说要送我一个礼物（礼物超级喜欢！谢谢！简直就是猜到我想要什么了），客房服务接电话态度、酒店大堂等工作人员态度都超级好。名副其实宾至如归，以后来广州还住这里！而且位置超级好是我喜欢的老城区，很有老广味道楼下还有很多很多美食。一定会推荐给朋友的,花园大床房,大床房
1692,关于餐饮设施和整体满意度的评论,1720,"广州行最后一天（也是除夕这天）入住广州花园
酒店整体新年氛围拉满 各种新春活动

提前两天就有来电确认行程和需求
楼上设置的酒店博物馆 很有情怀（反正很戳我啦）

上榜米其林的早茶-桃园馆 也是很赞 原计划初一这天吃的 没吃成 留点遗憾下次再来",城央绿意双床房,双床房
1693,关于整体满意度和周边配套的评论,1721,很庆幸春节期间选择了这家酒店，十足的年味，整个大堂都充满了节日的喜庆，酒店做足了功夫，小朋友们都特别喜欢在大堂里玩，大年初一的早上还在酒店门口和大堂里看到了正宗的舞龙舞狮表演，酒店内部还有一个花园，瀑布，周边吃饭也很便利，点都德和广州酒家步行可达，门口就有地铁，出行也很方便。老牌酒店，精于管理，是不可多得的好选择。,城央绿意双床房,双床房
1694,关于前台服务和餐饮设施的评论,1722,元宵节前特意坐高铁从深圳来到广州入住花园酒店。去年10月中旬入住时对酒店的行政酒廊体验很好，所以这次特意选择了可享用行政酒廊的大床房3晚。入住办理、出入开门、行李存放等服务都很到位。大床房内饰、床寝用品、卫生洗浴等设施都令人舒适应手。不巧的是浴室的下水道不很通畅。中午洗澡后流水满地，尽管浴房玻璃门外有地垫，但水还是流到了卫生间和门廊。我们午休1个多小时后积水仍在。如果只住一晚将就一下算了，可是要连住3晚，万一滑倒了周围不是玻璃就是浴缸，地面又是大理石，都不是一件小事，可谓有严重的安全隐患。于是把地面两处的积水拍照后去大堂前台商量能否换一间房。令我想不到的是大堂经理YANNIS范认真耐心听取了我的诉求，留存了我出示的两处积水的照片，很快同意并落实了换房。我们被免费换到了楼层更高，设施更优，面积更大的红棉大床套房。真的被YANNIS范经理的至真至诚的处理结果暖心和感动到了。在此，为她的处理偶发事件的能力、水平和智慧点赞！也为她的果断、魄力和大气格局点赞！再次感谢YANNIS范经理！酒店行政酒廊的早餐、下午茶、欢乐时光的出品、环境、服务一如既往的好。特别点赞早餐。自助+点单、即点即做的模式与上海的J酒店上海中心的早餐模式一样一样，真的令我惊喜和满意。中西式早餐出品比瀑布餐厅的全自助早餐精致优质很多。说实话，行政酒廊的早餐优于自助早餐在酒店行业很少见。我们3天的早餐后面两天都选择了行政酒廊。印度藉服务员CARRIE中文讲得好，服务很主动很勤快很热情很nice。元宵节那天酒店早餐没有汤圆，行政酒廊的欢乐时光也没汤圆，我在向CARRIE询问时随口说了一句：特意来花园酒店过元宵节，没想到在酒店吃汤圆反而成了一种奢望。不一会CARRIE送上来两盅红豆沙芝麻汤圆，真的令我们很惊喜。CARRIE说她和同事把我们的询问和需求反馈到了酒店中餐厅，那里特意为我们做了这两碗汤圆。我和先生听了都非常非常感动。在此，特别感谢中餐厅的后厨师傅，谢谢！辛苦了！也特别感谢印度藉服务员CARRIE，谢谢你的用心和勤快！你们的优质服务让我们度过了一个很美好又难忘的元宵节。细节决定未来，服务决定高度。服务的灵魂是真诚。花园酒店注重细节服务真诚，非常值得入住体验。强烈推荐！,花园大床房,大床房
1695,关于前台服务和客房服务的评论,1723,春节渡假全家打卡白金五星，连住四晚总体失望，不会再来。房间与快捷酒店同一档次。大堂乱糟糟的有壁画给个四星吧。后花园终于有五星的感觉。春节来也不能要求太高，前厅部与餐饮部很热情。客房部感觉人手不够。礼宾部冷漠，门外的门童直接摆烂，建议调去客房部。对携程铂金没有任何礼遇，春节不差携程这点客流吧。,花园双床房,双床房
1696,关于前台服务和整体满意度的评论,1724,来之前是先预定的白天鹅，抱着电话咨询下的想法联系了花园酒店，没想到一个电话让我退掉了白天鹅入住花园酒店，事后觉得自己非常英明！从电话预定到入住直到离店，所有的过程都非常完美，哪怕是春节期间细节都做得非常好，从进酒店一刻感受就是宾至如归，清理阿姨态度尤其好，没有评论说的不多给水的事情，只会多给你！总之非常完美，下次还要入住,红棉大床套房,套房
1697,关于前台服务和退房/入住效率的评论,1725,愉快的入住＆用餐体验，不愧是白金五星级的花园酒店~前台Joyce和Cecilia服务态度好好哦，给的小羊和冰箱贴可可爱爱，无论是check in还是咨询都是亲切又有耐心?? 路上遇到Patrick，指引很到位??总机Dany还有Lydia声音温柔极了，好好听~最后遇到的粉色小姐姐Rain，快捷退房太太太方便啦~,花园大床房,大床房
1698,关于公共设施和客房服务的评论,1726,"这次出行的惊喜，是花园酒店给的

设施：应该是刚装修不久，整个酒店看起来还很新。能免费停车，酒店的游泳池和健身房的设施也不错

卫生：每天上午打扫很及时。

环境：春节的氛围感简直不能更赞了，大年初一还有舞龙舞狮表演

服务：服务很贴心",花园双床房,双床房
1699,关于前台服务和整体满意度的评论,1727,老牌五星酒店，花园真的很美。服务人员都很热情，办理入住时TONY MAI 很周到，看到带着小孩，会体贴的送上小饼干，孩子很开心。,花园大床房,大床房
1700,关于前台服务和退房/入住效率的评论,1728,服务非常好，不愧是老牌酒店；春节期间入住，大堂每天都有各种吸引小朋友的表演，最爱小丑表演，对小朋友很有爱；房间有点局促，但是该有的设施都一应俱全，客房服务非常温馨，一点点小建议，退房能否给个快速通道，和入住客人一起排队很慢，中间还有插队办理的，这方面管理有待提高。,花园大床房,大床房
1701,关于性价比和交通便利性的评论,1730,带爸妈来广州过年，入住花园酒店。第一眼有被酒店大堂惊艳到，背景墙上的红楼梦人物图金碧辉煌，衬着火树银花相当气派且有氛围。我们订了三间房，个人感觉红棉大床房性价比最高，面积也很合理。小套房设计孩子睡觉不会被打扰，二米床适合三口之家。淋浴浴缸都有。虽然设备有些老旧但总体住的还是很舒适的。酒店就在五号线淘金站出口，对面就是友谊商城，广州酒家（有个地道可以过，不用走天桥）。进出非常方便。酒店的服务也很好，工作人员都很热情。是这次很愉快的住宿体验。建议: 换床单被套，和换浴巾可以分开选择。我不需要每天更换床品，但用过的浴巾需要更换一下，但感觉只能全换，或者全不换。马桶间缺一个可以放手机的架子。,花园双床房,双床房
1702,关于卫生状况和整体满意度的评论,1731,花园酒店是老牌的广州五星级酒店，对它还是充满了期待，但入住后发现浴室毯子上明显的一戳头发没有打扫掉，卫生间的边角还有抽屉里都有散落的头发没有打扫干净，对于细节上的处理还是比较失望。酒店的花园是亮点，服务也没啥问题，在酒店荔湾亭吃了中饭感觉也不错值得一去。这次春节假期，酒店在年初一还搞了醒狮活动，非常棒，让我们体验了岭南文化和广州过年热闹的节日气氛。希望酒店能在细节上更完善，毕竟细节才是真正体现酒店的管理和质量！,花园大床房,大床房
1703,关于前台服务和整体满意度的评论,1732,很意外的收获！特别满意的一次入住，酒店前台的帅哥Billy很客气的帮忙升级了房型，广州历史悠久的大酒店，没有一点陈旧的感觉，干净卫生！这次是晚上入住，一大早就退房了，没来得及体验餐厅的美食和后花园的美景。,花园大床房,大床房
1704,关于交通便利性和周边配套的评论,1733,地段不错，出行方便。后花园环境值得观赏。整个酒店服务算中等。不方便的地方有两个，一是停车每次出场均要和礼宾部说，二是作为南方的星级酒店，客房里长供两瓶350ml矿泉水，是不是有点少了，虽然每次找前台要，都能很快送来，是不是可以综合记录下客人需要，以便精准服务，提升体验。,城央绿意双床房,双床房
1705,关于房间设施和前台服务的评论,1734,"优点：环境好，服务有好有坏吧，整体还不错
缺点：1，设施老化严重，房间内老旧，衣柜换了2房间还是关不严，导致衣柜灯光一直亮很恐怖，总感觉会出来咒怨。2，荔弯亭前台接待，地域歧视，对北方人态度特别差，不仅丑而且说话也不好听，真想骂她。",花园双床房,双床房
1706,关于整体满意度和卫生状况的评论,1735,舒适、卫生、方便,红棉大床套房,套房
1707,关于整体满意度和体验的评论,1737,隔了37年再次入住花园酒店，往事历历在目，感谢花园的花园还在，假山瀑布依旧，看到跑来跑去的孩子们的笑脸，和当年的自己重叠。祝愿酒店历久弥新，带着岁月的庄重和沉淀，永远保持年轻，永远进步。,花园双床房,双床房
1708,关于卫生状况和整体满意度的评论,1738,非常干净，很有岭南文化韵味，可惜时间紧张，有空再来研究，感谢前台KiKi的帮助。,红棉大床套房,套房
1709,关于房间设施和前台服务的评论,1739,老牌五星酒店是不错的，位置也方便，地铁站出门就是，环境也很好，只是前台办理入住比较慢，另外浴缸是坏的，排水阀有问题不能用，孩子每天玩累了想回来泡一泡澡都不行，住了三天都没给解决，有点扫兴了,城央绿意大床房,大床房
1710,关于整体满意度和前台服务的评论,1740,入住花园酒店，真的感觉到老五星的大气高端，金碧辉煌。服务生客气的为您开门问安，感觉宾至如归，很舒服。再去品尝二楼的米其林Stiller，菜品服务都没的说。,花园双床房,双床房
1711,关于前台服务和整体满意度的评论,1741,中秋国庆双节出游，一家三口选择广州花园酒店，连续住了2个晚上，感受超五星服务，感谢前台胡女士给延后退房，入住有送月饼，退房送化妆品！,花园双床房,双床房
1712,关于前台服务和整体满意度的评论,1742,前厅何小姐服务非常好！酒店环境也很不错，非常适合一家出行居住！,红棉大床套房,套房
1713,关于整体满意度和房间设施的评论,1743,"度周末再次选择大羊城 是因为花园酒店
先不说花园酒店是中国唯三的白金五星级饭店 也不说花园酒店是世界知名建筑设计师设计 前国家主席奠基 第二代领导核心题名等这些皇冠 这些光环在我看来 跟大家喜欢的只是奥运冠军 而不是喜欢这个运动本身一样的道理 所以 我不想说
这次我想说一下我对于酒店的个人见解
在传统观念当中 酒店只是我们到另外一个城市需要晚上住宿的地方 随着我的出行越来越多 具有精准定位 独立设计 独具匠心 具有内涵 体验美好的酒店也慢慢成为了我的目的地之一
这些酒店所散发出来的吸引力不仅仅是一种对于酒店或者旅行的情怀 更多的是渗透于生活当中的延绵沉淀 现在已经慢慢成为我的一种生活方式 简单点说 就是吃美食 耍酒店
关于花园酒店建筑本身的一点思考
花园酒店是贝聿铭先森指导的 贝先森是美国宾夕法尼亚大学建筑学毕业 作为华人的贝先森在中国有很高的知名度 我见过贝先森的作品 例如香港????中银大厦 但我还没去过法国巴黎卢浮宫 花园酒店在差不多四十年前就建造完成 今天仍然洋气 理念仍然先进 细节仍然到位 在其作品中体现得淋漓尽致 其实本质就是更早的接触了现代文明",粤韵大床套房,套房
1714,关于整体满意度和前台服务的评论,1744,"很好的一次入住体验 凌晨的时候入住工作人员还是很热情很细心，房间的环境设施都很满意，床对于我来说有点软但是朋友觉得很舒服很满意。
就是地下停车场不大好找绕了两圈进去问了工作人员才知道在哪 然后早上忘记要停车券 想想算了付了50停车费 btw整体五分确实值得",花园大床房,大床房
1715,关于房间设施和餐饮设施的评论,1745,老牌的五星级酒店，设施有些年头了，办入住给免费升级了套房。还免费加了一个床。马桶声音有点大，卫生有带提高。酒店的床垫是很舒服值得入睡的，在携程定的双早，到行政酒廊用早餐说服务员说只有一位，瞬间心情就不太好，最后沟通还是去吃了早餐的，早餐种类较少，味道还可以。水果nice、尤其是蓝莓很好??。不明白酒店内部的各个部门有什么问题没有沟通好。原本还打算周六继续订房住的。现在还在还在纠结中….,花园双床房,双床房
1716,关于前台服务和退房/入住效率的评论,1746,刚入住时候没有强调自己的明确需求、被前台安排了边边房，很是生气??立马下楼联系经理换房??定了双床后台却显示大床，搞了乌龙，只能再换一次，最后由于他们的失误让我耽误了那么久才入住，免费给我升级了大房双床！很是喜欢！舒服！自助餐品种确实不多、但能吃饱，要求不高哈哈哈，里面的花园真的绝了！满满绿植～设计的好赞！,花园双床房,双床房
1717,关于卫生状况和房间设施的评论,1747,评分真的很水，最多就是个快捷酒店的样子，跟五星一点也不沾边，卫生太差，尤其是马桶，层高和低，很压抑，装修老旧，瀑布餐厅的早餐纯属噱头，种类少且难吃，并且也没有什么景观，踩雷,花园大床房,大床房
1718,关于房间设施和餐饮设施的评论,1748,房间不大，设备旧了，但保养很好，服务在线！其酒店的餐厅更是顶流！下次去广州还回去！,花园双床房,双床房
1719,关于前台服务和整体满意度的评论,1749,"前台大堂的员工都给人一种宾至如归的感觉，特别是前台带人办理入住的粉色衣服的几个小姐姐们超有礼貌的。
服务一流的花园酒店，基本上想要什么都可以商量着来。
设施都是新的，酒店装修复古，但住下却有家的感觉，很喜欢。",花园大床房,大床房
1720,关于交通便利性和周边配套的评论,1750,干净卫生，地理位置很好，出门就是地铁，有商场，去哪里都方便，有很多外国人！服务也挺好，有浴缸，酒店比较有广州特色，据说是白金5星，适合商务出差，一楼有很有名的瀑布餐厅,花园大床房,大床房
1721,关于前台服务和整体满意度的评论,1751,酒店装修有特色，前台接待Tony服务态度很好，点赞！,花园大床房,大床房
1722,关于整体满意度和公共设施的评论,1752,"又来花园小住，放开后的花园酒店又恢复了往昔的繁荣，有人气多了，希望新一年越来越好。
小雨中的花园，又是另一翻味道，小桥流水配上毛毛细雨，更像仙境了。酒廊还是一如既往的出色，虽然人多了一点，不过服务还是很好，尤其感谢Yannis和Candy的照顾，下次会再来。",花园大床房,大床房
1723,关于整体满意度和餐饮设施的评论,1753,广州入住最满意的酒店了，套房很舒服?? 还有点心赠送。行政酒廊服务不错，早餐很好吃。本来想吃荔枝湾的，但被告知晚上没座位了，可惜。于是去对面广州酒家，结果踩雷了，不建议大家去。。。,城央绿意双床房,双床房
1724,关于交通便利性和整体满意度的评论,1754,"这次带家人来广州玩几天，主要是逛逛老城区，品品老广美食，最终选择入住花园酒店。
酒店地理位置很好，步行100米就是淘金地铁站，去哪里都非常方便。
酒店虽然开业几十年了，但翻新之后还是很不错，设施齐全，服务非常热情。入住赠送了双人行政礼遇，非常贴心。
这次行程时间紧，酒店的米其林餐厅也没来得及细细品尝，下次来广州我想还是会选择这里。",花园双床房,双床房
1725,关于性价比和整体满意度的评论,1755,老牌酒店，内部设施很老了，满满的年代感，散发着历史的味道，服务还是不错的，房间卫生可以再改进一些。携程白金卡和岭南汇金卡互通，给升了房，送了行政机遇，虽然吃的很一般，但是可以在花园里喝茶吃蛋糕看孩子两不误也挺好的，很超值。,花园双床房,双床房
1726,关于前台服务和整体满意度的评论,1756,"宝藏酒店-广州花园酒店，很久不曾住在广州的内城，楼下的人群摩肩接踵，酒店大堂就像个热闹的集市，绝美的花园，如果喜欢锦鲤几乎可以盯着花园溪水里的锦鲤看上半天时光，包罗世界美味的酒店餐厅，而且一间酒店里最多家米其林餐厅的，可能就是花园酒店里，不同于珠江新城的四季，柏悦，瑰丽，80年代的老酒店，有着独特的味道
特别讲前台接待小胡，知道我们第一次入住特别的介绍了一下酒店，马上就有了好感，特意安排了别具岭南特色的房型，很感谢啦",花园大床房,大床房
1727,关于前台服务和餐饮设施的评论,1757,非常满意的一次旅行住宿！不愧是广州著名的酒店，服务热情周到。入住当天，前台Wendy 十分贴心地为我们升级了行政商务套房。晚上在锦鲤行政酒廊，体验欢乐时光。酒廊就在内花园，安静优雅。酒廊的Katherine 很暖心地送给我又一份欢乐体验，品尝美点。让人难忘的一次五星级的享受??,花园双床房,双床房
1728,关于卫生状况和餐饮设施的评论,1758,酒店很气派，房间卫生一般，服务还行，早餐品种单一，但是果汁都是nfc果汁，酸奶也不错,花园双床房,双床房
1729,关于前台服务和整体满意度的评论,1759,kiki Kristy 服务很好，酒店环境不错，推荐推荐！,羊羊得意主题大床房,主题房
1730,关于整体满意度和体验的评论,1760,很有气质的一个酒店 满意的体验,花园双床房,双床房
1731,关于整体满意度和餐饮设施的评论,1761,不愧为中国三大白金级酒店之一，环境优美，有花园和博物馆可以参观，服务热情贴心，早餐丰盛美味，除了床有些软，住感几乎完美。,城央绿意双床房,双床房
1732,关于前台服务和交通便利性的评论,1762,"必须要给酒店一个大大的好评，尤其是前台一位染了头发的个子高高的男生（抱歉忘记了他的姓名）和当时在的主管。
我当时通过携程订的房间，到达前台的时候因为晕机+晕车非常不舒服。结果携程的预订出了问题，当时前台查不到我的订单。这位男生帮我查了很久，看我不舒服先请我在旁边坐下。后来联系携程，好容易订单重新弄好后居然又把我姓名弄错。折腾了好一阵才弄好住宿。
这位男生从头到尾态度非常好，看我带着行李和娃，还有送水。后来还请示主管帮我把房间升级，也送了小礼物。整个过程前台的男生和主管态度都非常好。其实这本来完全不是酒店的问题，但是酒店的态度实在是很令人满意。
于是后来我取消了原本订好的酒店，续住下去。
酒店本身其实有点老，但是交通的确非常方便。周围美食也很多。
后来走的时候又忘记东西在酒店，酒店也专门发了短信来提醒。
服务足以弥补硬件的问题。
酒店的洗漱台非常有特色，在极其有限的空间里营造出了德罗斯特效应。",花园双床房,双床房
1733,关于交通便利性和前台服务的评论,1763,作为一家改革开放后的酒店，有近四十年的历史了。服务有程序有规范，设施有做了升级，交通也方便，地铁、巴士都在大门口近旁。,花园双床房,双床房
1734,关于公共设施和餐饮设施的评论,1764,"酒店自带博物馆，每个餐厅都很网红。春节期间人非常多，但是办理入住还比较人性化。
  行政酒廊不错，酒店自带瀑布，可以打卡拍照。后花园有许多锦鲤可以喂养。",花园大床房,大床房
1735,关于整体满意度和前台服务的评论,1765,体验很好的一次住宿经历，酒店年味很浓，一进大堂就充满浓浓的年味，让我们大年初一从外地来广州度假的人员感觉像过年，服务员态度很好，酒店一楼瀑布餐厅很有特色，景色好，胃口都好了。,城央绿意双床房,双床房
1736,关于整体满意度和体验的评论,1766,每次到广州习惯入住这里，服务很周到。,花园大床房,大床房
1737,关于周边配套和交通便利性的评论,1767,在广州过春节第一站，前台小哥给升级了房间（低价有偿），大堂里春节气氛浓烈，酒店门前有地铁出行方便，最好的地方就是酒店周边步行10分钟内有点都德和陶陶居，咱到广州不就是为了吃嘛！,城央绿意双床房,双床房
1738,关于整体满意度和性价比的评论,1768,"设施：大厅非常具有老牌五星酒店的霸气感觉。
卫生：中规中矩。
环境：绝对是非假日酒店界的NO1。感觉比一些假日酒店还好。
服务：几个外籍服务员态度还是不错的。
尊享行政礼遇（包含下午茶和欢乐时光）:绝对超值！必须定！必须定！必须定！",花园双床房,双床房
1739,关于前台服务和退房/入住效率的评论,1769,酒店服务到位 感谢tony老师办理入住速度很快 酒店博物馆和岭南花园是亮点,花园大床房,大床房
1740,关于整体满意度和房间设施的评论,1770,从小就听说过花园酒店，这次来广州终于住过了。套间里面设计，装饰和家具还都很新，服务员都主动打招呼，酒店春节期间也装饰的新春喜庆。特别喜欢花园酒店，下次还会来入住。,花园大床房,大床房
1741,关于公共设施和餐饮设施的评论,1771,酒店大堂很奢华超级气派，有红楼梦金箔墙，在瀑布餐厅用自助餐198一位蛮好的??我们的房间套房住着很舒服，出行很便利哦！,红棉大床套房,套房
1742,关于前台服务和客房服务的评论,1772,有休息厅，房间干净整洁，服务员服务专业，办理入住的帅哥，靓妺很耐信，易于沟通，因要续住一天，Betty的处理方法很暖心，非常感谢！以后出差，旅游还会考虑入住！,粤韵双床套房,套房
1743,关于餐饮设施和前台服务的评论,1773,"酒店本身的历史文化很丰富，是全国3家白金五星级酒店之一，有自己的博物馆，还有4家米其林餐厅，可惜只体验了荔湾亭，所有的工作人员都很热情和亲切，交通很便利，去哪里都方便，不足的自助餐没什么吃的。小插曲是瀑布餐厅2次把我们房间包含的自助餐人数弄错，就有点无语，不知道为啥会这样
服务：",粤韵双床套房,套房
1744,关于前台服务和整体满意度的评论,1774,酒店大堂很漂亮，Chloe小姐姐的服务也很好,城央绿意大床房,大床房
1745,关于整体满意度和前台服务的评论,1775,五星酒店的典范，服务非常周到，入住离店非常便捷，虽然是老饭店，但感觉一点都不差，很满意！,花园双床房,双床房
1746,关于整体满意度和性价比的评论,1776,广州5星级宾馆首选，无论环境还是卫生用品餐食服务等均为上佳，性价比超过预期，商务家庭旅游俱可,红棉大床套房,套房
1747,关于整体满意度和体验的评论,1777,以前在后面的写字楼上班。这次回来玩住这里特别有亲切感,红棉大床套房,套房
1748,关于性价比和餐饮设施的评论,1778,环境好，房间也舒适，有个大浴缸，儿子超喜欢，年三十入住的，超有过年气氛，初一还有醒狮表演，性价比高，自助早餐品种丰富，晚餐也不错，但价位有点高，胜在方便。,花园大床房,大床房
1749,关于整体满意度和前台服务的评论,1779,不愧为国家首批五星级酒店，接待服务一流！大堂办理入住的 Gillian非常热情，给我们免费升级到套房。设施齐全，卫生整洁，床品舒适，交通方便，小花园环境优美，特别是米其林美食非常好。下次再来广州还住这里。,红棉双床套房,套房
1750,关于前台服务和卫生状况的评论,1780,经常来广州，入住都是选择花园酒店，大堂大气，布置的也非常精美好看，前台同事办理入住迅速，房间卫生干净，退房接收到大堂经理lavinia的回访，询问入住体验很贴心。,花园双床房,双床房
1751,关于前台服务和整体满意度的评论,1781,非常满意，Zoey很热情,花园双床房,双床房
1752,关于房间设施和前台服务的评论,1782,整体都很满意，酒店环境服务都很棒，每个服务员都笑意盈盈，时刻打招呼和询问需求，特别是前台Viria，得知我带父母来游玩，怕老人家舍不得特别给免了加床费，每天的欢迎甜点也很棒，正值中秋还特别准备了小??，唯一美中不足的是酒店手持花洒水温很不稳定，t忽冷忽烫，不知是不是单一间房的问题，老人家洗完澡第二天就感冒发烧了，影响了部分行程，除此之外都挺好,红棉双床套房,套房
1753,关于公共设施和餐饮设施的评论,1783,"作为80年代建成的第一批酒店，到现在还能吸引网红去打卡，可谓经久不衰。酒店充满岭南特色，园林精致，标志性景点18米双瀑布飞流直下，洞里惊现观音像，博物馆记录了酒店行业发展史，专业布置不输省博。比很多酒店都宽敞的健身房、25米游泳池，自由商务办公区，都非常不错。荔湾亭供应的早餐十分丰富，就是有的点心蒸的时间不够，还可以改善。
6.1儿童节入住，特别感谢前台小姐姐Suki的细心接待，帮考虑了老人小孩的需求，安排了全家都满意的红棉套房。",花园双床房,双床房
1754,关于餐饮设施和整体满意度的评论,1784,广州花园酒店不愧为中国唯三的白金五星级酒店，1985年开业的酒店到最近的装修，后花园贝大师30年前的设计，现在都不过时。广州的米其林餐厅炳胜公馆、江，味道不错。,花园大床房,大床房
1755,关于房间设施和卫生状况的评论,1785,房间特别小 没有淋浴的地方 只能站在浴缸里淋浴 然后就造成了滑倒受伤 挺可怕的 卫生也不好 抽屉里还有用过的浴帽 浴缸里有没清理干净的头发 再也不会住这家酒店了,城央绿意双床房,双床房
1756,关于交通便利性和房间设施的评论,1786,交通方便，去哪很方便，服务很好，房间设施虽有点陈旧但设计很合理，床超级超级舒服大赞！瀑布餐厅人很多感受不好，但二楼荔湾粤式餐厅推荐，环境菜品都很好～下次还来,红棉大床套房,套房
1757,关于卫生状况和周边配套的评论,1787,"卫生减一星是杯子没消毒倒水有奇怪甜味
来广州核心区，周边小吃餐厅餐馆众多
楼下还有广式点心和高级西餐日餐厅
服务中规中矩，酒店内花园非常好赞
就是锦鲤进不去，不然就完美了",花园大床房,大床房
1758,关于房间设施和整体满意度的评论,1788,见过最拥挤的31平米房间 小得放不下两个行李箱 浴室就是一个小浴缸围起来 洗淋浴都要跨进浴缸 老人是没办法用的 本来打算住三天 第二天果断退房换酒店,花园双床房,双床房
1759,关于整体满意度和前台服务的评论,1789,rain 服务很好 酒店环境很棒 下次还会再来,红棉大床套房,套房
1760,关于房间设施和前台服务的评论,1790,64 平的大床房宽敞舒服，基本的服务也在。但花园酒店确实有点老了，前台迎宾接待的小姐姐培训不专业。以价位来说不如后面两天住的四季酒店。楼下的荔湾亭餐厅好评，值得一试！,红棉大床套房,套房
1761,关于公共设施和退房/入住效率的评论,1791,作为广州老字号的星级酒店，真的很不错，有瀑布，有后花园，有酒店博物馆，退房的时候人多，又帮我们走快速通道进行办理，总之一切都很好，这次体验很不错,花园大床房,大床房
1762,关于客房服务和餐饮设施的评论,1792,行政酒廊的服务人员对我们一家人关爱有加，情人节还赠送了鲜花??环境也是超级棒，适合休闲度假??房间搞卫生的小哥也是非常贴心。,花园双床房,双床房
1763,关于整体满意度和前台服务的评论,1793,"多次入住花园酒店，服务好，非常喜欢！粤韵房型近年装修，非常满意，下次还会选择花园酒店！
设施：好
卫生：好
环境：好
服务：好",花园大床房,大床房
1764,关于整体满意度和体验的评论,1794,广州之旅圆满落成，酒店不错 下次可以继续入住,花园大床房,大床房
1765,关于前台服务和整体满意度的评论,1795,每次来广州都住花园酒店，服务很好，特别是KIKI，服务无微不至，很热情周到，博物馆很有意思，酒吧驻唱很nice。,红棉大床套房,套房
1766,关于整体满意度和前台服务的评论,1796,服务非好，酒店环境不错。孩子们玩的很开心,花园双床房,双床房
1767,关于整体满意度和卫生状况的评论,1797,"服务：满意
环境：很好
卫生：很好
设施：可以",花园双床房,双床房
1768,关于整体满意度和前台服务的评论,1799,老酒店一直保养的挺好，服务也很好，前台帅哥给房间做了升级，还送了早茶和下午茶，早上吃过早茶后花园观光一下心情舒畅，以后再来广州一定来住花园酒店，来酒店花园赏鱼，真的舒服,花园大床房,大床房
1769,关于整体满意度和客房服务的评论,1800,花园酒店的客房和员工的服务都非常不错，很满意的一次出行！Mikey很热情，以后还会回来住！,红棉大床套房,套房
1770,关于周边配套和退房/入住效率的评论,1801,位置比较好，服务也可以，周边有很多好吃的，就是酒店时间比较久，房间有点旧人也多，晚上11点了办理入住感觉都还要排队,城央绿意大床房,大床房
1771,关于前台服务和餐饮设施的评论,1802,酒店大堂接待很好 就是排队太长了 二楼中餐厅出品太差了 应该提高 完全不是原来的水平  三楼桃源还可以 出菜速度应该提高,花园大床房,大床房
1772,关于前台服务和周边配套的评论,1803,办理入住的时候Yedda给小朋友送了酒店自制的小点心，还给我们升级了房间，房间干净整洁，周边有名的广式早茶距离都很近，超棒！,花园大床房,大床房
1773,关于前台服务和整体满意度的评论,1804,每次出差必选的酒店，服务特别好，这次早上就到了酒店前台找到有空房直接给提前入住了，特别感谢酒店的人性化服务,花园大床房,大床房
1774,关于整体满意度和餐饮设施的评论,1805,美食加美景，不愧是广州老牌的五星酒店，软件服务比硬件更胜一筹，下回有机会一定再次入住，五星好评!,花园双床房,双床房
1775,关于整体满意度和前台服务的评论,1806,很高兴这次来广州选择了花园酒店～ 很有历史沉淀感的酒店，后花园非常漂亮，名副其实的花园酒店，Billy替我们办理了原房续住省去了我们换房间的麻烦，特别感恩感谢～ 感受到了广州人民的友好与好客，会推荐以后来广州的朋友入住此酒店～,红棉大床套房,套房
1776,关于整体满意度和体验的评论,1807,推荐推荐，还是很好的，赞????，比较适合商旅客人入住的酒店，短暂的体验岭南文化，酒店设计的文化植入点恰到好处,城央绿意双床房,双床房
1777,关于性价比和前台服务的评论,1808,来过几次了，这个价钱有个套房就真的很值，而且前台小姐姐超有礼貌。不过停车不太方便，没有独立化妆台和全身镜，可以改进,红棉大床套房,套房
1778,关于前台服务和餐饮设施的评论,1809,广州老牌五星级酒店，服务态度很好??，入住当天因为是38节，还有??送喔，里面有网红打卡地瀑布餐厅????,城央绿意双床房,双床房
1779,关于房间设施和交通便利性的评论,1810,大堂和公共区域很美，不错，唯独房间略小，卫生间和浴室公用一个移门，也是很尴尬，只适合家庭游。离地铁站很近，交通还算方便,花园双床房,双床房
1780,关于公共设施和体验的评论,1811,很不错，大堂很美,花园双床房,双床房
1781,关于交通便利性和周边配套的评论,1812,酒店很漂亮，环境很好，交通便利，逛街很方便,花园大床房,大床房
1782,关于整体满意度和安静程度的评论,1813,不愧是广州第一家五星级酒店，服务满分，餐食满分，环境也很好，临街也不吵，床品没有异味，没想到在酒店睡的这么踏实，强力推荐，秒杀网红酒店。,花园大床房,大床房
1783,关于卫生状况和整体满意度的评论,1814,"房间干净 很不错 
第二次入住",花园双床房,双床房
1784,关于前台服务和卫生状况的评论,1815,前台服务很贴心，酒店设施很好，卫生干净。,花园大床房,大床房
1785,关于前台服务和客房服务的评论,1816,非常用心的管理，虽然是较老牌的酒店，但是周到的服务和人文关怀还是很到位的,花园大床房,大床房
1786,关于餐饮设施和整体满意度的评论,1817,"老酒店了，即便新装修过，也比较一般。
主要还是2楼的餐厅好。",红棉双床套房,套房
1787,关于前台服务和整体满意度的评论,1818,7年前带家人来访广州住在花园酒店，当时对酒店的优雅环境和良好服务印象深刻。这次在广州游玩还是住在了花园酒店，体验还是和上次一样的好。入住时前台Justin热心地帮我们升级了有瀑布景观的房间，还赠送了早餐。和朋友在荔湾亭餐厅品尝到了地道精致的早茶。,红棉大床套房,套房
1788,关于整体满意度和卫生状况的评论,1819,酒店环境别有风格，卫生管理都非常到位，工作人员热情有礼，酒店美食应有尽有，值得选择的五星酒店??,花园双床房,双床房
1789,关于餐饮设施和公共设施的评论,1820,服务、早餐、环境都很不错！健身设施很齐全！,花园大床房,大床房
1790,关于前台服务和房间设施的评论,1821,"前台Betty真的超级无敌好哇??
看我娃蔫巴蔫巴的，先是送花再送冰箱贴就是想让我娃开心起来！什么神仙前台！
本来定的红棉双床还提醒我粤韵是新装修比较适合bb，帮我升级了！还送了洗护哈哈哈哈哈
而且会问你出行计划，帮你推荐地方；酒店的服务设施?营业时间都很好的告知了！还有酒店26个打卡点推荐哈哈哈哈哈哈
房间分区设计规划合理，有个小客厅适合带娃父母半夜吃宵夜，就是没浴缸可惜啦！而且空调会一直对头吹，带娃要注意一下。
酒店一步一景，完全逛不完；
瀑布餐厅的早餐就一般咯，但服务人员都十分nice！
是下次来广州会再住的酒店，附近吃的也多，偶然走到一家至胜茶餐厅真的好好吃????",红棉双床套房,套房
1791,关于整体满意度和前台服务的评论,1822,非常棒的体验，我们到的比较晚，前台小姐姐帮升级了套房，床很舒服，酒店的餐厅也非常不错，早餐很丰富，服务很好！,花园大床房,大床房
1792,关于房间设施和餐饮设施的评论,1823,吃的还行，房内设施一般，柜子顶部差不多掉落,花园大床房,大床房
1793,关于安静程度和前台服务的评论,1824,花园酒店位于广州繁华心庄之地，大堂金碧辉煌及人来人往，房间里却宁静的像在山中，体现了安全感，服务员在面对交流时都是弯腰状态，非常有礼貌！,花园大床房,大床房
1794,关于整体满意度和前台服务的评论,1825,第二次入住广州花园酒店，这次也入住非常场愉快，Kiki服务非常贴心，本次也体验到了房型升级的服务，很开心～,花园大床房,大床房
1795,关于房间设施和整体满意度的评论,1826,大厅很漂亮，房间床也很软，谢谢rain,花园大床房,大床房
1796,关于整体满意度和前台服务的评论,1827,很满意服务很好，老牌五星级硬件有点老化，但是服务很周到。好评,红棉大床套房,套房
1797,关于前台服务和整体满意度的评论,1828,可能是春节开放爆满旅游，除了前台等开房以外其余我觉得都不错，毕竟是老酒店了，有经验有各种应对流程。下次还会选住。,红棉大床套房,套房
1798,关于前台服务和交通便利性的评论,1829,花园酒店给我惊喜太多了。不要担心老旧，一点问题都没有。位置绝佳，交通方便。下午茶小点心很好吃，有水准！必须表扬服务，这才是酒店最牛的地方。从办理入住，到锦鲤下午茶餐厅，几个小姐姐服务贴心周到，柔声细语，退房方便，小玉姑娘还送了孩子小礼物。强烈推荐！！,花园大床房,大床房
1799,关于整体满意度和体验的评论,1830,不错一直住花园酒店,城央绿意大床房,大床房
1800,关于整体满意度和前台服务的评论,1831,常被亲友问为啥每次到广州 花园酒店都是首选？我觉得虽然建成多年 但这里仍然是卓越的经典酒店代表 室内设施维护的极佳-至今大堂和花园都是熠熠生辉的存在！这里服务多年以来也是保持优秀，从门童到礼宾客房都彬彬有礼，即便北上深住惯国际品牌酒店比较下也会对花园的水准折服；前台接待是酒店的灵魂人物，这次接待的Yedda令人印象深刻！看到我们家庭入住就主动找出我的会员号，给予升级服务，家人很惊喜，更加固花园粉丝地位！酒店拥有米其林两星的泰安门，以及经典茶楼荔湾亭，加之市中心淘金的地段也是餐厅咖啡密布，粤菜黄埔军校利苑就在旁边，试问如今哪家国际品牌在广州能拥有如此丰富的经典配套资源！,花园双床房,双床房
1801,关于前台服务和整体满意度的评论,1832,每次来广州都是入住花园酒店；一如既往的贴心服务；尊享行政礼遇；感谢kiki赠送给女儿的小礼物和忘记名字的小姐姐升级的客房；顶级白金五星级酒店实至名归；强力推荐！,红棉双床套房,套房
1802,关于前台服务和整体满意度的评论,1833,真的很好 比起其他连锁五星多了很多岭南当地的特色 十分精致 尤其是前台Viria 很热心 入住很顺利,花园大床房,大床房
1803,关于周边配套和交通便利性的评论,1834,非常好的一家酒店，有文化有历史，有自己的酒店博物馆，周边可逛的地方非常多，吃饭交通都非常方便，后花园很优秀！,花园双床房,双床房
1804,关于整体满意度和餐饮设施的评论,1835,第三次入住，五星级酒店的服务名不虚传，房间升级，瀑布餐厅和锦鲤酒吧都去打卡，假期愉快完美！,红棉大床套房,套房
1805,关于前台服务和整体满意度的评论,1837,酒店的JESSIE人非常好，还给我们升了房间，非常满意的住店体验,城央绿意大床房,大床房
1806,关于公共设施和餐饮设施的评论,1838,硬件非常不错，花园和酒廊都是非常不错的。,花园大床房,大床房
1807,关于餐饮设施和整体满意度的评论,1839,"设施：设施不错
卫生：卫生很好
环境：绿化不错
服务：服务一流
餐厅：荔湾厅无敌好吃！",花园大床房,大床房
1808,关于整体满意度和性价比的评论,1840,被降级了，非常生气，不可理喻。感觉住在医院的病房里面，四位数一晚的五星级酒店，真的莫名其妙,花园双床房,双床房
1809,关于整体满意度和卫生状况的评论,1841,真不错。先住了两天，去珠海又玩儿了两天，回到广州再次选择花园酒店。很干净，很舒心，以后再过去还会选择入住,花园大床房,大床房
1810,关于餐饮设施和整体满意度的评论,1842,非常舒服，住了很多天，不愧是广州的老牌酒店，尤其是早茶，广州前三，非常有特色，还有瀑布餐厅，真的很漂亮啊,城央绿意大床房,大床房
1811,关于整体满意度和前台服务的评论,1843,客房很舒服，酒店环境真的很喜欢，酒店前台viria很热情贴心。,红棉大床套房,套房
1812,关于整体满意度和前台服务的评论,1844,"来过广州很多次了，但花园酒店还是第一次入住，尽管对老广来说这个酒店已经一点都不陌生，但对于外地人来讲，真的是一次非常好的打卡体验。
浓重的历史氛围，里面的酒店博物馆都给人非常好的体验，然后让人了解到这所酒店在历史当中所经历的人与酒店准备的东西，除了常见五星级酒店都会准备的咖啡机饮品以外，甚至还有一次性的搓澡巾海盐，真的是非常的细心。
服务方面特别感谢前台的betty小姐在入住的时候给我们做了一个房间的升级，再加上中秋节的月饼，真的是氛围满满。",花园大床房,大床房
1813,关于前台服务和交通便利性的评论,1845,这次十一广州之行的最后一晚选在了广州花园酒店，之前住过白云宾馆，花园酒店和白云宾馆隔了条马路，酒店门口就是地铁淘金站，对面有广州友谊商场，周边老字号餐饮齐全，广州酒家，陶陶居，点都德步行几分钟就到。打车出租司机说我们选的花园酒店服务特别好，软硬件设施在广州都是非常好的！办理入住时确实感受到了，前台接待ARIEL和kamille两位小姑娘看到我儿子手臂受伤，主动帮助我们，送了我们迎宾鲜花，还送了酒店纪念品，帮我们升级了房间！让我们切身感受到了酒店好客之礼！谢谢花园酒店为这次旅行挂上完美句号！,花园双床房,双床房
1814,关于性价比和交通便利性的评论,1846,广州花园酒店，老牌五星级酒店，位置老城区，但出行很方便，性价比非常好，酒店气派、设施齐全，符合五星级标准,花园大床房,大床房
1815,关于整体满意度和前台服务的评论,1847,酒店很大气，进大堂就闻到很香的味道，工作人员也很热情，服务很好，距离地铁站近，出行方便；值得入住，推荐,花园大床房,大床房
1816,关于前台服务和整体满意度的评论,1848,首先用一个字形容广州花园酒店，那就是“赞”！要点名感谢接待我们的阮小姐Carey！在住店的3晚里面，全程帮我们解决了各种问题，提前帮我们安排了房间，主动帮我们推荐了各种合适的用餐方案，还有小礼物和小食！酒店的环境也让我们一行人印象深刻，一进门的白金五星牌子，check in的巨大金色背景墙，巨大的瀑布和锦鲤花园，甚至大堂里开满花的的桃树都是活的，环境真的就是和它的名字一样，是个到处充满美景的大花园！酒店到处都是给你打招呼的服务员，各种问题都可以得到第一时间的解答，而且非常有耐心。酒店门口因为是春节，还有各种表演和活动，有各种小礼物赠送！我们住的房间还可以看到酒店瀑布、酒店泳池，甚至还有远处的广州塔！我们的酒店早餐有3个餐厅可以用餐，选择了行政酒廊和荔湾亭，早餐都是广式茶点、特色面和粥，还有各种饮料和小食，口味和环境也是没话说，行政酒廊边吃还可以边喂锦鲤、看瀑布美景，真的是非常惬意！这次的春节旅行让我非常满意，广州花园酒店下次一定是我去广州的第一选择！谢谢Carey阮小姐、谢谢广州花园酒店！,花园大床房,大床房
1817,关于整体满意度和前台服务的评论,1849,花园酒店作为羊城老牌的五星级酒店，新年期间服务保持一贯的高水准，周到细致热情贴心，老广特色十足，诚意推荐。,红棉大床套房,套房
1818,关于公共设施和房间设施的评论,1850,羡慕花园里的鱼??建议升级引导粉裙小姐姐服装、房间中式元素、进大门玻璃转门,城央绿意大床房,大床房
1819,关于房间设施和景观/朝向的评论,1851,外部环境非常好！房间装修太老了！,花园双床房,双床房
1820,关于前台服务和整体满意度的评论,1852,服务态度很不错，住的很舒服，大堂马卡龙很好吃，12块一个性价比不错，免费升级了套房，很不错！！！！！,城央绿意双床房,双床房
1821,关于前台服务和交通便利性的评论,1853,服务不错 特别是kiki 交通便利 房间清洁阿姨服务也很好,花园大床房,大床房
1822,关于整体满意度和体验的评论,1854,大理石贴近壁画印象深刻 花园酒店给我的感觉就是经典 极具韵味 底蕴深厚 又与时俱进,花园双床房,双床房
1823,关于前台服务和整体满意度的评论,1855,酒店环境非常棒，后花园，博物馆都很好逛。前厅接待的susan非常好，因为朋友生日，帮我们争取了加床，早餐，水果，蛋糕，房间布置等福利。客务部的卢小姐帮我们延迟退房。入住体验很不错。唯一不足，卫生间地漏有味道，希望改进。,红棉双床套房,套房
1824,关于整体满意度和交通便利性的评论,1856,春节去的，年味很浓，酒店各方面都不错，出行也方便，以后还会选择，对广州旅游景点非常满意，以后每年都想来,花园双床房,双床房
1825,关于交通便利性和周边配套的评论,1857,位置很方便，出门就是地铁口，对面就是广州酒家。过年期间新春氛围浓。据说酒店早茶很好吃，没来得及尝试。,城央绿意双床房,双床房
1826,关于餐饮设施和整体满意度的评论,1858,升级了行政房，酒店一如既往，每次来广州都住在这里。三楼饮茶的环境也极好，和熙熙攘攘的茶楼有不同的体验。,花园大床房,大床房
1827,关于安静程度和整体满意度的评论,1859,过年期间酒店过节气氛很浓，大堂也一直有小活动可以参与。房间是对道路一侧的，隔音也不错，睡的很好??,花园大床房,大床房
1828,关于前台服务和房间设施的评论,1860,入住时前台Kate帮忙办理入位，态度极佳，服务到位。花园酒店的房间棒极了，床虽软但托身很稳，睡得很好。有两个盥洗台，一个淋雨房，一个厕所房。离店时不用去前台办理手续，交给礼仪小姐小花即可，非常方便亲切！,红棉双床套房,套房
1829,关于前台服务和整体满意度的评论,1861,Kiki 服务周到 送了小礼物 很喜欢花园酒店,粤韵双床套房,套房
1830,关于前台服务和整体满意度的评论,1862,前台的Betty热情接待，因为是携程钻石卡主动帮我们升级套房，很舒服。房间套餐送的下午茶在行政酒廊，服务员Cherry很热情，总体感觉很满意,花园双床房,双床房
1831,关于卫生状况和前台服务的评论,1863,酒店环境卫生很干净 服务很好??,城央绿意大床房,大床房
1832,关于前台服务和交通便利性的评论,1864,服务一流，好方便,城央绿意双床房,双床房
1833,关于卫生状况和前台服务的评论,1865,房间干净，维护的很好，前台小邓非常热情，服务态度好，瀑布餐厅的下午茶也很棒，泳池服务很棒，愉快的入住体验，,红棉双床套房,套房
1834,关于整体满意度和房间设施的评论,1866,花园酒店是我当年在广州上大学时就与白天鹅并列的五星酒店天花板。三十多年过去了，她依然是广州的酒店顶流！这次入住的粤韵房是新装修的，设施先进，这次还享受了行政酒廊礼遇。春天的花城温暖和煦，酒店花园里鲜花盛开，我们还顺便参观了酒店四楼的“酒店博物馆”，涨了知识，整个入住体验非常好，下次来广州还住花园！顺便表扬行政酒廊帅哥小贺，服务周到、礼貌、儒雅，让人如沐春风！,红棉大床套房,套房
1835,关于交通便利性和卫生状况的评论,1867,交通方便，地铁出来就是酒店，外观非常气派，大堂布置很特别，吸引打卡。房间卫生干净，岭南特色设计，服务员都热情打招呼，有礼貌，特别是楼层服务员张小燕送了甜点，味道很好。胡主管能详细介绍酒店餐厅和其他设施，给我的入住带来惊喜和方便，性价比高，下次还来！,花园大床房,大床房
1836,关于前台服务和卫生状况的评论,1868,前台热情，免费升级了套房，房间干净卫生，床品很舒服，1楼花园餐厅环境优美，三楼本地特色餐厅值得品尝，广交会期间人很多 但服务依然到位,花园双床房,双床房
1837,关于整体满意度和体验的评论,1869,由一个意外开始，却因此获得了一次真正五星的体验，不愧老牌五星酒店，实力推荐，下次来广州基本不考虑其他酒店了,红棉大床套房,套房
1838,关于整体满意度和交通便利性的评论,1871,家庭周末出游，酒店位置优越，服务周到，非常满意。,花园双床房,双床房
1839,关于整体满意度和体验的评论,1872,非常好 孩子最喜欢的酒店 下次到广州还是首先花园酒店,羊羊得意主题大床房,主题房
1840,关于前台服务和整体满意度的评论,1873,"房间质素高，酒店的专属管家小何非常热情，入住时给客人的照顾十分周到，针对旅游客人，还把酒店的所有打卡点都介绍到了，否则客人还不知道花园酒店里就有这么多历史参观点，优秀！

花园酒店显然经过精心设计，除了是个休憩落脚的好去处，本身就包含丰富的历史内涵，从酒店的成立到发展，景观的布置，餐厅的设置，都与广州这个古老的城市文化深度绑定，在广州这么多传统酒店里是非常突出的代表。花园酒店还设置了一个酒店博物馆，讲述酒店在这片土地的变迁发展，更是将广州的近代历程都浓缩一所，非常值得去看看。",花园大床房,大床房
1841,关于餐饮设施和前台服务的评论,1874,酒店的后花园非常不错，二楼三楼的米其林餐厅也很棒！谢谢前台betty的服务，办理速度很快。这次住宿很满意！,花园大床房,大床房
1842,关于整体满意度和前台服务的评论,1875,"环境好,服务态度好,免费upgrade房间",花园双床房,双床房
1843,关于整体满意度和体验的评论,1876,喜欢这个美丽的酒店，留下非常美好的印象。酒店博物馆很棒！,花园大床房,大床房
1844,关于整体满意度和退房/入住效率的评论,1877,老牌酒店值得信赖，入住退房都非常好，房间也不错，春节期间体验感最好的一家酒店。,花园大床房,大床房
1845,关于前台服务和房间设施的评论,1878,"从成都旅游回来临时起意来广州花园酒店，晚上到店后，Joe帅哥的服务态度很好，说话很有礼貌，还为我们升级了套房，在这里非常的感谢Joe小哥。
房间的装修很有格调，进门的厕所设计很细节，客人进来房间就不会看到睡觉的地方，办公的小房间还有健身器材确实考虑了作为住店客人的日常生活需要。洗手间很大气，非常喜欢，设计感也很强。明显加装的马桶智能盖板才让我感觉到了酒店的年代感，和洗手台淋浴间一对比，很难想象这是一家1985年开业的酒店，至今内部的装修依旧不过时甚至可以说走到潮流一线。
由于第二天睡过头错过了最爱的酒店早餐，中午去了荔湾亭，虽然有段时间没有来花园酒店的荔湾亭吃饭，但是它的出品依旧在线，非常好评（如果不在意价格的话）。总的来说这次住店体验非常的好，作为广州的招牌之一花园酒店名副其实。最后再次感谢Joe小哥的热情接待。",城央绿意大床房,大床房
1846,关于前台服务和房间设施的评论,1879,广州花园酒店名不虚传，服务态度也太好了叭，特别是前厅部的吴灵伶，入住的时候是她接待我的。服务态度和微笑深深融化了我的心，房间设备非常齐全，卫生也打扫的很棒，干干净净的，为这个酒店点赞，满分。续住碰到前台小妹Betty，潮汕热情的妹妹，点赞！！！,城央绿意大床房,大床房
1847,关于交通便利性和前台服务的评论,1880,攻略了好久在白天鹅之间反复纠结，最后决定住花园。瀑布餐厅蛮有意思的（中间还有个大关公），咖啡豆不错。感谢前台小哥billy的细心接待，酒店出门就是地铁口去哪儿都很方便，周围吃的也多，下次来广州还选花园,花园大床房,大床房
1848,关于整体满意度和体验的评论,1881,不错环境很好服务更不错,花园大床房,大床房
1849,关于整体满意度和周边配套的评论,1882,环境不错，地点位于越秀区中心，服务也很好，已经朋友圈安利了，小伙伴们表示值得一住。,花园双床房,双床房
1850,关于公共设施和整体满意度的评论,1883,老牌酒店了，第二次住，有个大花园。里面好多鱼。人挺多。,城央绿意双床房,双床房
1851,关于公共设施和整体满意度的评论,1884,酒店很美，还有酒店博物馆，花园特别棒，要不是春节人太多，绝对是一种享受,红棉大床套房,套房
1852,关于整体满意度和前台服务的评论,1885,白金五星酒店名不虚传。虽然是一家老牌五星酒店，但是保养服务设施都还是非常完好的，值得入住。特别感谢前厅副理麦卓鸿先生，针对酒店延迟入住的处理方式，非常及时和妥当。为我们全家留下美好的印象。,红棉大床套房,套房
1853,关于餐饮设施和周边配套的评论,1886,非常棒的酒店，博物馆，后花园，瀑布餐厅，米其林餐厅都物超所值,花园大床房,大床房
1854,关于整体满意度和体验的评论,1887,非常不错的一次旅行，下次有机会去广州还是花园酒店！,红棉大床套房,套房
1855,关于整体满意度和前台服务的评论,1888,一家很不错的酒店，服务态度很好，下个还会选择这家酒店住。,花园大床房,大床房
1856,关于整体满意度和体验的评论,1889,非常棒，虽然已有一段时间了，但还是很美！,城央绿意大床房,大床房
1857,关于房间设施和前台服务的评论,1890,服务非常好，但加钱升级套房还没有浴缸，也是醉了。,花园双床房,双床房
1858,关于房间设施和前台服务的评论,1891,先选花园，本来大部分是为了怀旧，毕竟二十年前出差花城常住的酒店，带闺女体验下我大国改革开放之后的第一批豪华酒店。没想到倒是惊喜，酒店应该是把原来的二间房打通变成了一间客房，所以都是套间的布局。基本的硬件不多说了，细节的备品很赞，TWG的茶包Nespresso咖啡和四支屈臣氏的水，白金五星诚不我欺。花园行政酒廊的服务相当周到，热情得我会以为都是刚入行的管培生。除了前台check in排队等候的时间有点长（当然前厅部的水准还是够专业的），一切完美,红棉双床套房,套房
1859,关于整体满意度和交通便利性的评论,1892,环境好，位置方便，服务热情，过年还准备了很多活动。很满意的一次入住！,红棉大床套房,套房
1860,关于交通便利性和房间设施的评论,1893,"再次入住花园酒店，还是熟悉的味道。酒店交通极其便利，地铁站步行仅3分钟，周边商圈、美食、景点地很风格
客房环境：
入住的房间空间宽敞，装修典雅兼具现代感。
床品舒适度高，卫浴设施齐全（干湿分离），备品用的是知名品牌，细节贴心。唯一不足是临街房间稍有些噪音，建议大家选择高楼层或或向瀑布的房型。  

服务态度：★★★★★
前台和礼宾部服务热情，办理入住高效，主动介绍了酒店设施和周边推荐。尤其称赞办入住的Cecilia 和BETTY两位前台女生。客房响应速度很快，夜床服务也很细致。  

餐饮体验：
早餐种类丰富，中西式选择多，尤其推荐本地特色的早茶点心。行政酒廊的下午茶安静舒适，适合商务会谈。桃园馆中餐厅的粤菜出品稳定，但晚餐高峰期需等位，不过为了吃好吃的粤菜及特色片皮鸭值得等待",花园大床房,大床房
1861,关于前台服务和房间设施的评论,1894,前台的mikey，Elvis服务很不错，贴心的按我的要求给我安排房间，而且她们都好温柔哦，人也漂亮，超nice的小姐姐。房间很舒服，布置温馨实用。这次赶时间，下次再试酒店的餐厅，期待他们顶楼的餐厅开放。还有礼宾部的小伙子给我介绍周边的餐厅，出品都好好哦，为我这次广州之行锦上添花。,花园双床房,双床房
1862,关于前台服务和整体满意度的评论,1895,绝对高大上……服务态度正点……,城央绿意大床房,大床房
1863,关于餐饮设施和前台服务的评论,1896,早餐真心一般，品种少，服务人员态度友善，比起内地其他五星好太多，花园漂亮。,花园大床房,大床房
1864,关于房间设施和体验的评论,1897,床垫实在是太软了，睡着不舒服。,花园大床房,大床房
1865,关于整体满意度和交通便利性的评论,1898,花园酒店是我在广州的这几天住的最好的五星酒店。酒店地理位置优越，出门就是地铁。酒店内部有26个文化打卡点，还有自己的博物馆，值得好好逛一下。房间升级到一室一厅，房内摆设古色古香。值班经理Semmy特别贴心，服务细致周到，待人热情真诚。下次来广州，我一定还住花园酒店。,花园双床房,双床房
1866,关于前台服务和整体满意度的评论,1899,第一次来广州，选择了广州花园酒店，一进入大堂就有穿着特色金闪闪服装的小姐姐欢迎我，前台迅速为我处理入住手续，每天出入大堂都有员工和我微信打招呼，客房也非常干净整洁，退房还有宾客关系经理零零lavinia打回访电话，此次入住非常开心满意~,花园双床房,双床房
1867,关于卫生状况和整体满意度的评论,1900,服务非常好，酒店很干净，味道也很清新，没想到每个细节都这么让人舒服。,红棉双床套房,套房
1868,关于卫生状况和整体满意度的评论,1901,干净整洁的老牌五星级酒店,花园大床房,大床房
1869,关于前台服务和餐饮设施的评论,1902,服务特别不错首先为工作人员点赞，环境很好就是自助餐差了点,粤韵双床套房,套房
1870,关于整体满意度和卫生状况的评论,1903,酒店漂亮 干净 服务态度非常赞,红棉大床套房,套房
1871,关于卫生状况和餐饮设施的评论,1904,卫生和服务方面都很好，早晚餐菜品多样,花园大床房,大床房
1872,关于交通便利性和周边配套的评论,1905,老牌酒店，市中心好地段,红棉大床套房,套房
1873,关于交通便利性和整体满意度的评论,1906,酒店交通很方便，环境也很好，整体的服务都很棒，表扬kamille！,花园双床房,双床房
1874,关于整体满意度和体验的评论,1907,童年的回忆，依然那么的好。一个有历史的酒店。,红棉双床套房,套房
1875,关于整体满意度和体验的评论,1908,很舒心的一家酒店,花园大床房,大床房
1876,关于整体满意度和体验的评论,1909,入住感受非常好，下次还来。,城央绿意大床房,大床房
1877,关于公共设施和体验的评论,1910,酒店内的瀑布花园很漂亮，有很多锦鲤鱼。,花园双床房,双床房
1878,关于卫生状况和房间设施的评论,1911,半夜睡觉发现枕头上有黑色斑点,花园大床房,大床房
1879,关于整体满意度和前台服务的评论,1912,"这次带家人来广州旅游，选广州花园酒店真选对了，一进门，宽敞明亮的大堂就让人心情舒畅，办理入住的速度很快，工作人员还贴心介绍各项服务。客房的设施设备相当高端，灯光能随心调节，洗浴用品也是，用着很舒服。
退房回到家，我意外接到关系专员Lavinia吴灵伶的电话。她说话特别温柔，仔细问我住得好不好，有没有需要改进的地方，言语里都是真诚和关切。这次入住体验超棒，下次来这边，肯定还选这儿！",红棉双床套房,套房
1880,关于性价比和交通便利性的评论,1913,老牌酒店，白金五星级，这价格性价比还算可以，卫生不错，市中心位置非常好，门口就有地铁、的士，去那里都方便，周边有商场有吃的，入住前台Joe服务热情，还给升级了粤韵房，这很惊喜。,花园双床房,双床房
1881,关于前台服务和退房/入住效率的评论,1914,让客人在大厅等侯三个小时，服务太差劲了！,城央绿意大床房,大床房
1882,关于前台服务和整体满意度的评论,1915,yomi服务态度好！酒店布置年味十足！,红棉大床套房,套房
1883,关于整体满意度和体验的评论,1916,很棒的入住体验，下次到广州会再次入住,红棉大床套房,套房
1884,关于周边配套和整体满意度的评论,1917,第二次住，太棒了，有花园有博物馆，有底蕴历史的酒店,花园双床房,双床房
1885,关于整体满意度和体验的评论,1919,老牌酒店，住的很满意！,红棉大床套房,套房
1886,关于房间设施和卫生状况的评论,1920,"设施齐全
非常卫生",花园大床房,大床房
1887,关于前台服务和体验的评论,1921,服务挺热情,花园双床房,双床房
1888,关于前台服务和整体满意度的评论,1923,感谢前台Billy的热情接待，收到了尊贵身份，还送了小点心和小礼物，房间环境好好，下次来继续入住.,花园大床房,大床房
1889,关于交通便利性和周边配套的评论,1924,酒店离地铁站很近，对面有商场，很方便；入住时前台viria给升级了房间，房间大，格局也不错！工作人员礼貌热情，整体不错！,花园大床房,大床房
1890,关于前台服务和餐饮设施的评论,1925,"环境：特别棒，进门就是看到两幅精致醒目的雕刻画，高端大气，喜欢瀑布餐厅和旋转餐厅。

服务：五星级+，前台小姐姐贴心帮我和妈妈帮忙安排到顶楼食早餐，预约参观了酒店，还送了月饼，特别棒的服务体验，谢谢Bella小姐姐。

设施：房间有咖啡机和红酒等，很方便。",花园双床房,双床房
1891,关于交通便利性和房间设施的评论,1926,环境不错，房间略旧，出行很方便,城央绿意双床房,双床房
1892,关于整体满意度和前台服务的评论,1927,"酒店设施很新，环境卫生完全符合我洁癖老妈要求。
酒店后面藏了一个需要刷房卡才能进的花园，小桥流水，瀑布高悬，别有洞天。在这个寸土寸金的地方可以说很惊喜了。
尤其要感谢前台小哥Joe，非常耐心地听我们的要求，给了很满意的房间，让我们有了两天绝佳的旅行体验。",花园双床房,双床房
1893,关于前台服务和整体满意度的评论,1928,"服务：服务特别好！！！前台Mancy还帮助我们免费升级了房间！！！！

卫生：很干净！想泡澡会有服务员来帮忙消毒浴缸

环境：后花园很好看 瀑布真的很好拍

设施：设施都很新
总体入住体验相当满意！下次还会选择！",花园大床房,大床房
1894,关于整体满意度和体验的评论,1929,不愧为老牌五星酒店！,花园双床房,双床房
1895,关于前台服务和体验的评论,1930,大堂很气派，很有老广州的味道。前台Gogo服务热情,红棉大床套房,套房
1896,关于前台服务和交通便利性的评论,1931,花园酒店服务是真的不错，位置很好很方便，出门就是地铁。服务也很不错，国庆来的时候，酒店送了月饼，前台Betty（也不记得是不是这个名字）非常耐心。酒店餐厅漂亮，家人还去了博物馆参观。唯一就是希望大厅能有些休息的位置，方便离店的时等车的时候老人家有个休息的地方。,花园双床房,双床房
1897,关于前台服务和整体满意度的评论,1932,大堂环境很好，前台Betty也很热情，还有Ellie小姐姐帮忙退房，总之就是很好的体验，下次还会再来！,红棉大床套房,套房
1898,关于前台服务和客房服务的评论,1933,家就住在花园酒店附近，因为来客人了，在携程订了花园酒店二夜住宿。入住时前台Viria小姐姐温柔，耐心，细致，特别是她的笑容，令人有回家的感觉。负责楼层的工作人员态度也非常好，笑容满面，房间收拾得很干净，三天二夜的时光非常愉快。,城央绿意大床房,大床房
1899,关于前台服务和退房/入住效率的评论,1934,"三个家庭拖娃带崽自驾出门旅游，在湛江住了同为岭南旗下的湛江花园酒店，各方面很满意。想着广州这个花园酒店会更好毕竟是第一批白金五星酒店， 结果中午三点预订成功两晚三间房  下午七点到店 ，觉得怎么样房间都好了吧，结果七点半给出一间房 剩余两间房就是拿不出来 磨磨唧唧了半天憋出一句让我们去吃了饭回来再给一间 ，我想问问 七点半到店，我们六个大人三个小孩已经够累的了 要是我们已经吃了饭 就想休息的话，那是不是还得按照得前台工作人员贾斯丁说得再去吃饭回来？态度很不好 让人感到很不舒服  说话总是在阴阳或者甩锅给节假日人多之类的 ，具体时效多久能给房间出来也半天都说不出来。结果吃完饭晚上十点回来 才把剩余的两间房给到。酒店这服务，真的不值一千块一晚 。隔音也差，第二天一早就被隔壁的小孩子和电视声音吵醒了。
 很生气就给了个差评  结果又是打电话道歉送自助早餐让删差评之类的  真的能花一千一晚住你酒店真不缺你那个早餐 还让删评论，之前你们干嘛去了。而且都是在我发了差评之后才来联系 所谓的客户关怀 这不恶心人吗？

这酒店是真的不会再来住了",城央绿意大床房,大床房
1900,关于前台服务和餐饮设施的评论,1935,服务好，早餐好吃,花园双床房,双床房
1901,关于前台服务和整体满意度的评论,1937,今天生日来广州老牌五星级酒店花园酒店打卡，果然名不虚传，无论环境、酒店设施、服务都是一流。特别表扬一下前台小姐姐Vivia，确实很贴心，见到我们带两个小朋友入住，登记时特意温馨提示介绍了很多儿童的服务，酒店还提供儿童拖鞋及儿童洗刷用品，酒店内有很多艺术打卡点，拍照超出片，餐厅的食品味道正宗，好几家都是米其林餐厅，出品水准高，确实赞！值得二刷！,红棉大床套房,套房
1902,关于前台服务和整体满意度的评论,1938,酒店不愧是白金五星级酒店，从到达后感觉到服务专业优良一流，门童帮助拿行李，前台接待办理入住的是姓黄的小姐姐，热情周到，提醒事项交待清楚。酒店26个网红打卡点有特色，特别是酒店博物馆有亮点。酒店设施设备，保养良好，卫生到位，有需求反应迅速。下次肯定会再次入住。,红棉双床套房,套房
1903,关于整体满意度和前台服务的评论,1939,放开后的第一次全家旅行选择了广州，四天三晚的行程花园酒店给我留下了深刻的印象。入住因游客众多客房入住等候时间较长，前厅黎经理根据我们一家大小的需求安排我们入住了公寓楼，还赠送了我们两天的早餐，感谢??套房很温馨，有家的感觉。除此之外，酒店的服务细节、瀑布餐厅的景观、大堂的节日氛围、退房的冰箱贴小礼物，都让我们全家十分满意。满分推荐??,红棉大床套房,套房
1904,关于前台服务和整体满意度的评论,1940,服务态度好，环境也好。,花园大床房,大床房
1905,关于整体满意度和卫生状况的评论,1941,出差的时候 找了很多 最终还是选择了花园酒店 干净舒适 前台Betty 小姐姐很不错,花园大床房,大床房
1906,关于整体满意度和前台服务的评论,1942,来到了，来对了，真的体验白金五星花园酒店服务，从下车有拉车门搬行李到门童拉门。眼前大堂气派非凡金碧辉煌非常震撼！房间干净卫生床上用品舒服，每个楼层多有服务生指引按电梯。早餐丰盛人多也不乱。在这里我要感谢大堂经理小郑热情细心为顾客服务，真正体现了花园酒店管理层用心服务于顾客。下次来广州一定再住花园酒店。,花园双床房,双床房
1907,关于整体满意度和餐饮设施的评论,1943,"花园酒店太值得去住了，服务到位，过年期间还有好多小活动。虽然是老牌酒店，后期应该翻新过，硬件还可以，房间大小也可以，就是卫生间有点小。
花园里有养了十多年的锦鲤，瀑布绿植，带着小朋友可以玩很久。
酒店的餐厅也相当不错，这次吃了荔枝湾和桃园馆，对于外地游客来说感受特别好。
下次去广州肯定还会入住的。另外要多谢Katherine赠送的一人早餐，可以一家三口一起吃了顿愉快的早餐。",花园大床房,大床房
1908,关于安静程度和前台服务的评论,1944,"花园酒店是一家较国际化的酒店，交通便利，餐饮选择丰富，有小瀑布的花园，很漂亮。30层的下午茶环境好，味道赞。房间设施较好，一切都符合5星的标准。但这次的入住体验很差。是我所有入住酒店换房间最多的1次。酒店下面的地铁正在施工，而且是跨夜施工，工作人员敷衍说他们已经投诉，其实施工一直未停。房间从9层换到7层，我原本套餐标明的房间为18层-21层。换房时在走廊里等了很长时间工作人员开门。还是感谢携程管家奕蓓的多次沟通努力才给换到了高层，其中一晚只能加了一个折叠床。其实酒店工作人员真诚一些，说明情况，我想都可以理解，而搪塞不是对待客人应有的态度。
再次给携程管家奕蓓点赞和感谢。",花园双床房,双床房
1909,关于前台服务和整体满意度的评论,1945,前台的betty小姐姐见我们带了两个宝宝免费给我们升级了套房，非常nice~酒店服务，环境非常棒，值得推荐给大家,花园双床房,双床房
1910,关于前台服务和整体满意度的评论,1946,"非常舒服，值得入住，服务员非常有耐心和热心

服务：这边要感谢服务员小敏kamille，非常热心地帮我我解决了入住期间的困惑，非常有耐心，很专业。",粤韵大床套房,套房
1911,关于整体满意度和前台服务的评论,1947,入住体验很满意，很多景点可以打卡，kamille服务很好，下次还来哦,花园大床房,大床房
1912,关于前台服务和整体满意度的评论,1948,"多谢前台betty升级亲子套房，服务态度很好！工作人员素质挺高的。设施有点老，但酒店整体文化氛围浓厚，还是很值得一住。博物馆，餐厅，花园，离机场也很近，满足本次出游目的！小孩子也很开心

荔湾庭大部分工作人员态度还是很好的，味道也还行，烧鹅有点失望，付款的时候账单有问题，付款完才看到，收款的小姐姐直接在旁边跟同事吐槽的语气说我给了钱才说，不像五星级餐厅的态度

另外早餐环境取胜，整体上吃的都有点没满足期待",花园大床房,大床房
1913,关于周边配套和房间设施的评论,1949,大环境非常不错，门厅气派，花园不错。房间老旧了，这不是问题，老的依旧可以很气质，但是墙面低处的痕迹，脏污无法处理干净，就显得有点不那么协调。早餐不好吃，比较失望，下午茶也是。下午茶的服务很拉垮，泡杯茶久久不来，看个行政酒廊卡，来回3波人，要求看了4次，有点怀疑到底再弄什么。酒店氛围也还不错，4楼有博物馆，可以一看，有些意思。大堂有意思，也值得欣赏欣赏。位置还可以，对面有友谊商场，广州酒家，后面有很多吃的店，记得有一家点都德，打的方便，叫车也方便，出门就有地铁口。房间内有环市东路一日游指南，这个不错。退房当天恰逢其38周年庆布置，氛围还是很好的。提一下，办理出入的Joe礼貌认真。,花园双床房,双床房
1914,关于前台服务和卫生状况的评论,1950,"房子很干净，空间也不错，卫生很好。设施很齐全，特别感谢一下前台Rebecca,是我见过最好的前台工作人员，入住的时候还送了两支花，服务也特别好！停车也是免费。",红棉双床套房,套房
1915,关于前台服务和整体满意度的评论,1951,"这是一篇好评！
环境：我们从地铁站下车，正面看起来感觉是普通五星，一走进去就被壁画震撼到！整个酒店内部装饰很大气有质感，办理入住的时候就一整个期待住了！
设施： 可能定期在翻修换新，房间内部设施没有想象中的那么老旧，还OK，石材也都保养的很好！
服务：最值得夸的就是服务了，从一入住开始，前台接待员Tony小麦很热心的办理了服务，因为我们是两个订单，所以需要合并再操作，整个过程他都很热心帮我们处理问题！我们住了三天，行政酒廊的Carrie和Danli都非常细心，期间我包包落在餐厅，拿到后第二天Carrie还有关心问询，非常暖心。接待处的小洪也很热情！
这次广州游本来在连锁酒店跟老牌五星之间纠结，运气很好选了花园酒店，期间整个入住感受服务体验都为我们这次广州行添了不少高光时刻！
如果你跟我一样出行很看重服务的话，花园真的值得??！",花园双床房,双床房
1916,关于交通便利性和前台服务的评论,1952,酒店就在地铁口，出行很方便。凌晨入住，酒店前台小钟热情办好了入住。当天赶上水管维修，早上酒店工作人员协调去另外一栋楼的房间洗漱，解决问题很及时。,花园双床房,双床房
1917,关于交通便利性和前台服务的评论,1953,地理位置超级好就在地铁站边上，前台接的的小姐姐Rebecca小钟服务很热情还升级送了早餐，赞了赞了,花园大床房,大床房
1918,关于前台服务和餐饮设施的评论,1954,"虽然来过广州很多次，但是第一次入住花园酒店。就是冲着酒店的悠久历史和人文文化来的。非常感谢协助办理入住的前台工作人员Ken，看到我们有小朋友积极帮我们协调房间，并跑前跑后找经理帮我们升级了房型，而且还很耐心的讲解酒店的历史和文化。很耐心的解答我们的各种问题，而且怕我们找不到电梯，还主动送我们到电梯口！酒店的早餐也非常丰富，而且还是旋转餐厅，可以看到小蛮腰！孩子上午一直在酒店泳池内游泳，水质也很干净，工作人员主动提供的饮料和白水。
入住的整体感觉还是非常不错的，下次有机会还会选择花园酒店！再次感谢前台工作人员Ken，让整个十一的广州假期画上了圆满的句号！",花园双床房,双床房
1919,关于交通便利性和前台服务的评论,1955,"交通：酒店位置便利，门口就是地铁口，还有商场，出行便捷
环境：酒店大堂摆设很漂亮，拍照出片，一楼餐厅可以看到瀑布，很棒
卫生：房间干净整洁，打扫及时
服务：态度很棒，5楼的Lola（黄丽相）态度非常好，人也很可爱，每天进出看到都会微笑问候，让我们一家都很开心，打扫客房的男生也很热心，态度非常棒～～得到了酒店小羊，非常感谢～入住十分愉快",花园双床房,双床房
1920,关于整体满意度和体验的评论,1956,非常好的入住体验，房间非常有特色，也感谢kiki kamille    会再次入住的,红棉大床套房,套房
1921,关于整体满意度和房间设施的评论,1957,"非常惊喜又满意的入住体验！自己带儿子入住，意外的升级到套房，还赠送两份早餐，下午茶和晚上happy hour 的餐食，真是不能更幸运啦！感谢Betty热情和体贴！
其次，酒店超美的花园，瀑布，超大的浴缸，舒服的大床，都是完美的完美！
最后，酒店地理位置优越，距离机场不到40公里，酒店对面就是个小商圈，吃饭购物都很方便！下次一定会再来！祝酒店生意兴隆，越来越好！",花园大床房,大床房
1922,关于前台服务和整体满意度的评论,1958,前台Billy服务热情专业，给我们升级了非常舒适的房间。整个花园酒店非常有底蕴，细节做得很到位，让人心动，下次来广州还是会继续选择入住,花园双床房,双床房
1923,关于前台服务和整体满意度的评论,1959,第一次入住花园酒店，酒店环境不错，工作人员服务效率很高，入住当天在停车场不小心遗失钓具，凌晨两三点发现，马上告知前台，半个小时左右前台电话通知有发现疑似物品需去前台确认，马上下楼去前台确认，很是感激那晚酒店值班员工Jay，非常感谢??,花园大床房,大床房
1924,关于前台服务和餐饮设施的评论,1960,非常满意的入住体验！感谢前台龚小姐的接待，事无巨细服务超好！吃的东西也很好,粤韵双床套房,套房
1925,关于整体满意度和安静程度的评论,1961,五一假期预定了花园酒店，入住体验还不错。酒店的小花园很漂亮，房间略小但是干净、安静。走的时候krist小姐姐还给了伴手礼,花园双床房,双床房
1926,关于前台服务和整体满意度的评论,1962,一家体验感很好的酒店 帮忙办理入住的Betty小姐姐给我们安排了20层能看到酒店后花园的房间 送给了我们好看的花花以及次日早餐 服务很贴心 离店时kiki小姐姐帮忙办理的退房 送给了我们离店小礼品 服务很周到 荔湾艇位于酒店二楼味道很好也很方便 下次出行再来广州还会选择花园酒店,花园双床房,双床房
1927,关于整体满意度和前台服务的评论,1963,"预定的是花园酒店的木棉房，因故换成了粤韵房。接待我们姓刘的女经理十分亲切，及时帮我们解决了问题。粤韵房间很舒适。
    酒店大堂十分喜庆漂亮。
    订房时购买套餐里赠送的行政礼遇十分满意。特别是锦鲤行政酒廊两位帅哥美女（美女是印度籍的外籍人士）的服务十分周到细致。我们住宿了二个晚上，去了三次锦鲤酒廊，他们一直热情服务。必须给予一个大大的赞。
    早餐因为是行政礼遇的涵盖，在二楼荔湾亭，环境十分优雅，菜品很丰富可口，基本都是广州的特色小吃。
    一次十分满意的住宿。
   值得推荐。
设施：木棉房比较陈旧了。
环境：大堂和后花园瀑布特别漂亮
服务：很好
卫生：很好",红棉大床套房,套房
1928,关于整体满意度和前台服务的评论,1964,花园酒店已经不记得住过多少次了，每次只要到广州就会住在这里，房间一如既往的舒适，工作人员热情周到，这次妈妈独自去办入住，受到工作人员Vivia的热情接待，妈妈很开心，一直跟我说花园酒店的服务真好，酒店设施齐全，花园也很美。推荐到广州的朋友，一定要到花园酒店来体验一下。,花园大床房,大床房
1929,关于前台服务和餐饮设施的评论,1965,"不愧是广州的老牌星级酒店，大堂装修富丽堂皇，办理入住得前台Jessie 很nice，耐心解答我们的疑问，知道有小朋友生日还安排送了我们小点心～
酒店的花园真的美，特别是瀑布位置，晚上自助餐的位置可以看到瀑布，不过要提前去取号，因为位置是根据取号先到先选的。自助晚餐品类不是特别多，但够精，刺身都很新鲜。
我们的自助早餐是酒店二楼的中式餐厅，品种挺多的，味道也不错，服务员的态度很好??",粤韵双床套房,套房
1930,关于房间设施和前台服务的评论,1966,"设施：虽然是老牌酒店，重新装修后非常实用舒适，带孩子住红棉大床房非常舒适，空间感好。
卫生：干净整洁。
环境：房间漂亮大气。
服务：不愧是白金五星，前台Ann特别暖心帮我们升级服务，对广州酒店业印象非常好；这次带孩子来房间服务很到位，Tina特别仔细房间服务非常好，下次还住花园酒店！",红棉大床套房,套房
1931,关于前台服务和安静程度的评论,1967,环境很好很安静 到酒店的时候办理入住的人很多 后来是大厅的麦经理主动帮我们办理入住 服务态度非常好～下次来还会选择花园酒店入住的～,花园双床房,双床房
1932,关于前台服务和交通便利性的评论,1968,住了很多次的酒店，环境不错。出行也方便就在市中心，毕竟老牌酒店了。接待的前台好像叫Rebecca，态度挺好还送了两支花！,红棉大床套房,套房
1933,关于前台服务和整体满意度的评论,1969,位置不错，环境绝佳，服务不错，大堂经理很有礼貌，尤其是管家小刘服务太到位了，整体是不错的体验。但是当天办理入住的前台真是太差劲了，已经不是服务好不好的问题，简直是毫无“人性”，下午2点多到酒店，询问了她价格后感觉携程优惠力度还是比较大的，就在携程下了订单，但被告知携程订单要等一个多小时，给她说了孩子还没吃饭能不能提前办理，说不可以。无奈之下，就去问大堂服务人员有没有能吃饭的地方，服务员说暂时没有，但还是很耐心的帮忙找了个很小的地方。后来，几经询问，说没有规定网上订单必须等一个小时，就又去前台询问，她说可以办理，等候是我们自己同意的，真是无语了，简直坏的很。,花园双床房,双床房
1934,关于整体满意度和房间设施的评论,1970,"花园酒店，绝对是我入住过众多星级酒店里的TOP 1，白金五星酒店的名号，名不虚传。
房间宽敞，设施齐全，Mini bar，胶囊咖啡，JBL音响，办公桌，沙发，一应俱全。
当得知入住当天，是我家先生的生日，提前布置好房间，还送了生日蛋糕，非常贴心和暖心。
酒店有4家入选米其林指南的餐厅，各式美食应有尽有。
多谢前台小姐姐Gillian和Betty在入住和离店期间的热情接待，温柔耐心，详细地介绍了酒店的网红打卡点，让我们有了一次美好的度假体验。",红棉大床套房,套房
1935,关于前台服务和整体满意度的评论,1971,酒店环境真的不错，服务态度也很好，住宿环境舒适！再次遇见Maggie还是特别仔细和热情，再次提出表扬！,红棉大床套房,套房
1936,关于前台服务和整体满意度的评论,1972,多次来广州，第一次入住广州花园酒店，一进门就被大堂绚丽的装饰所吸引，服务人员都面带笑容迎接客人的到来～到前台有序办理入住，我们预订的是普通大床房，办理时还需要等待房间收拾出来，特别需要感谢前台接待我们的服务人员，名字叫梁婉彤，当看到我们四岁的儿子快要睡着了就立即给我们升级了儿童套房，孩子进到房间立即被房间里的游乐设施所吸引，高兴坏了～早餐也很好，外面就是酒店园林还有瀑布，赞??入住期间还参观了属于酒店的博物馆，了解了酒店的历史，广州花园酒店还是邓小平给题的词，很有文化和历史的酒店，1981年建设的到现在感觉都不太落伍，可能是我比较喜欢这类风格吧！总之下次来广州一定会优先选择广州花园酒店,花园大床房,大床房
1937,关于交通便利性和前台服务的评论,1973,"1.地理位置：酒店地理位置出行方便，门口就有等位的出租车，酒店大门口就有地铁站淘金站。
2.服务态度：很棒，特别是帮忙办理入住的Dorn,甜美可爱，服务态度也很好。
3.酒店服务：早自助还有3个不同的餐厅，其中瀑布餐厅环节优美，是偏西式的餐厅。2楼有个荔湾庭偏中式，也不错。下午和晚上还提供茶歇，非常便捷。",花园双床房,双床房
1938,关于公共设施和前台服务的评论,1974,酒店很气派，过年时间有骑着大公鸡吹喇叭的人，有吹气球的小丑，酒店位置很棒，酒店里居然有大瀑布和大锦鲤，在这里点名表扬kiki，宝宝爸爸眼镜掉到了鱼池子里，Kiki立马组织帮助打捞，特别棒！酒店也很棒！还有超大泳池,城央绿意双床房,双床房
1939,关于周边配套和前台服务的评论,1975,"位置一流！去哪都不远，附近好吃的很多。
设施一流！酒店里就有三个米其林，样样好吃。
服务一流！当天有点小发烧，前台Carol帮忙延后了一小时退房，还让客房服务部送来4瓶水，很贴心温暖。其它部门客房，礼宾，门卫，服务也都很主动。
非常棒的入住体验，下次来一定还住广州花园酒店！
另外，room service点了一碗艇仔粥，应该是荔湾亭出品，是迄今吃到的最好的艇仔粥！",城央绿意双床房,双床房
1940,关于前台服务和整体满意度的评论,1976,"房间整洁，工作人员态度好，有礼貌。尤其是前台Doris 和Kiki , 热心服务，帮助我处理了很多问题。推荐",花园双床房,双床房
1941,关于前台服务和房间设施的评论,1977,老牌五星酒店各方面条件都过硬，下午check in时间略长，前台靓女主动给升级成套房，房间设施很赞。非常感谢前厅小敏Kamille小姐的贴心服务，给我们提供了一些很好的建议和帮助，五星好评。下次来广府还是首选花园酒店。,花园大床房,大床房
1942,关于整体满意度和房间设施的评论,1978,"设施：很方便
卫生：设施齐全
环境：干净舒适
服务：viria和james的服务非常周到 很不错的入住体验",花园大床房,大床房
1943,关于前台服务和客房服务的评论,1979,环境，设施一流，服务超一流。体验超好的酒店！退房有钱包遗忘房间了，特别感谢前台小李经理，和另一个小伙联系我确认，同时感谢前台美女们，客房服务，早餐人员细心周到的服务。春节出行，让人确实感到宾至如归的服务！??，好的服务背后，相信一定有好的管理，也是老牌酒店常胜不哀的密决，点赞??????????,红棉大床套房,套房
1944,关于前台服务和整体满意度的评论,1980,viria的服务很好，入住体验也很满意，白金大使kamille也很棒，下次还会到这边入住！,花园大床房,大床房
1945,关于性价比和房间设施的评论,1981,"环境很好，性价比很高，早餐品种虽然不多但是精致。
设施：床睡着很舒服，枕头确实舒服
卫生：干净，打扫及时
服务：及时响应
环境：花园很美
大堂小何小姐姐热情细心",花园大床房,大床房
1946,关于前台服务和整体满意度的评论,1982,年后出行，到店已经傍晚了，老牌酒店，大堂还是很气派的。门口的服务生看到客人很有服务意识。到了前台，Billy查询到我们定的房间还不能入住，给我们升级了套房还送了早餐。床垫很舒服，卫生间也很大。当天入住生日，酒店还送了蛋糕，住了2天后又续房了。酒店的早餐环境很棒，可以看到花园的瀑布，餐食就比较普通，我觉得到了广州真的没必要在酒店吃，酒店的桃园馆用餐环境也是一级棒，很有广东的特色，很中式，菜品么真的是不及它的环境，不过服务还是很棒的。所以还是很推荐入住这家酒店，服务非常好，除了餐饮不推荐。,花园双床房,双床房
1947,关于前台服务和卫生状况的评论,1983,办理入住的时候特别顺畅，感谢Gogo小哥哥的帮助。房间很干净，整体给人感觉特别好，下次来广州还会再来的??楼下的桃园馆餐厅也非常不错,红棉大床套房,套房
1948,关于前台服务和客房服务的评论,1984,花园酒店，白金五星级酒店，这里的员工热情有礼，入住时接待员billy的热情接待办理入住，再到礼宾部经理Tim和John的热情介绍酒店周边景点，酒店娱乐设施，寄存行李服务高效快捷，当客人入住后，礼宾部经理Tim亲自将客人寄存在礼宾部的行李送到客人房间并祝客人有个开心愉快的私人假期。行政酒廊李经理，员工Zoey，印度籍员工Carrily为客人提供人性化的用餐服务，得知客人有老人同行，老人家对于欢乐时光餐点有一些吃不惯，马上为老人家准备了两碗热气腾腾的汤粉，早餐对于客人只是提及一些小建议时，印度籍员工Carrily对于客人的建议及时反馈并处理，得到客人的点赞。晚上房间有点冷，致电总机后15楼服务员得知后立马找来一台暖风机给客人使用，因为匆忙，没来得及记下这位女服务员的名字，不过总体来说，花园的服务的确不错，给客人一种真正回到家的温馨感觉。,红棉大床套房,套房
1949,关于整体满意度和前台服务的评论,1985,春节期间入住酒店，后花园特别惊艳，大厅布置的喜气洋洋、充满过年气息！使人精神特别愉悦！酒店房间确实有些年代感、但胜在酒店的历史和服务！实名感谢行政酒廊的CARRIE小姐姐服务到位、热情洋溢！还要感谢大堂的小花小姐姐给我们及时解决了加床问题！花园酒店、特别喜欢！会再来哦！,花园行政双床套房,套房
1950,关于整体满意度和前台服务的评论,1986,不错的酒店体验 花园太赞了 服务很棒 下电梯就有EllIE小姐姐可以解决我们的各种疑问,红棉大床套房,套房
1951,关于整体满意度和前台服务的评论,1987,不愧是国内仅有的三家白金五星级酒店之一。虽然有些年头了，但是维护的很不错。大堂金碧辉煌的，随处可见的兰花。酒店园景也超棒。你能相信在广州城中的酒店能有如此美的园景。4楼还有一个酒店自身的博物馆。酒店的服务也很好，每个工作人员都很专业。尤其是前台帮我们办理入住的viria小姐姐。态度特别好，很专业，还给我们升级了房间。房间比较新，应该是新装修过了。同时酒店的早餐也不错，种类多，味道好。酒店整体还是非常推荐的，尤其适合带老人家体验。,红棉大床套房,套房
1952,关于整体满意度和前台服务的评论,1988,房间奢华舒适，干净明亮景观好。设施齐全应有尽有，服务快捷周到，响应迅速，行政酒廊的四位小妹妹Echo和Tina活泼开朗，Cathy笑容甜美，中文很棒，Beryle高挑干练，几位小妹妹业务熟悉，对餐厅出品介绍详尽，也贴心地给出酒店度假游玩的建议，非常感谢，非常满意，有机会再去享受花园酒店的白金五星服务,花园大床房,大床房
1953,关于前台服务和餐饮设施的评论,1989,酒店很棒！帮忙登记入住的小邓服务很赞????还免费帮升了房间！酒店的服务小姐姐们都很热情贴心，体验感很好！早餐种类很丰富～游泳也很舒服！下次还来！！！推荐！！！????,花园大床房,大床房
1954,关于整体满意度和前台服务的评论,1990,特别特别满意，酒店绝美，地理位置优越。办理入住的Mancy 真的是人美服务态度好。详细介绍了酒店环境，还提供了旅游交易。在中秋这个美好的日子，酒店贴心的送上了月饼，还有兔子灯。房间干净整洁，没有干扰的声音，床品也非常舒适。住了2晚，在顶楼旋转餐厅和1楼瀑布餐厅都享用了早餐，餐品高级，心情舒适。还贴心安排了远离地铁的房间，真的是丝毫没有影响，在国庆期间，酒店泳池也开放了。很开心的3天2晚，下次还会入住的。再次感谢热情的Mancy哦，大大的赞??,红棉大床套房,套房
1955,关于性价比和整体满意度的评论,1991,花园酒店性价比非常好，最大亮点是带瀑布的花园，下午坐在瀑布下喝咖啡，逛逛花园全家都很喜欢，三层楼还有酒店的博物馆可以参观，前台的黄先生办理入住的时候非常耐心的介绍了酒店餐饮和服务设施。非常愉快的一次住店经历,红棉双床套房,套房
1956,关于前台服务和整体满意度的评论,1992,酒店环境很棒 前台的Cathy和yomi服务很好 酒店还有个很大的后花园也很漂亮,花园行政双床套房,套房
1957,关于交通便利性和前台服务的评论,1993,"做飞机来的，附近地铁交通非常方便！
酒店设施卫生环境都很好！服务也很不错，有需求可以直接找大堂的小哥哥小姐姐，会很贴心及时的帮助你 顺便要特意感谢行政酒廊的Carrie小姐姐，服务特别好，态度很热情??，下次有机会还会再来的！
也会推荐朋友们来哟",城央绿意大床房,大床房
1958,关于前台服务和餐饮设施的评论,1994,每次入住花园酒店，都会有意外惊喜[呲牙]。始终是老牌五星酒店，服务十分到位。管家部行政副管家-许诗玮Janice小姐，细节处做到十分到位，有问必答，亲力亲为。酒店的荔湾亭，环境优雅，十足旧时荔枝湾涌，小桥、流水、树荫、小艇。至于食品，一如既往的喜欢。由于有老人家，荔湾亭的梁经理特别的细心、特别的照顾。点心主管李师傅很专业，虚心，细心听取客人对食品意见。,红棉双床套房,套房
1959,关于整体满意度和前台服务的评论,1995,住宿体验很好，管家Janice服务也非常棒～是很棒的一次旅程！,花园大床房,大床房
1960,关于前台服务和餐饮设施的评论,1996,"设施：广州老牌酒店，设施维护的不错，一进大门就能感受到花园酒店的厚重感。房价咖啡机等配备齐全，备品很香，不错。但对于花园酒店来说，早餐的品类少，不太符合酒店的定位。
卫生：卫生做的干净，没有可挑剔的。
环境：环境自然不用说，酒店后花园很舒服，坐在酒廊看外面喷泉瀑布，很是惬意。

服务：重点说说服务吧，留下印象最深的是前台宾客服务的Tony，得知我第一次来，详细地介绍了酒店各项服务，房间进行了升级，很热情。酒廊的服务也很不错，主动热情。
但瀑布餐厅的服务相比之下就差很多，7点报房号进入，没人带位，前台不主动。",城央绿意大床房,大床房
1961,关于前台服务和公共设施的评论,1997,"酒店员工热情友好，服务专业周到，妥妥的白金五星体验??????尤其是前台接待Ariel，服务非常周到，使我们蜜月旅行的第一站，就感到广州酒店的带给客人的舒适和安心。
酒店的设施完备，除了健身房、游泳池等基本设施外，尤其引人注目的，是几个小酒吧以及夜间的瀑布景致，非常适合度假和放松。
再次感谢前台Ariel热情周到细致的服务。??????",花园大床房,大床房
1962,关于房间设施和前台服务的评论,1998,房间很宽敞，酒店整体环境不错，前台小钟服务态度很好  值得点赞??,红棉大床套房,套房
1963,关于房间设施和前台服务的评论,1999,到店后被告知金卡可以免费升级房间，收获惊喜！花园酒店环境优雅安静，房间干净，有设计感，床品舒适，浴缸体验佳，蓝牙音箱很棒。特别表扬前台小贺，服务周到热情！,花园大床房,大床房
1964,关于前台服务和卫生状况的评论,2000,服务：帮忙办理入住的Viria还有退房时遇到的小雨服务态度非常好 特别热情 效率也很高 服务真的非常专业 我入住的很满意。酒店房间也很不错 很干净卫生 采光也很好 非常推荐～,花园大床房,大床房
1965,关于整体满意度和餐饮设施的评论,2001,住的很满意，酒店环境不错，Mikey等每一位工作人员都很热情专业～ 餐食水准一流！,红棉大床套房,套房
1966,关于公共设施和整体满意度的评论,2002,花园酒店确实很漂亮，花园还有瀑布，4楼还有博物馆，在酒店还能玩一天，管家Viria特别贴心，一次非常好的体验,花园双床房,双床房
1967,关于整体满意度和前台服务的评论,2003,三十年前设计建造的酒店到今天仍然令人兴奋，说明长远规划很重要，修新如新的样式尤其是大堂不变的中国风更让人豁然开朗心旷神怡，卫生整治、布局合理、花园、瀑布是网红亮点，三楼的桃园馆尽管收费不菲，但也食有所值！还会再来，感谢前台的托尼先生為我升級了视线开阔的房间。,红棉双床套房,套房
1968,关于前台服务和餐饮设施的评论,2004,为了看校长在佛山的演唱会，提前在广州选择入住花园酒店，前台美女Viria服务特别棒，细心的介绍酒店的设施分布，贴心的送了两天的早餐，让我们机会把几个特色餐厅都尝试一下。特别推荐桃园馆，味道真的不错！入住满意，推荐！,花园双床房,双床房
1969,关于整体满意度和交通便利性的评论,2005,这个酒店十分值得推荐，周边交通便利，酒店后花园环境优美，舒适宜居。穿粉红色衣服的小姐姐Jane服务很好??。下次还来[胜利],红棉双床套房,套房
1970,关于前台服务和整体满意度的评论,2006,中国最早的一批五星级酒店，老外居多，厚重的年代感，不过保养非常好，管理和服务非常到位，特别是所住楼层的管家小朱，始终微笑相迎。酒店内的美食也非多，值得体验。,花园大床房,大床房
1971,关于整体满意度和房间设施的评论,2007,酒店被鲜花绿树环抱，与酒店名字吻合。大堂富丽堂皇，装饰新颖别致，摆满了精致鲜花，好温馨！前台JUSTIN微笑服务，业务熟练，办理入住手续快，安排房间满意。房间设施齐全，温暖、舒适、卫生无死角，感谢JACK的优质服务。酒店很多餐厅，二楼餐厅广州美食品种丰富，不仅好吃，且服务好。早餐环境好，一边品美食，一边赏瀑布，一边喝咖啡，很享受。酒店后面是一个大花园，有瀑布，有小桥，有流水，也有游来游去的金鱼，鲜花遍地盛开，非常美！四层博物馆值得浏览，记录着酒店的发展历程，很不错！游池、桑拿、健身环境舒适，可以体验。在大堂碰到郑璟，认真听取客人的入住体验，友善解答客人问题，美赞！出行的快乐就是选对了一家好酒店！花园酒店让广州之旅不虚此行！,红棉大床套房,套房
1972,关于整体满意度和餐饮设施的评论,2008,小钟和小花对客人热情周到，服务很好！早餐非常好吃，很丰富，酒店环境不错，卫生干净，住得非常舒服，下次还会再选择。,花园大床房,大床房
1973,关于前台服务和周边配套的评论,2009,位于市中心，贝聿铭大师设计的酒店，极具岭南风格，商务旅游都方便。服务非常有特色，入住办理非常迅速，服务态度很好，入住遇到一些小问题，前台梁婉彤耐心地给我们解决，反映出老牌粤式风格的高水准。红棉大床房的中式风格圆桌很很喜欢。房间卫生干净。酒店及周边吃饭购物方便。,红棉大床套房,套房
1974,关于前台服务和整体满意度的评论,2010,"事隔半年,再到广州游玩仍是选择入住花园酒店,体验还是那么好. 非常感谢登记入住的kasas,因为我们临时决定订住多两晚，给到我们最佳订住方案，我们带着两岁多的小孩，给我们赠送了早餐也升级了房间，小孩在瀑布餐厅就餐很开心??.也感谢大堂liven,我们在大堂等候出租车时，好几次主动协助我们，女儿还主率她手，让我们腾出空间处理其他事情，非常感谢????,大堂lulu在我们退房时给小孩送了一只毛公仔作记念，小孩高兴的抱着回家. 两次入住，我们夫妻俩都十分满意，下次来广州仍会选择入住花园酒店
在此高度表扬Kasas，年纪轻轻，处事大方稳重，态度亲善，安排贴心，希望酒店能够重点栽培这个??可造之才。",花园大床房,大床房
1975,关于前台服务和餐饮设施的评论,2011,"我最近有幸入住了广州的岭南花园酒店，这真是一次非凡的体验。从我们到达的那一刻起，服务、款待和整体氛围都非常出色。工作人员非常有礼貌、细心，总是愿意提供帮助，让我们的住宿非常顺利和方便。

特别感谢 Winnie Lie，她竭尽全力确保我们的入住过程顺利而快速。她的专业精神和热情态度确实为我们整个住宿奠定了基调。

酒店的食物同样令人印象深刻——各种美味佳肴，精美呈现，始终新鲜。

总的来说，我在岭南花园酒店度过了一段美好的时光，一定会再次入住。强烈推荐给所有来广州的人！",花园双床房,双床房
1976,关于整体满意度和前台服务的评论,2012,我刚刚在广州花园酒店住了两晚，这超出了我的预期。工作人员非常热情周到，确保满足我们的所有需求。我们的房间宽敞舒适，可欣赏到迷人的城市景观。酒店的餐饮是一大亮点，提供各种美味佳肴。酒店位置优越，方便客人游览附近的景点。强烈推荐！,花园大床房,大床房
1977,关于交通便利性和前台服务的评论,2013,花园酒店位置极佳，交通很方便，隣近淘金地鉄站。酒店宏伟奢华的装修，令我叹为观止，所有服务人员都很专业，尤其是前台小钟热情招待，还升级我们到套房房间，虽然等多两小时才入住也值得，其间还分配一间普通房间先休息，另我及家人感觉很舒服。下次到广州一定再入住花园酒店。??????,花园大床房,大床房
1978,关于整体满意度和交通便利性的评论,2014,相隔了一年多再次入住花园酒店，和之前感觉一样，配得上我广州最喜欢酒店，对比众多五星级酒店所在的天河，琶洲，花园相对我而言交通更其方便，离南站45分钟，机场1小时左右，办理入住仍然高效，前后不到三分钟，每次都能为我升级我以前经常住的房型，这点就是我每次到广州首选花园原因，自助晚餐性格比高补充食物及时，房间布局舒适大气，用品齐全卫生，广州能令我房间最满意的也是花园，服务也充满人性化，而且还相当高效，每次来住都感觉花园也在不断进步。总之只能给予101分…,花园大床房,大床房
1979,关于整体满意度和公共设施的评论,2015,"我想花点时间表达我对我和家人最近在岭南花园酒店住宿期间的美好体验的真诚感谢。这是我们第三次入住贵酒店，我们再次被深深地打动。

我住过许多四星级和五星级酒店。很难找到一家既符合我所有卓越标准又能让我家人负担得起的酒店。然而，岭南花园酒店超出了我的所有期望。

郁郁葱葱的花园环境，还有瀑布和鱼塘等宁静的水景，提供了与众不同的感官休憩之所。房间一尘不染，员工服务专业、友好、尊重，整体氛围无疑是家庭友好的。

此外，屋顶游泳池为儿童和成人提供了一个放松和享受的绝佳环境。酒店的中心位置为我们的住宿增添了便利，我必须特别提到美味的自助晚餐——我衷心向所有寻求难忘和愉快酒店体验的人推荐岭南花园酒店。再次感谢您的热情款待。我们期待再次光临。",花园双床房,双床房
1980,关于整体满意度和前台服务的评论,2016,我最近入住了广州的岭南花园酒店，这真是一次愉快的体验。从我到达的那一刻起，酒店工作人员就热情周到，确保入住过程顺利进行。酒店设计精美，融合了现代奢华与传统风格。大堂宏伟壮观，氛围宁静，为接下来的住宿奠定了基调。,花园大床房,大床房
1981,关于安静程度和交通便利性的评论,2017,"这家酒店一直是我在广州的首选。员工乐于助人，态度友好。中餐厅的食物总体不错，酒店客人可享受 25% 的折扣。请务必告诉他们您的房间号。附近有不错的餐厅和购物中心，交通便利。地铁站就在酒店旁边，适合喜欢乘坐地铁的人。

但是，酒店后面正在施工。尽管关闭了双层玻璃窗，客房仍能听到噪音。我很感谢接待员在办理入住手续时提醒我，并尽力让我远离施工现场。所以如果你对噪音敏感，请当心。施工时间为上午 8 点至晚上 10 点！",花园大床房,大床房
1982,关于餐饮设施和房间设施的评论,2018,酒店服务、设施可以，早餐食物很一般，咖啡难饮（因??咖啡机坏坏地，另一部全坏，不能使用，晚上楼下地盆噪音很严重，全晚影响睡眠。,花园双床房,双床房
1983,关于整体满意度和公共设施的评论,2019,在花园酒店住得很棒！一如既往。五星级的设施和服务。热水浴缸非常适合在户外放松和游泳。这是我们度假的首选之地。,花园大床房,大床房
1984,关于交通便利性和周边配套的评论,2020,地点在淘金地铁站上，方便自由行去北京路。对面广州友谊商店东西偏贵，款式亦不最新颕的。酒点内的博物馆值得一看。,红棉大床套房,套房
1985,关于房间设施和交通便利性的评论,2021,作为广州老牌酒店，整个服务和地理位子都非常好，酒店门口就是地铁站，出入方便。入住时酒店将房间升级，本是为了浸浴才订这间酒，但发现浴缸一直漏水，所以最后都没有浸到，感觉很失望。,花园大床房,大床房
1986,关于餐饮设施和性价比的评论,2022,套餐很超值，包括了2人早餐和夜茶，夜茶原来是2小时任吃，酒店很有气派，也算维护得很好了，不过食物真的强差人意，夜茶点心种类不少，但套餐里没写清楚是任吃，我们是吃了晚餐再去，最晚21点要到，22点关门，食物完全没有惊喜，还不如其他酒楼，好处是份量少可以多试几种。早餐是清真餐厅都没有猪肉的，但也是不合我的口味，连即磨咖啡也不行，虽然瀑布就在餐厅旁，但玻璃脏不太生得见，来一次见识过就可以。,红棉大床套房,套房
1987,关于前台服务和整体满意度的评论,2023,我最近在花园酒店的住宿非常满意！虽然刚到达酒店时房间还没有准备好，但酒店的前台工作人员Winnie Wei非常友善，主动为我升级了房间，让我感到非常惊喜和感激。房间干净舒适，设施完善，服务也相当周到。强烈推荐这家酒店，期待下次再来！,花园双床房,双床房
1988,关于餐饮设施和卫生状况的评论,2024,"这家酒店的卫生超级棒的!好喜欢在瀑布餐厅吃饭，
在这里用餐是一种享受，瀑布的声音让人心旷神怡！",红棉大床套房,套房
1989,关于整体满意度和前台服务的评论,2025,"趁着圣诞假期，跟家人到广州和珠海玩了五日四夜。25日早上到了广州，便马上到花园酒店放下行李。酒店大堂有一颗很大的圣诞树，绝对是旅客的打卡点。踏入酒店，酒店的员工和前台都非常有礼貌，热情地款待客人。由于时间尚早，房间尚未收拾好，我们把行李存放在礼宾部，便去对面的商场饮早茶。游览完上下九步行街和沙面之后，我们便回到酒店，拿了房卡，便到房间里稍作休息。

由于我们是出发前几天才决定入住花园酒店的，订房的时候没有很仔细地查看， 打开房间的一刻，惊喜地发现房间带客厅的，非常宽敞。我们渡过了一个舒适的晚上。

我们买的住宿券是包早餐和晚上任点任食点心的。所以，稍作休息之后我们便到荔湾享用夜茶。本来我们是预约七点半的，但是都要等候好一会儿才能进去。虽然款式种类不算很多，而味道也只是不过不失，上菜速度都算几快，我们都吃得很饱才离开。

第二天早上在地下的瀑布餐厅享用早餐。也许因为是圣诞节假期外国客人比较多的缘故，我们来到餐厅就发现有很多人排队，等了好一会儿，才安排到四人枱让我们入去享用早餐。早餐的食物选择算是比较多。我们坐的位置就在瀑布前的区域，我们以瀑布作为背景打卡之后，便开始大快朵颐了。

酒店外面就是地铁淘金站的入口，如果不打车，乘搭地铁也是十分方便的。

整体上这次的入住体验十分舒适愉快。",花园大床房,大床房
1990,关于餐饮设施和卫生状况的评论,2026,我们入住的那天是圣诞节，那天人很多，但酒店服务还不错。房间干净，看起来很新，很不错。早餐不是五星级的，大部分食物味道清淡又冷。不过，他们确实提供了下午茶和欢乐时光自助餐，很不错，很愉快。,花园大床房,大床房
1991,关于整体满意度和交通便利性的评论,2027,非常好，舒适，非常漂亮，交通便利，著名地标，服务很棒,粤韵大床套房,套房
1992,关于交通便利性和整体满意度的评论,2028,交通方便，房间舒适，服务优良，地理位置优越，自助早餐丰富，到广州必住酒店推介,花园大床房,大床房
1993,关于交通便利性和前台服务的评论,2029,我次次去广州都住呢间酒店 除咗方便之外 服务亦好好 服务员都好靓,花园大床房,大床房
1994,关于周边配套和交通便利性的评论,2030,用住宿券换了两个房间，前台安排到公寓式大套间，内有4套房2大厅，2佰多3佰平方，地方好大，唯公寓式装修是8O，90年代，还包含了夜茶及翌日早餐，酒店位置十分方便在越秀区淘金站，前方有友谊商店及丽柏广场饮食购物，走5分钟有保利时光里大型购物中心等,花园双床房,双床房
1995,关于整体满意度和前台服务的评论,2031,舒适，服务态度好,红棉双床套房,套房
1996,关于交通便利性和周边配套的评论,2032,酒店地点优越、交通方便、附近美式林立、服务员态度非常好，在旋转餐厅吃早餐非常满意、那个后花园环境非常优美！值得再次入住。,花园大床房,大床房
1997,关于整体满意度和餐饮设施的评论,2033,圣诞节，很热闹，大堂的圣诞小屋还有圣诞点心礼品售卖，早餐可以多种选择，房间很干净，是很广府的文化气息，工作人员都很nice.,红棉大床套房,套房
1998,关于交通便利性和周边配套的评论,2034,地理位置十分方便！楼下就是明洞步行街！,城央绿意大床房,大床房
1999,关于客房服务和卫生状况的评论,2036,"服务非常好??????
酒店环境宽敞优雅舒适?
房间卫生满意，唯一不方便是卫生间跟床之间没有间隔，带小宝宝入住难以防止宝宝出入卫生间。",城央绿意双床房,双床房
2000,关于整体满意度和前台服务的评论,2037,太满意了！我们当天是生日入住酒店，酒店为我们升级了房间，在房间内亦有布置和蛋糕，很贴心。酒店的早餐很好吃，会再次入住。,花园大床房,大床房
2001,关于餐饮设施和景观/朝向的评论,2038,这家酒店很棒。早餐很棒，庭院风景如画，有瀑布、鱼和精心修剪的植物。房间很舒适，清洁工作是一流的。,花园大床房,大床房
2002,关于房间设施和前台服务的评论,2039,"房间

粤韵房设施ok，但有待改善，因为房间没有枱子用，很不方便：房间电视机下面的行李架位置最好改为枱子，方便好多?

服务：接待客人的态度非常好，有礼貌，也有根据我的要求升级换了另一个红棉房间，值得赞扬????",花园大床房,大床房
2003,关于前台服务和体验的评论,2040,大厅办理入住柜台的Winnie服务亲切专业??,花园大床房,大床房
2004,关于前台服务和公共设施的评论,2042,服务态度、环境还可以，由于交易会期间，客人比较多，但服务工作人员都比较耐心，尽快给到房间客人，尤其喜欢室外暖水按摩池，小朋友好喜欢。,城央绿意大床房,大床房
2005,关于餐饮设施和前台服务的评论,2043,"这是我们回国第二次入住花园酒店，我们预订了5天；办理入住的前台玲玲负责接待我们，她的服务态度非常好，解释清晰，非常细心，办理入住手续快捷，安排的房间在13楼房间干净整洁，客房部清洁人员非常勤快，每天准时清洁房间卫生，服务态度也是超好的，总体客房部表现不错
我们在酒店尝试了不同的美食，从桃园馆的早餐，至午餐的荔湾亭还有晚餐的瀑布餐厅的自助餐，最后还有已经二次光顾的「庭」日本餐厅，当然回广州还有点外卖心点评一下餐饮部；早茶的点心中规中矩，不足的地方是虾饺皮较厚，肉质较柴，萝卜糕很好吃
荔湾亭出品；价格跟品质对等，出餐快「因为我们需要赶车去香港转飞机，所以需要40分钟内吃完」部长也快速完成任务，赞一个
瀑布餐厅自助餐；出品满意，食物品种多样，主管Joanna 非常贴心，细致，餐后会细心询问客人的意见与满意度，这是非常难得的c
最后是日本餐厅「庭」；这是我第二次光顾他们，经理与客服人员服务一如既往的5星，食物需要改进的部份是天妇罗，天妇罗的粉浆调的稍浓，所以导致上浆过厚，口感不够松化。
Ps：酒店也贴心的安置了外卖柜在酒店内中国银行的旁边！！如果想喝啤酒，也可以在酒店附设的小卖店购买，我购买了3瓶Asahi辛口啤酒，15元一瓶，「价格合理」。
下次回来会继续入住！",花园双床房,双床房
2006,关于餐饮设施和整体满意度的评论,2044,"非常好！
很棒的点心和种类繁多的早餐！
会再来的！",红棉双床套房,套房
2007,关于房间设施和餐饮设施的评论,2045,酒店位置、餐厅水准、服务质素都相当不错，服务员都懂得英文交流。不过设施虽翻修过但还是有些陈旧，例如充电插座很难插入，网络也慢，找服务人员上门安装了外置路由器解决。早餐有三家可选择，非常不错。,花园大床房,大床房
2008,关于交通便利性和前台服务的评论,2047,"首先，讲吓位置方便 
就喺地铁站隔离
房间大 早餐选择多
有两间餐厅地下同30楼都可以食
地下餐厅有瀑布景观
?30楼系旋转餐厅
入住嘅时候更多得房务经理何小姐协助
何小姐见我及小朋友在前台等候很久
立刻过嚟协助
并立即安排房间
及介绍广州好去处
在此再次感谢
另外所有服务员都很有礼貌，有笑容
房务员见我打开房间门
立即过来询问需唔需要整理房间
倒垃圾及增添蒸馏水毛巾等等
非常积极热情主动
比起其他外国牌子嘅五星级酒店
服务更胜一筹
本人肯定会再次入佳",红棉双床套房,套房
2009,关于周边配套和房间设施的评论,2048,酒店位置很好，去那里玩都很方便，进入酒店好有气派，豪华，外面的瀑布好壮观，锦鲤池很漂亮！但对房间的环境觉得一般，洗手间的玻璃门很卡，洗手间和冲凉房的门需要推来推去共用。最不满意是晚上的点心不包茶水，选择的品种少，没青菜、肠粉的选择，如果需要喝茶，需要 20 元一位，如果是白开水就 18 元一位，所以对不包茶水这一点不太满意。但酒店工作人员的服务态度真的非常好！每一位同事都很热情。,花园双床房,双床房
2010,关于整体满意度和周边配套的评论,2049,酒店非常优雅，但也非常热闹。位置非常好，氛围非常迷人，食物也很好。,花园大床房,大床房
2011,关于前台服务和交通便利性的评论,2050,"咁岩有事返内地，顺路去广州玩兼同老婆庆生。今次入住花园酒店三晚，地点方便极近淘金地铁站。 酒店大堂金碧辉煌，好有气派，前台同事特意帮我哋升级左套房，间房好大而且卫生。感谢帮我地check in既前台同事niki, 笑容亲切有礼，态度和蔼。老婆生日 酒店有送生日蛋糕。全个入住体验十分满意。下次黎广州都会再考虑花园酒店",花园大床房,大床房
2012,关于交通便利性和整体满意度的评论,2051,座标方便，非常满意,城央绿意大床房,大床房
2013,关于交通便利性和周边配套的评论,2052,酒店位置好，近淘金地铁站位处广州中心点，出行那里都方便，附近有很多美食咖啡店，职员专业有礼，客房干净明亮,花园大床房,大床房
2014,关于房间设施和整体满意度的评论,2053,这次订了红棉升级到粤韵，非常宽敞舒适，十分值得推荐。房间装修还很新净，细节安排很好，浴缸超赞，而且住在花园特别有广东风味，不像其他国际品牌，有现代感但没有地方特色。泳池和健身室都不错，不能错过荔湾亭的点心和瀑布餐厅的自助餐。,红棉大床套房,套房
2015,关于餐饮设施和交通便利性的评论,2054,我很喜欢这个地方。它是老式豪华酒店的典范，散发着优雅气息，维护得非常好。房间很漂亮，很有特色，室外场地也很不错。餐厅简直太棒了：Stiller 是我在广州最喜欢的餐厅，铁板烧餐厅很棒，大堂里甚至还有地方可以喝一杯拿铁，还有很棒的糕点可供选择。从红线地铁步行 2 分钟即可到达。,红棉双床套房,套房
2016,关于前台服务和客房服务的评论,2055,"红棉双床房气派不凡, 楼层提供贴心管家服务. 房间整洁没有吸烟的气味. 经平台订了两个房间, 但前台服务员说要自己通知酒店安排同一楼层, 否则要分开分开两个楼层. 等了两小时极力争取下, 方可安排同一楼层.  这方面Trip.com 极需要反映给酒店知道.",红棉双床套房,套房
2017,关于整体满意度和房间设施的评论,2056,房间大且漂亮，非常洁净。酒店员工友善专业。酒店设施很多，遗憾没享用泳池。以五星酒店计，早餐实有空间作出改善。整体入住体验非常好，会再次入住此酒店。,红棉大床套房,套房
2018,关于整体满意度和体验的评论,2057,住了一晚，非常愉快。免费升级到 66 型房。,花园大床房,大床房
2019,关于客房服务和卫生状况的评论,2058,我喜欢一切，房间的服务是5分，清洁度一直保持，唯一的问题是接待处总是有人排队，楼下的餐厅营业到22点，然后才到房间。 总的来说，这是一家很棒的酒店。,红棉大床套房,套房
2020,关于前台服务和安静程度的评论,2059,前台人员不太友好，特别是在退房时。酒店房间太吵，价格相对于酒店房间来说确实很高。,花园双床房,双床房
2021,关于房间设施和前台服务的评论,2060,总体来说，都可以，就是设施有点旧，服务是可以的，免费帮房间升级。前台小哥哥服务好，点赞，最值得看得是酒店的博物馆。,花园双床房,双床房
2022,关于房间设施和前台服务的评论,2061,房间布局和设计不太人性化。工作人员很有礼貌，英语熟练,花园大床房,大床房
2023,关于客房服务和整体满意度的评论,2062,非常喜欢在这里住了两个星期！工作人员非常友好和乐于助人，清洁工总是那么健谈和有礼貌，每天都会把我的房间打扫得那么干净。我一定会再来这家酒店住，也会推荐给我的家人和朋友！,花园大床房,大床房
2024,关于房间设施和前台服务的评论,2063,"本人和父母于2024/06 租住两相连房间 住两日
以下系本人所见所闻
1 浴缸设计独特 位置新颖 但漏水
2 房景若对游客就略微扣分 酒店此处外观需要尽快现代化
3 楼层走?设计很好 和父母拍了多张留念 如果有花香味道就更好
4 重点：房咭住了两天 坏了好多次 希望酒店方不会为其他客户带来不方便 我被安排到其他房间等待维修时 听到此维修人员态度不太好 
5 房间的茶味道确实不太合适 非一般人可以适应
6 图片中的圆镜 接触不好 

本人的祖辈华侨70年代于广州开始生活 眼见国家级酒店兴建 有幸还有气力住两日 百感交集 时代变迁 略低于水准 希望有朝一日重临酒店",花园大床房,大床房
2025,关于前台服务和客房服务的评论,2064,广州传统老牌五星洒店，?位置非常优越，?酒店配套设施也齐全。?宽敞的接待大厅，?算系国内行业中可能最大的。?客房服务也相当不俗。???这次带着怀旧情怀之意，?为工作便利刻意选择了环市东路商圈的花园酒店?一晚。????大堂接待亲切有礼，?客房部员工也尽职服务服务！?本想在顶楼旋转餐厅与客户晚膳＇?只可惜已关闭四年了。?唯有选择了酒店的日本料理餐厅。?环境尚算可以，?食物质素尚可。??结帐后，??餐厅职员第二天上午，在我催促下才给予我发票????这是一间正常餐厅不应该出现的错误行为。?系这次商务唯一不愉快的地方。,花园双床房,双床房
2026,关于整体满意度和性价比的评论,2065,"第一次住广州花园酒店，日式的房间很好，性价比超级高，关键是服务也超级好，行政酒廊的Carrie、Aimee、Mignom的服务很热情，回家的感觉,下次来首选花园酒店??",花园大床房,大床房
2027,关于整体满意度和交通便利性的评论,2066,很棒的酒店，非常干净，位置非常好，靠近地铁站，附近还有洋餐厅，靠近市中心。环境非常舒适，前台服务态度非常好，特别是年轻的才女Niki。她真的很受人尊敬，非常专业。,红棉大床套房,套房
2028,关于餐饮设施和整体满意度的评论,2067,非常好的酒店，早餐很棒！,花园双床房,双床房
2029,关于整体满意度和餐饮设施的评论,2068,房间宽阔，整洁，舒适，用品齐全，工作人员热情款待，由入住开始，有专人招呼，十分体贴，直接带入房间。还介绍洒店内设施，我们入住3天，享用行政礼遇，丰富自助早餐，下午茶，欢乐时光。出品唔错，还品尝二间米其林歺厅，荔湾亭，桃园馆，吃到美味佳肴，下次一定会再来！,粤韵双床套房,套房
2030,关于整体满意度和前台服务的评论,2069,不愧是老牌的五星酒店，服务和硬件都无可挑剔。适逢广交会，人比较多，早餐也开放了三个餐厅，最起码我就不用等。早上还在我住的楼层电梯口那边准备好?啡，给那些睡过头赶出门的住客提供了贴心服务。这次房间被免费升级了，多了个客厅可以用。房间洗漱用品都很全，连漱口水也有。贵是贵了，但是物有所值。,花园大床房,大床房
2031,关于周边配套和餐饮设施的评论,2070,酒店环境服务周边商场交通配套都很好，自助早餐款式选择味道也不错，用餐餐厅瀑布环境才是重点。房间洗手盘边位长霉菌需留意。,花园双床房,双床房
2032,关于卫生状况和安静程度的评论,2071,"地方清洁，房间舒适，虽然住在电梯旁，但也非常安静。
房内有咖啡机，咖啡不错。
大堂漂亮，有很多员工。
当天好像有conference, 外国人比较多，所以他们处理有点缓慢，但最后也",花园大床房,大床房
2033,关于整体满意度和卫生状况的评论,2072,酒店环境一流，干净舒服。多次入住，保持白金水准。孩子们很开心，在博物馆也学到很多知识，下次来广州还会选择花园酒店。,羊羊得意主题大床房,主题房
2034,关于餐饮设施和整体满意度的评论,2074,"服务：优质服务酒店的最大特色！果然是白金五星酒店！

设施：拥有多间米其林特色餐厅，每一间都值得一试，当然，价格也不便宜哈??",花园双床房,双床房
2035,关于房间设施和退房/入住效率的评论,2075,一间老牌国宾馆，名气大，设施好，近地铁，附近没有什么食肆，酒店内的人造瀑布非常漂亮，拍照位甚多，我们订的套房很舒适，面积大，床上和洗澡用品亦好，设备齐全，唯一就是 check in 取房排队时间较长，等了差不多 45分钟，但大堂又没有什么梳化坐椅给客人休息，这点可以改善一下。,红棉大床套房,套房
2036,关于客房服务和房间设施的评论,2076,带孩子全家出游，定了红棉双床房，给12岁儿童免费加床。一房一厅非常舒适，孩子很喜欢，客房服务周到，忘记带转换插座和UBS线，酒店都能提供！,红棉双床套房,套房
2037,关于前台服务和客房服务的评论,2077,"老广的No.1

一入门的确被红楼梦的金碧辉煌惊艳到了
迎宾的小姐姐们也人手充配企待客有方

新年的缘故特意订了比较高小小等级的房型

下午三时到达也排了半小时队才能登记
被告知房间未收拾好
问了我们联系电话说是准备好便会打给我们
再问了迎宾的小姐姐
被告知晚上回来肯定有房的
令人好气又好笑
结果到我们晚上10点多回酒店也未收到电话

房间虽然装修过
也算是对得起国内五星酒店的标准的
和天河那边的新五星是无法相比的了

第二天回来，又另一件趣事发生
洗手间和洗手间垃圾桶没有清理
打电话去问为什么没有清理
竟然说我们开了「请勿打扰」
第一我们肯定是开了「请打扫」
第二如果我们开了请勿打扰
那贵酒店收拾了我们的床铺啊，客厅的垃圾桶啊，更换了毛巾啊…那不是前后矛盾？
于是他们们又急急派了人来处理

反正吧
如果会来广州住不同的酒店体验一下
这老广的白金五星是可以试一下的
那种80/90年代的繁花味道还在
如果不是常来广州
又不希望有太傻的服务
那住过去天河的新五星吧",红棉大床套房,套房
2038,关于交通便利性和卫生状况的评论,2078,"酒店位置邻近地铁站，非常方便。酒店房间非常整洁，每天除了基本清洁和更换毛巾，更每日提供新的拖鞋，非常贴心。
此外，位于30楼的餐厅食物质素良好，除了早餐，更有行政下午茶及欢乐时光可供享用。
因我于春节期间入住，酒店亦提供不同活动，虽然我没有时间参与，但亦突显酒店的用心。",花园大床房,大床房
2039,关于整体满意度和前台服务的评论,2080,免费升级到新房型，非常好的体验。花园厚重的历史从大门就能感受到是妥妥的广州天花板之一。员工的服务态度也是世界五星级的。宝宝很喜欢门口的大羊羊和钢琴上的小羊。唯一遗憾是周日入住没赶上酒店博物馆，周一刚好不开,红棉大床套房,套房
2040,关于卫生状况和整体满意度的评论,2081,环境好，房间舒服干净,花园大床房,大床房
2041,关于房间设施和卫生状况的评论,2082,"房间休息好舒服，好干净，是一间拥有好好硬件的酒店，服务员好有礼貌，体验到酒店人材训练有素。
房间不好方面是冲凉时如果是用淋浴会令外面地下湿晒，隔门及淋浴头需要适当地维修。
酒店瀑布餐厅的晚餐自助餐只能说是求精不求多，只是食物都不多，某些受欢迎食物长期没。另外自助早餐真心是失望，食物款式少，而且仲要唔好食。(?晚餐可以试下，早餐就真的不用试)",花园双床房,双床房
2042,关于餐饮设施和整体满意度的评论,2084,"一间非常之好嘅酒店、酒店花园非常之优美、服务到位员工非常有礼貌…. 重有惊喜因入住其间是我本人生日、酒店送了一个生日蛋糕??！
为一不满意地方是瀑布餐厅的自助晚餐…食物种类小，选择不多质素非常一般、而且收费和食物质素不成正比！￥300多人民一位食家常小菜自助晚餐有点过份??",花园双床房,双床房
2043,关于整体满意度和公共设施的评论,2085,客房环境，酒店设施，员工服务无一不是五星级水准，简直无可挑剔。花园酒店，酒店为次，实为花园，闻名不如见面。三十年如一日保持水准实属难得。,花园大床房,大床房
2044,关于交通便利性和前台服务的评论,2086,酒店就在地铁站旁边，出行逛街都很方便，办理入住还有送鲜花??，心情一下美好了，另外内部设计设计很好看，就算在酒店里逛逛都能发现新亮点。房间里总体舒适度也够，只因酒店附近有工程在修建，早上8点到晚上10点在室内还是有点声音，就这一点会比较尴尬。入住的话，可以跟前台工作人员咨询一下！,花园双床房,双床房
2045,关于整体满意度和交通便利性的评论,2087,"?带着母亲，?怀缅一下环市东路
? 80年代尾至90年代的暑假
经常在这里出门
花园酒店是我们的回忆之一
?在淘金地铁站口，对面友谊百货， ?很有情怀
??房间也很干净舒适！?
?地下的花园很漂亮，?我和妈妈住得很开心",花园双床房,双床房
2046,关于前台服务和整体满意度的评论,2088,服务周到，热情欢迎，非常好的体验,城央绿意双床房,双床房
2047,关于交通便利性和餐饮设施的评论,2089,"酒店房间明显陈旧，希望有机会可以翻新,但地理位置非常好，一出门就有地铁站交通方便,餐厅服务人员很有礼貌，服务周到,桃园厅，食品质量很好，不愧为米之莲餐厅??",花园大床房,大床房
2048,关于整体满意度和卫生状况的评论,2090,解锁中国改革开放的两间标志性的酒店——广州花园酒店。完全没法想像是一家38年的酒店，酒店房好新好舒服，东西一尘不染，大大的好评。,红棉大床套房,套房
2049,关于交通便利性和前台服务的评论,2091,广州老牌五星大酒店，地点近便，地铁站上盖步行数分钟路程，堂皇华丽金碧辉煌的大堂接待处已是亮点，正值中秋??等待check in时还有接待员亲切地祝福中秋节快乐还送赠了一盒月饼??高档次且大气，房间算大，床褥枕头舒适，出行近便，赞????,城央绿意大床房,大床房
2050,关于前台服务和整体满意度的评论,2092,"虽然对于地下停车场跟酒店本身没有连通有点不满意，但考虑到酒店的历史，还能安慰一下自己。
直到Check in时，遇到非常友善亲切的Gillian，才让我发现，原来这是一间以人为本的酒店。也正式开启了愉快的一天。
因为老人家比较晚到，也很感谢她能帮我解决很多小问题，很多我还没设想到的，都想到了，非常棒！鲜花也让太座和女鹅非常惊喜！
在房间走道遇到任何的工作人员尽管他/她正在忙，也会友善的问候一句您好。
博物馆也是详细记载了酒店的历史，非常值得一观。
结束疲劳的一天，回到房间也被点心吓一跳，真的很轻易的俘虏了女鹅的小心心。

其实住遍了国际五星难免对于服务这点是特别有感，但花园酒店，有让我觉得，一点都不输。",花园双床房,双床房
2051,关于公共设施和餐饮设施的评论,2093,"大堂漂亮宏伟，后面不单有瀑布花园，顶层还有个博物馆，而且店内各式餐厅都有。坏天气都不用出大门了，内里都可消缒几天不闷。
设施：只差没泳池。
卫生：很干净，有自动空气清新机。
环境：一流。
服务：也非常好。",花园大床房,大床房
2052,关于整体满意度和前台服务的评论,2094,"我真的很高兴住在花园酒店，太棒了，24 小时里每天都有灿烂的笑容，新鲜的鲜花，美丽的花园，有瀑布和漂亮的鱼，还有非常非常有礼貌的人员，以及完美的款待。
我爱岭花园??????????",花园双床房,双床房
2053,关于房间设施和前台服务的评论,2096,我们都很满意房间，又大又整溸，还是刚刚装修完，唯一可惜就是泳池正在装修停用。在此特别感谢员工 Aerial 很有礼貌及有耐性解答我的问题，最后还帮我将房间升级了，令我有宾至如归的感觉，下次再到广州，一定再会再入住花园酒店?,红棉大床套房,套房
2054,关于前台服务和交通便利性的评论,2097,服务态度??交通方便??,花园大床房,大床房
2055,关于前台服务和卫生状况的评论,2098,"职员专业友善，环境十分洁净??
只是附近有很多任务程，开车去不太容易找",花园大床房,大床房
2056,关于房间设施和公共设施的评论,2099,"花园酒店好唔掂！无下次！网上说她好的人绝对是日行一善。酒店大堂气势磅礴，叻得下人。但上到去房间，**一样，装修和设施保持在30年前水平，一点也没有改变。图1，大厦外墙石屎剥落。图2，浴帘霉菌茁壮。图3，墙纸磨到花碌碌。其他图可见，容容烂烂的一间""五星酒店""。一般来说，每年七八月乃旅游旺季，修缉泳池要等冬天才弄，这是常识吧？花园酒店实在烂得要紧，泳池等不及冬天，现在已经停用了。其陈旧程度可见一斑。",红棉双床套房,套房
2057,关于整体满意度和前台服务的评论,2100,谢谢酒店免费给我升到行政房，会再次入住！,花园大床房,大床房
2058,关于整体满意度和前台服务的评论,2101,"到处都是花的花园酒店，到步登记入住便送上两支鲜花??！
太太指定再要入住的星级酒店！",花园大床房,大床房
2059,关于房间设施和交通便利性的评论,2102,房间漂亮、舒适、床比较软，冷气好够凉，洗澡热水够热。地点方便，有地铁淘金站一出就到。自助早餐多种可选，味道唔错。,花园大床房,大床房
2060,关于餐饮设施和性价比的评论,2103,"20年没来广州了 第一次住招待所 自助餐就是让人更加雪上加霜 太糟糕了  200元的早餐 我只能选一碗白粥。

太差了  太差了",花园双床房,双床房
2061,关于客房服务和房间设施的评论,2104,服务良好，设备高级，可惜入住当次房间打扫不确实（双床之间走道有点脏），床上被子里遗落一坨头发。厕所跟卫浴门用滑门共用挺特别的。,花园大床房,大床房
2062,关于退房/入住效率和房间设施的评论,2105,"我在1922号房间，碰巧冷气空调漏水。酒店帮我换房到1388商务房。安排快捷。

退房有服务员接过我的房咭，简单询问有没有consume 房内food and beverage 便可以离开，不用queue up 长长的人龙。

2楼中式点心餐厅，价格相对高但服务态度良好。我点了牛肉，肠粉及糯米鸡都不俗。",花园大床房,大床房
2063,关于前台服务和餐饮设施的评论,2106,"我们的订单每天有2份早餐，但酒店记录只显示1份。我们必须出示trip.com的确认信息（幸好丈夫已经打印出来了，我们在订单中找不到了），他们检查了他们的记录是错误的。接待处的比利没有微笑，我认为他应该让我多加 1 份早餐（因为提前添加有折扣），但他没有这样做，让我花了半个小时来证明我应该吃 2 份早餐第二天早上。经理 Yannes 已经道歉并让我们在 VIP 休息室吃早餐（下午茶时间和欢乐时光也免费）。食物只是一般。女服务员问我食物还好吗，我说班尼迪克蛋面包太软了。然后她回答说通常人们不吃面包。你觉得她的回答很奇怪吗？
酒店很宏伟，花园和池塘很漂亮，房间很舒适，但你可以听到隔壁房间的噪音。保洁阿姨笑容很好，很有礼貌。
非常靠近地铁站和点豆鸭餐厅。",花园大床房,大床房
2064,关于交通便利性和安静程度的评论,2107,邻近地铁站，位置方便。最可惜嘅地方，系附近有工程比较嘈。酒店房间都算新净，舒服。下次会再来的，不错不错,红棉双床套房,套房
2065,关于卫生状况和安静程度的评论,2108,地方比较旧，办理入住要排队15分钟以上，一开始就我一个人在排队。清洁不太好，淋浴间有很多霉菌。我住在 21 楼，外部施工非常吵闹。所以我睡不好觉。,花园大床房,大床房
2066,关于整体满意度和卫生状况的评论,2109,酒店服务上选，卫生，设施中上,红棉双床套房,套房
2067,关于前台服务和安静程度的评论,2111,服务人员态度差，不礼貌对待客人，住两晚，第二日房卡已经唔可以用，去前台续，工作人员要查这查那？加上现在附近建地铁站比较嘈！一早就嘈，酒店指引不是太清晰！但房间环境还不错！,花园大床房,大床房
2068,关于卫生状况和前台服务的评论,2112,房间整体环境干净卫生，服务贴心，自助餐丰富，款式多样，本人不舒服酒店管理人员也马上作出妥善调整安排，万分感谢！,花园大床房,大床房
2069,关于房间设施和整体满意度的评论,2113,疫情后和丈夫一起陪老父返广州扫墓，选了入住著名的花园酒店两晚，由于需要加床，于是加钱提升了房间至套房，感觉物有所值，房间大以及干净整洁，而且隔音不错，见老父虽然疲倦但晚上仍睡得好，很难得。退房日早上到花园走了一圈，花园设计及打理得很好，鱼池锦鲤处处，生气勃勃；也到了三楼的博物馆走走，博物馆比我想像中规模大，设计也很到位，老父见到珍贵的旧相片也回忆到当年在广州的旧事呢！离开前到米芝连级中菜厅桃园馆享用了一餐值得回味的美食，十分赞！,花园双床房,双床房
2070,关于整体满意度和体验的评论,2114,很喜欢我的住宿体验,花园大床房,大床房
2071,关于前台服务和房间设施的评论,2115,入住时，前台Vivia小姐非常亲切的?接待，升等到新装修套房装潢非常精致，期待下次再次入住，祝花园酒店生意兴隆！万事如意??,红棉大床套房,套房
2072,关于卫生状况和房间设施的评论,2116,酒店很大。又旧又脏。我住在高级舒适房，我的同事住在普通房间。虽然房间是禁烟的，但房间里有烟味和灰尘味。酒店本身很破旧。,红棉大床套房,套房
2073,关于房间设施和餐饮设施的评论,2117,漂亮干净的客房。很棒的晚餐。,花园大床房,大床房
2074,关于性价比和前台服务的评论,2118,好似都无乜加价，平咗好多咁，我地原本拣每晚$1100 港币嘅大床普通房，去到check in 酒店帮我地升级去每晚千八蚊港币粤韵大床房，唔须要补差价，服务细心，房间装修新净，地方干净！所有酒店应该备有嘅物品都唔缺少。,花园大床房,大床房
2075,关于整体满意度和交通便利性的评论,2119,第一次入住，柜台特别安排中间的房间15楼，虽然旁边有新的地铁站在施工，但入住期间没有被施工噪音影响，连续住了三天非常舒适，非常推荐到广州的旅人可以入住，交通便利。早餐基本的都有，环境干净，吃饱还可以到外面的花园瀑布散步走走景色优美。,花园大床房,大床房
2076,关于整体满意度和房间设施的评论,2120,好怀旧又不失现代感的装修，房间很大很舒适，特别欣赏酒店内的博物馆，里面的收藏真系好有心思，值得下次再来看,花园双床房,双床房
2077,关于安静程度和房间设施的评论,2121,房间很舒适，但是床有点太软，而且外面有工程进行中，嘈音很大，不得不要求换房间，幸好最后也安排了。早餐种类可以，但餐厅装修很土。所有的职员都十分有礼，值得再次入住。,花园大床房,大床房
2078,关于前台服务和整体满意度的评论,2122,一切都很完美，尤其是在柜台的托尼非常非常乐于助人！我们下次肯定会回来??,花园双床房,双床房
2079,关于交通便利性和整体满意度的评论,2123,酒店位置十分方便，酒店设施非常完善，房间内环境卫生令人满意，酒店内食肆的质素非常高！服务人态度亦殷勤！值得推荐！,花园大床房,大床房
2080,关于餐饮设施和整体满意度的评论,2124,"大堂很漂亮，有中国新年装饰。
预订细节有误会，但很快就处理了。我认为这是预期的。
有意见说设施老旧，但干净舒适。房间卫生很难维护，所以是一流的酒店。
酒店的早餐是自助式的，一切都很美味。
酒店内的点心餐厅非常好吃，我们只能在这家酒店才能品尝到。脆皮特别好吃。
另外,是想住在的酒店。",红棉双床套房,套房
2081,关于客房服务和前台服务的评论,2125,"在广州生活了快30年；第一次入住这个在家门口的老牌酒店，本次作为生日的staycation旅程，总体感觉还是比较满意的，主要想提及一下下面几个方面：
一、服务
1.入住时因为是岭南金卡会员，主动升级了一个小套房和告知有一位行政酒廊礼遇，前台工作的同事也很热情；
2.作为第一次体验行政酒廊的‘大乡里’来说，特别要感谢及点赞酒廊里面的同事Cons小哥哥，服务非常周到，同时因为到达时间已经是happyhour了，Cons还特地来写了一张邀请函，说明天我们退房后还可以来体验下午茶，很贴心??
3.晚上因为胃部不适外卖了药品，因为实在走不动，致电前台希望能有同事帮忙送一下到房间，结果遭到冰冷拒绝，还是需要拖着不舒服的身体到楼下去取，这个是令我的体验感大打折扣的。
二、房间
升级了小套房，比较古色古香岭南风格的设计很舒适，但是希望酒店还能在细节方面再注意一下：
1.床脚其中一个角的床单没有折好，令人感觉有点‘唠搞’
2.客厅的地毯上估计是一些边角位吸尘没有很注意到，有一些饼干屑一样的东西，希望可以注意一下
3.被套上有一小点红色，但是看起来不像血渍故没有让客服去处理
4.放置备品的小架子希望客房人员注意一下彻底的清洁，虽然小抽屉拉出来拉一半看不到，可是牙刷拿出来发现小抽屉靠里面的位置居然残留上一位客人用过的剃须刀外包装纸盒，究竟有没有认真清洁这个我真的要打一个问号了。

总之，此行总体体验感还是很不错的，服务很加分特别是Cons小哥哥真的令我感到像老朋友一样的窝心",花园大床房,大床房
2082,关于整体满意度和交通便利性的评论,2126,"酒店整体满意，位置方便旁边就是地铁站
住的很满意，Mikey帮忙退房服务很热情周到～
下次还会考虑入住花园酒店",花园大床房,大床房
2083,关于整体满意度和公共设施的评论,2127,这家酒店非常适合商务和家庭入住，我真的很享受这次住宿。他们在酒店内也有博物馆,花园双床房,双床房
2084,关于整体满意度和体验的评论,2128,环境幽雅，很舒服,红棉大床套房,套房
2085,关于性价比和交通便利性的评论,2129,非常满意，这个时间，这个价格属于性价比非常高了。而且就在中心附近，出入也非常的方便。尤其是早餐，是目前吃过最满意的,花园双床房,双床房
2086,关于房间设施和餐饮设施的评论,2130,房间非常好，设施设备齐全，服务热情周到，酒店的餐饮也非常好。花园酒店有一个博物馆，介绍了酒店的发展历程，非常值得看看。,花园双床房,双床房
2087,关于前台服务和整体满意度的评论,2131,给领导定的酒店。大堂真的超显气派，不愧是广州第一家五星级酒店，进去就让人感觉与众不同。前台也别具一格，价格小贵，但服务真好！,花园大床房,大床房
2088,关于前台服务和整体满意度的评论,2133,这是我第二次入住该酒店了，为什么会选择继续入住呢，因为这里的服务，环境，前台工作人员的热心都让人宾至如归，我记得第一次我们订了5间房，但是不在一个楼层，前台好像叫什么Cookie的漂亮小妹不仅给我们几个朋友协调了同一楼层，还免费升级了，让你记忆深刻。如果下次让我选择我还是会继续选择该酒店入住。,红棉双床套房,套房
2089,关于整体满意度和卫生状况的评论,2134,"出差的好住处，花园酒店虽然有年头了，但是维护很好也很干净，前台，餐厅和客房服务都很不错。
房间比较大和舒适，提供的洗护产品味道很好",花园双床房,双床房
2090,关于前台服务和客房服务的评论,2135,房间做了升级，谢谢Rem????，续住的时候不用我去前台排队办手续，帮我把做好的房卡送到房间，谢谢小谢??????，宾至如归具像化，期待下次的相遇??????,红棉大床套房,套房
2091,关于前台服务和景观/朝向的评论,2136,酒店前台YOLO服务好！！酒店各项设施也很不错，入住还有欢迎水果！景观很不错，推荐入住，酒店地理位置特别好，去各个景点都很方便！早餐多選擇，非常好味??,花园大床房,大床房
2092,关于交通便利性和前台服务的评论,2137,老牌子的酒店，交通方便，旁边就有地铁，车到酒店服务人员帮助拿行李，前台帅小伙帮忙升级一间房间，虽然过程有点慢，但对房间还是非常满意，毕竟过年人多，酒店管理还是挺有序的。早晨的瀑布歺厅早歺挺不错，一边吃饭一边看着瀑布，心情非常好，参观了酒店的博物馆，了解酒店发展史，真的不错，总之游广州住花园酒店是个很好的选择。,花园双床房,双床房
2093,关于房间设施和整体满意度的评论,2138,来广州五天四晚，全住在广州花园酒店，前两天红棉大床房，后两天行程临时改变退了后面的酒店想这边续住只有绿央双床了，酒店所有的服务都很好，入住送了精致的点心，携程钻石关联了金卡赠送了早餐和行政酒廊，行政酒廊有个外国面孔的女孩非常热情，酒店有个博物馆可以进去看看，小花园不大但是打理的不错，红棉大床房我和家人都非常满意，干净宽敞没有异味房间也比较漂亮，但是换到绿央觉得有些糟糕，房间很小，设施陈旧，有霉味，这些我也能理解毕竟老酒店，但是绿央房间的玻璃非常的脏，这个是我理解不了的，酒店窗户开的话需要签免责声明，我不理解为啥不能给装上限位器，一开始住红棉楼层比较高我也没敢开，但是绿央霉味太重孩子进去就老咳嗽，我就叫把窗户打开了，但是就很操心，实际我订房后面绿央比红棉每天还贵600+，红棉推荐，绿央房强烈不推荐。,红棉大床套房,套房
2094,关于客房服务和餐饮设施的评论,2139,"春节期间订了三间房住了四晚，新春南国醒狮很有特色，酒店大堂布置的很好，还有新春手工活动。
房间打扫的是一个尼泊尔小姑娘，虽然语言不通，但是她态度非常好
自助早餐一层，三层，三十层都可以，种类基本上一样
酒店的博物馆很值得参观，孩子参观后还用了相关内容做了寒假作业",花园大床房,大床房
2095,关于卫生状况和前台服务的评论,2140,"酒店在市中心出行很方便门口就是地铁站。服务人员很热情友好。但是首日入住晚上准备睡觉时被床上用品卫生条件吓一跳有点怀疑清洁人员是否退房以后更换床上用品。发霉严重如果没有发现会影响身体健康。希望五星级酒店注重床品卫生
卫生：床品发霉",花园双床房,双床房
2096,关于整体满意度和周边配套的评论,2141,多年前就有去花园酒店住一住的想法，这次带着老的小的终于来了，虽然我们就生活在广州。可能还没到过年，酒店帮我把大床换成双床了，赞！去到办理入住，等了有一会，不过还是值得的。酒店环境不错，最惊喜的是她家的后花园，在寸土寸金的环市路，还有这一方天地，很棒！再说吃的这方面，感觉不达预期，特别是荔湾亭，出品和价格不成正比，只是盛名在外吧！,红棉大床套房,套房
2097,关于周边配套和整体满意度的评论,2142,是我喜欢的酒店风格没错了。酒店的位置很好，就在沙面岛上，无论是欣赏珠江的风光还是探访充满风情的沙面建筑群都特别方便。值得表扬的还有吃白天鹅的早茶太方便啦，住酒店可以直接预约，不用排队。,红棉大床套房,套房
2098,关于整体满意度和餐饮设施的评论,2143,酒店房间宽敞设施完善，节日气氛浓厚。本来计划一天后去长隆玩住长隆附近，但是孩子们超级喜欢这里的瀑布和花园，早餐美食，又续住两天，游玩长隆后也要回来。下次来广州还住这??,花园双床房,双床房
2099,关于前台服务和客房服务的评论,2144,服务满分，帮我两个房间都升级了套房，早餐也送了一份小朋友的。吃的很满意！那一层有个年轻阿姨打扫，房门出出进进都能遇到，打扫的很干净。花园又大又漂亮。,花园双床房,双床房
2100,关于整体满意度和餐饮设施的评论,2145,酒店过年装饰很有年味。有年会摆摊和舞狮活动。房间送的小食也很有年味喜庆。我们年夜饭也是在酒店瀑布餐厅享用单位。酒店整体还是有五星级酒店的标准的虽然房间有些小了。,花园双床房,双床房
2101,关于前台服务和体验的评论,2146,今天在花园酒店入住，一如既往的好评，今天特别的是Winnie 用心的服务，帮我妈妈用心解释。,花园大床房,大床房
2102,关于整体满意度和卫生状况的评论,2147,每位酒店的工作人员都非常的热情，特别是rain让人感觉很舒服，环境也很赞，最主要的是干净卫生，这个价格入住这个酒店真的是超值，下次有机会一定会再来，停车方便，入住很快，房间也比较舒适，价格不贵，环境也不错，房间干净，入住首选，满意！,花园大床房,大床房
2103,关于前台服务和整体满意度的评论,2148,"设施：很齐全，质量很好
卫生：很干净
环境：很豪华
服务：很到位特别热情，尤其是入住办理的美女Grihan女士服务特别满意??给个大赞",花园大床房,大床房
2104,关于交通便利性和周边配套的评论,2149,房间很好，整洁。去那里都很方便，交通便捷，对面就是广州酒家。服务很到位，好多个餐厅，吃饭很方便。各式的服务人员，各司其职，办理入住和退房，基本不用等等待。,花园大床房,大床房
2105,关于卫生状况和整体满意度的评论,2150,"卫生：酒店卫生干净，尤其房间卫生做的十分好
环境：环境舒适，尤其是酒店后花园十分漂亮
入住：前台办理效率高，VIRIA办理入住的，十分娴熟",花园大床房,大床房
2106,关于整体满意度和房间设施的评论,2151,酒店的环境非常优美，让人流连忘返。客房宽敞明亮，家具摆设高雅舒适，让人倍感温馨。酒店还提供免费的无线网络服务，让我们在旅途中可以随时保持联系。酒店的位置也非常便利，距离景点和商业区都很近，我们可以在闲暇之余轻松游览城市的各个角落。此外，酒店的餐饮也是一大亮点，各种美食应有尽有，让人垂涎欲滴。总之，这家酒店给我们留下了深刻的印象，我们会极力推荐给我的朋友和家人！,花园大床房,大床房
2107,关于整体满意度和周边配套的评论,2152,"设施：齐全
卫生：干净整洁
服务：完善，非常适合和家人一同进行旅行，地理位置也合适，周围有很好吃的餐厅，整体满意，会再来的",红棉大床套房,套房
2108,关于餐饮设施和公共设施的评论,2153,挺好的，使用携程订享受金会员，还能使用行政酒廊，现在更新之后在一楼，特别好！另外是酒店早饭的餐厅选择特别多！,花园双床房,双床房
2109,关于整体满意度和交通便利性的评论,2154,"非常好，推荐，以下是几个不同角度的酒店评价示例，你可以按需参考呀：

好评示例

这次入住的酒店体验超棒！位置绝佳，就在市中心，出行游玩特别方便。房间布置得很温馨，整洁又舒适，床品柔软，睡得特别踏实。酒店服务人员态度更是没得说，热情周到，有求必应，让人感觉格外暖心。餐饮也很有特色，种类丰富，味道可口。总之，是一家非常值得推荐的酒店，下次还会选择这里。",花园大床房,大床房
2110,关于前台服务和整体满意度的评论,2155,这个酒店非常好，经常给我升级，特别是前台的kasas小哥，帮我安排房间非常好，特别感谢花园酒店，让我感觉到非常的温暖！,城央绿意双床房,双床房
2111,关于餐饮设施和前台服务的评论,2156,酒店大堂富丽堂皇 ，瀑布餐厅很有特色，早餐中西餐都有，工作人员很热情，保安主打帮助把行李拿到房间。大年初一酒店还有舞狮表演,花园大床房,大床房
2112,关于前台服务和客房服务的评论,2157,花园酒店不愧是一家老酒店，服务非常温馨，有人帮拿行李，有人开门、有人问候。吃饭有人引导，房间打扫干净。初一还有舞狮表演。,花园双床房,双床房
2113,关于整体满意度和交通便利性的评论,2158,来广州本来订了一天花园酒店，由于居住感受很好，退了其它酒店，又续订两天花园酒店，家人宁愿打车多半小时路程。,城央绿意双床房,双床房
2114,关于整体满意度和前台服务的评论,2159,每次广州出差都在这里 连服务生都是外国人 花园酒店真是国际化。我们老外同事必需要求住这里,花园大床房,大床房
2115,关于整体满意度和周边配套的评论,2160,优雅的环境，优越的位置，亲切又体贴的服务，大花园有惊艳到我，希望能够一如既往的保持下去！会再次选择入住……,花园大床房,大床房
2116,关于前台服务和周边配套的评论,2161,非常满意，前台一进门金光闪闪，门卫都会讲英文，特别是我们老外喜欢住这里，好多智利水果公司的老外都喜欢住这个区域方便去市场也方便吃住。,城央绿意大床房,大床房
2117,关于整体满意度和卫生状况的评论,2162,"设施：虽然开业比较久，但保养的特别好
卫生：特别干净，有在用心打理

环境：红楼梦主题大墙，特别震撼，又赶上圣诞主题，带娃特别喜欢
服务：好多老外入住的酒店，服务还是跟的上的",红棉大床套房,套房
2118,关于交通便利性和前台服务的评论,2163,这次出来最满意的酒店，没有之一。去那里都很方便，门口就是地铁，打车也很方便。工作人员永远的微笑服务。,花园大床房,大床房
2119,关于前台服务和客房服务的评论,2164,非常满意现场服务,花园大床房,大床房
2120,关于卫生状况和整体满意度的评论,2165,"卫生：非常干净整洁
环境：很不错??很适合打卡拍照????
服务：服务美没得说的，超五星服务",花园双床房,双床房
2121,关于交通便利性和周边配套的评论,2166,酒店老五星，大堂富丽堂皇，房间装修设施有年头但还干净，没有气味住着安心，地处中心周围有许多美食，购物方便地铁站就在酒店旁边,花园双床房,双床房
2122,关于前台服务和整体满意度的评论,2167,酒店环境很好，外籍客人多，大堂装饰大气，工作人员服务不错，尤其是前台小姐姐ANN，贴心周到，十分满意的入住体验,花园双床房,双床房
2123,关于性价比和周边配套的评论,2168,房间超级好 性价比超级高 附近很多吃的,花园大床房,大床房
2124,关于整体满意度和安静程度的评论,2169,房间很安静，感谢Rem帮我升房，感谢小谢送的水果，酒店的餐食太美味了，很美好的体验，期待下次的相遇呀,红棉大床套房,套房
2125,关于餐饮设施和卫生状况的评论,2170,这次在携程订的花园酒店太棒了，早餐特别丰盛，房间也干净，这是我们第二次入住花园酒店了，前台还给我们升级了套房，酒店位置特别好去哪儿都方便,花园双床房,双床房
2126,关于餐饮设施和整体满意度的评论,2171,老牌港式酒店的房间好像都稍微小一点。服务和卫生一流。二楼餐厅味道一流，价格小贵，两人早茶600出头。菠萝包做的真好。四楼的博物馆和一楼的后花园一定记得去逛逛。会再去住的。,花园双床房,双床房
2127,关于卫生状况和餐饮设施的评论,2172,房间干净整洁，早餐十“行政礼遇”菜品都非常丰富美味，酒店位置也非常的捧，座落在市中心的中心，出行非常的方便，酒店傍边就是地铁5号线。,花园双床房,双床房
2128,关于交通便利性和周边配套的评论,2173,"老牌五星
卫生服务较好，设施较旧但环境很好，酒店边上就是地铁站，出行购物都很方便。酒店周边有许多美食。",花园双床房,双床房
2129,关于前台服务和整体满意度的评论,2174,酒店服务从前台到餐厅，还有客房，所有服务人员都很和善。前台 check out 的接待小钟 Rebecca，微笑迎接，业务熟练，非常不错。花园酒店 很多老外，深受国内外住客喜欢,花园大床房,大床房
2130,关于房间设施和餐饮设施的评论,2175,床很舒服，酒店早餐丰富，服务到位！前台Betty接到热情专业，很好得入住体验。,花园大床房,大床房
2131,关于整体满意度和体验的评论,2176,"老牌五星酒店 品质品味在线
很好的入住体验 期待下次再来",花园双床房,双床房
2132,关于整体满意度和客房服务的评论,2177,"服务 打扫 设施都没话说 
春节溢价还不多 
百分之三百推荐",花园大床房,大床房
2133,关于整体满意度和公共设施的评论,2178,住宿体验非常好，各个岗位的服务人员都非常专业热情。商务酒廊很多人来打卡，就说明了室内的瀑布花园很得人心。老牌五星还是靠谱！,花园双床房,双床房
2134,关于前台服务和退房/入住效率的评论,2179,环境和酒店的大堂设计很好，风格独特，不过人员服务很不专业，本来节假日期间，下午2点左右就是入住高峰，应该有这样的应急服务准备，check in 速度很慢，等好久，好不容易等到了，填了一堆表后，竟然告诉我房间没打扫好，时间需要1个半小时，只能把行李放下，先去其他地方逛逛，回来后行李还要自己拿到房间不说，第二天原房续住，只要重新刷下卡就行了，前台穿亮片衣服的小姐姐竟然还叫我和人家check in 的一起再排队，我就火了，重新找了个工作人员，人家帮我重新刷了个卡，2分钟的事，如果前台人员不熟悉流程，应该加强员工的培训，而不是傻傻不懂，耽误别人时间，酒店人员的素质和专业才是最看重的，虚有其表，慢慢就会落寞！,花园大床房,大床房
2135,关于公共设施和交通便利性的评论,2180,"酒店很多外国人，果然是广州的改革开放排头兵。
优点很多，例如花园很好，很多名暖来拍照打卡。缺点就是地下车库的入口位不好找，被另外的牌子混淆了。老地下车库了，没有直接连到酒店大楼，拿着行李有点麻烦，且没有遮雨棚，这一点实在不应该。不过免费升级了套房，给了点安慰。",花园大床房,大床房
2136,关于餐饮设施和整体满意度的评论,2181,很好的酒店，春节时人多，早餐略简单了。花园很好,花园大床房,大床房
2137,关于整体满意度和餐饮设施的评论,2182,"房间很有岭南风情，
早餐也非常丰富
闹中取静有个小花园，
酒店还有博物馆，正经博物馆，很值得。
各种好，唯一不足的是，只有一个室外泳池
十月已经不能下水，嘎嘎冷。
其它都很好，会再来。",花园大床房,大床房
2138,关于公共设施和前台服务的评论,2183,"广州花园酒店非常大非常多的打卡点，听说是有26个这样子哈哈哈

一个酒店里居然还有博物馆，这一点让我非常震惊
然后后花园也有一个二十几米高的瀑布，在广州这个地段 一个酒店能有这么一个这么大的后花园 让我感觉这个酒店挺牛的

然后这个酒店最让我感觉舒适的就是30楼的行政酒廊了
30楼的环境很不错，服务更是锦上添花
Echo的服务态度很好，非常的贴心，我们是下午茶过来的，然后Echo她也非常热情的邀请我过来这里是下午五点开始的欢乐时光，然后我在六点多这样子过来了，欢乐时光比下午茶的食物要丰富一些

然后Carrie、beryle也非常热情 对小朋友很贴心，详细的了酒店好多的打卡点，推荐我们带小朋友去广州花园酒店酒店的博物馆、旋转木楼梯、大堂红楼梦壁画那里看看

我们趁着雨停的时候我们也去了后花园打卡那些植物领取相对应地小礼品，广州花园酒店这个活动确实不错，挺适合亲子互动的哈哈哈

时隔六年来广州玩，这次的酒店选择非常棒，体验很好，行政酒廊的小姐姐们也都让我们感受到温暖

下次再来广州还会选择你们广州的花园酒店",花园大床房,大床房
2139,关于房间设施和整体满意度的评论,2184,酒店帮我升级了房间，和父母一起住了超大的套房，真的感觉特别好，床品也非常舒服，酒店环境也特别好，酒店自有博物馆、瀑布酒店、花园锦鲤池塘都很好，不愧是40年前最好的五星酒店。,花园大床房,大床房
2140,关于交通便利性和整体满意度的评论,2185,酒店位置没的说，非常方便。环境也很不错，服务也挺好的。推荐,花园双床房,双床房
2141,关于整体满意度和卫生状况的评论,2186,房间整洁舒适、服务员很好态度好，下次还会来,红棉双床套房,套房
2142,关于前台服务和整体满意度的评论,2187,非常棒的酒店 也是因为这家花园酒店 喜欢上了这座羊城 当你一踏进酒店大门 从礼宾到前台让人顿觉宾至如归 特别感谢贵酒店Yannis小姐周到 细致的服务 让宾客倍感亲切！,花园大床房,大床房
2143,关于整体满意度和安静程度的评论,2188,作为资深酒店人，对花园酒店品牌情有独钟，此次下榻果真是名不虚传。订的花园大床房，布局开阔，视野独享，难得酒店隔音如此之好，让我好眠无忧。重点赞一下30楼的行政酒廊，为我异地生活增添情趣。echo ， Cathy，  kitty，以及酒廊的每一位员工都那么可爱，有温度的服务让人流连忘返，乃至期待下一次相遇。感谢敬业可爱的花园人！,花园大床房,大床房
2144,关于整体满意度和餐饮设施的评论,2189,广州花园酒店历久弥新。环境优美舒适，设施齐全完善，卫生整洁先进，服务热情周到。我们stay了几天，楼上旋转餐厅体验很好。,花园大床房,大床房
2145,关于前台服务和卫生状况的评论,2190,办入住的时候给了一个小礼品，小姐姐超级好也好看。房间很满意 很有特点，卫生很干净，以后有机会来湖州还会入住,花园双床房,双床房
2146,关于整体满意度和体验的评论,2191,体验感非常好，?服务更是没得说????,花园双床房,双床房
2147,关于整体满意度和体验的评论,2192,环境好 服务好,花园大床房,大床房
2148,关于前台服务和交通便利性的评论,2193,酒店的地理位置优越，交通也很便利，到酒店前台check in 前台的工作人员Ann小姐姐态度热情  服务周到 工作专业度极高，办理入住流畅熟练。 酒店温馨舒适，在旅途中给我放松温馨的感受 ，很棒的服务 很好的酒店 推荐体验。,花园双床房,双床房
2149,关于周边配套和交通便利性的评论,2194,整体不错，周边配套齐全，交通便利，经理服务态度很好。,城央绿意大床房,大床房
2150,关于房间设施和客房服务的评论,2195,一个月第二次入住，这次真的没有前一次的好，尤其是订房题为城央绿意名字根本有误导之嫌？！同时下单只是前后之分。第一次订只说是普通房间8百多，再订时看到城央绿意标志还贵很多9百多，以为是更好一点的外景，没想到还不如第一次，房间设施陈旧不堪，20楼服务没有21楼的贴心，住三个晚上咖啡杯没换、连加咖啡机里面的东西也没有清理;厕所板摇摇晃晃;洗漱台去水口流得很慢，到最后还有很吓人的去水声音！总之，第二次的入住不尽人意,城央绿意双床房,双床房
2151,关于整体满意度和周边配套的评论,2196,不错，推荐，博物馆值得看看,花园双床房,双床房
2152,关于整体满意度和交通便利性的评论,2197,这次酒店太满意了，酒店大气上档次，有底蕴有文化，不愧是大师贝聿铭的作品，由外到内都内涵满满充斥着文化的气息，比我年龄还大的建筑却丰韵尤存。交通也特别方便,花园大床房,大床房
2153,关于周边配套和整体满意度的评论,2198,酒店位置很方便，服务也很好，各种设施很全，二楼和三楼的餐厅也很不错，酒店有不少外国人，还有后面的瀑布和园子造景也相当不错，各方面都符合老牌酒店的水准，住的是套房，酒店通风要是再好些的话就更完美了。,红棉大床套房,套房
2154,关于整体满意度和周边配套的评论,2200,非常推荐，博物馆值得看看,花园双床房,双床房
2155,关于前台服务和客房服务的评论,2201,二次入住，这次时间比较宽裕，更好体验酒店服务和设施，前台betty专业，服务热情，客服服务及时热情，餐厅也好吃。,花园双床房,双床房
2156,关于整体满意度和前台服务的评论,2202,大堂装修豪华，服务到位，非常舒适,花园双床房,双床房
2157,关于整体满意度和前台服务的评论,2203,来广州首选花园酒店，住过好几次了还是非常满意！工作人员热情有礼，感谢Cecilia和Gillian，看到我们带小孩就给我们免费升级了房间～房间干净整洁，早餐品种比较丰富，味道很不错的。,花园大床房,大床房
2158,关于整体满意度和性价比的评论,2204,作为广州本地人，我偶尔住酒店换换心情，常住的是MO，这次换了花园酒店，很是惊喜。花园是广州最老牌的五星酒店，改革开放后算是广州地标了，本地人无人不知，那时是外宾住的，当时还没有四季瑰丽MO。十年前，装修前我也住过，体验也不错。这次是装修后，升级了红棉套房，房间大，设计合理，床垫舒适，按这个价格来说，性价比极高了。服务方面，所有服务人员都很热情，有笑容，尤其多了很多印度服务生，那态度更好，笑得也灿烂。基本上，客人的要求有求必应，服务专业周到，我离开酒店遗漏钱包在保险柜，也马上联系，妥善处理，可以体会出来是正宗五星酒店的服务水平。早餐，4个餐厅，吃的也好。总体来说，这是家有品位，有品质，有文化底蕴的五星酒店，值得！,城央绿意大床房,大床房
2159,关于整体满意度和前台服务的评论,2205,"在广州居住很多年，17年离开后每年也一定会回来小住一段时间，期间住过很多酒店，包括久负盛名的四季、丽思卡尔顿、白天鹅等等，这次花园酒店给我的感受是最棒的，酒店建成虽然年代久了，但是各种细节一点也不马虎，房间灯光的设计恰到好处，不亮也不暗；家具布置使用方便舒适；早餐的每个餐桌都有鲜花；每一个喷泉都干净清洁且保持流水状态；恰逢周一，我还碰到了酒店博物馆闭馆日在按惯例清洁水池，以上所有这些细节都看的出酒店的管理和运作非常良好。酒店四楼的博物馆完全超出了我的想象，开始以为会是一个简单的展示，但其实非常专业，很值得一看。餐厅出品也非常棒，在荔湾亭吃了两顿饭，出品很不错，服务人员会主动告诉我怎么点餐最划算；泳池水干净清澈，配备的救生人员也足够数量，各个角度都能覆盖；酒店大堂富丽堂皇又有底蕴；瀑布和花园的亭台楼阁完美的体现着岭南的风貌。给我办理入住的吴经理，看到我定了前后日期相连的两个订单，一个是普通的花园房，一个是粤韵房，主动帮我把前两天的房间也给升级成了粤韵房，避免我要更换房间的麻烦；入住第二天咨询前台人员，准备购买酒店早餐，前台的Ann小姐特别Nice,见我就是一个人带个五岁小朋友，直接免了早餐，更把后面两天要来会合的孩子爸爸早餐也给送了；离开前一天下午到酒店行政酒廊看看风景喝点东西，行政酒廊的每一位小姐姐都非常亲切周到，主动提供各种信息和服务，其中一位Kitty小姐姐贴心热情的邀请我们第二天一早来酒廊用早餐。入住期间提出的所有要求都及时响应，每天都会送上水果和小食，房间打扫及时卫生，遇到的每一位服务人员都热情耐心，感谢酒店所有人美声甜的小姐姐们和友善贴心的帅哥们，以及所有一丝不苟对品质有所坚持的管理者们，为你们的用心送上大大的赞，也希望能够保留这样的底蕴到地久天长。以后来广州不会再更换酒店了，一定是花园酒店！",粤韵双床套房,套房
2160,关于前台服务和整体满意度的评论,2206,原本对这家建造较早的酒店存有刻板印象，所以只作为备选，还订错了入住日期，在酒店前厅部郑经理热情耐心的远程协调下，不仅调整好日期，还获得了小惊喜。入住后，被酒店红红火火的年味、历史与现代的完美融合和小帅小美们暖暖的服务惊到了。2025的广州春节，为我们整个团队的小伙伴带来了开年好运！,花园大床房,大床房
2161,关于前台服务和整体满意度的评论,2207,相比卓美亚，这里完胜。首先这里窗外毫无景色，我相信选择老牌五星酒店不是为了窗外景色来的，一进酒店大堂所有人都会被那幅红楼梦黄金雕刻所吸引，大堂明亮宽敞，前台办理入住有条不紊，有空房直接升级，赞。大堂礼宾服务周到，人多的时候始终有服务员帮客人按电梯，服务质量和人员完胜卓美亚十条街。房间都重新翻新过，古朴典雅、并且是套房你也敢相信，房间隔音还算不错，只是门不怎么隔音，洗漱用品也升级过了，床品也不错。楼下四家米其林餐厅实在是没机会品尝，下一次一定尝试，酒店内有的园林很不错，瀑布很高，很适合吃完饭在酒店里逛一逛。卫生我唯一没给满分的原因就是泳池的水有些浑浊，不如卓美亚的，不过其他几乎都是优点了，尤其很多航司都在这里过夜，看到阿航的姑娘们的确很美。还会再来,红棉双床套房,套房
2162,关于性价比和整体满意度的评论,2208,??酒店性价比很高，房间也非常干净，服务也很周到，酒店也特别有氛围感，特别有城市花园和小世外桃源的感觉，不愧是花园酒店～下次还会再选择这里的??,花园双床房,双床房
2163,关于房间设施和整体满意度的评论,2209,一如既往的好，喜欢。床特别舒服。,花园大床房,大床房
2164,关于房间设施和公共设施的评论,2210,来广州出差选择最多的酒店之一，设施设备维护妥当，床品的质量也不错，不足的地方在于健身房的设备老旧，只有部分器械做了更换，另外房间的淋浴房水压有点小。,花园双床房,双床房
2165,关于整体满意度和房间设施的评论,2211,广州花园酒店入住体验极佳，设施先进，服务细致，卫生干净，环境宁静舒适，每个细节都彰显高品质，让人印象深刻。,花园双床房,双床房
2166,关于餐饮设施和客房服务的评论,2212,"不愧是老牌五星酒店，贴心温暖，细致到让你无法想象：酒店有三个早餐厅，第一天是1楼的瀑布餐厅，享受大自然的美妙，第二天是顶楼的旋转餐厅，伏视高空美景，第三天是三楼的精致早茶。美味惊艳。
     楼层服务员：lili每天换这花样送惊喜",花园双床房,双床房
2167,关于前台服务和餐饮设施的评论,2213,花园酒店名不虚传，大堂金碧辉煌，花园漂亮大气，餐饮美味，服务非常贴心，环境优美。尤其是30楼行政酒廊的Carrie服务非常周到，对小朋友很有耐心，细心，中文说的非常好?还有Aimee 和Echo美丽大方，热情好客，让客人有宾至如归的感觉，下次来广州还住这里！,花园大床房,大床房
2168,关于前台服务和整体满意度的评论,2214,谢谢，这次会议连着住1周，加上在花园第N次入住，前台Betty给升级。非常好,花园大床房,大床房
2169,关于前台服务和景观/朝向的评论,2215,"选择花园酒店，是一种情怀。
20年前，年幼的我第一次来到广州，就在花园酒店，其间的纸醉金迷震撼到我20年不忘。
20年后，我4岁的女儿第一次来广州，也想让她与我拥有同样的记忆。
特别感谢前台的viria小姐姐，大气的为我们升级了房型，红棉房的瀑布景观让这份美好的记忆再上一层楼，我本来只订了一晚，果断原房续住又加了两晚。
这些年国内国外住过很多酒店，但花园酒店会一直在我的推荐清单上。",花园大床房,大床房
2170,关于整体满意度和前台服务的评论,2216,这次来广州听取老婆意见试试老牌五星酒店，从进酒店开始礼宾到服务员都很热情礼貌，太nice了房间是一厅一房特别的舒适。这次入住真的是我来广州住的最舒服的一次，酒店本身就是一个可以逛和参观的地方，它的底蕴真的是其他酒店无法比拟的。连着续订三晚,花园大床房,大床房
2171,关于整体满意度和房间设施的评论,2217,满意的体验，在广州无论自己度假还是接待朋友，都会首选花园酒店，服务，环境，酒店的活动空间都非常好，房间舒适温馨。,花园大床房,大床房
2172,关于整体满意度和卫生状况的评论,2218,这次入住的房间非常干净，窗外景观不错，位置优越，交通便利，入住体验非常好，前台张荣荣服务态度也很好，帮忙处理了续住等小事情，周到细心很热情，不错，推荐。,花园大床房,大床房
2173,关于餐饮设施和前台服务的评论,2219,菜品和服务都不错，房间也可以的,花园双床房,双床房
2174,关于整体满意度和前台服务的评论,2220,"每次出差都会选择入住广州花园酒店，房间非常干净，舒适，整洁。Lavinia 帮助我快速办理入住，而且安排非常好，行政酒廊Cathy,Beryle.Kanchan,三位的服务很细致，值得体验一下，退房收到Kitty的问候，询问我入住感受，非常满意的一次体验，下次还会选择花园～满分好评",花园大床房,大床房
2175,关于前台服务和房间设施的评论,2221,"服务：超级好，MANCY很细心，很认真。
环境：大厅环境让人眼前一亮，房间环境也很好，床很舒服，枕头软软的。
卫生：很干净，没有异味
设施：2019年重新翻修了的，我们住的粤韵。
打车很方便
之前本来定了2天晚上，后来又续住两天，为我们免费升级了房间，有欢迎的甜点
还送了我们小礼品。",花园双床房,双床房
2176,关于整体满意度和餐饮设施的评论,2222,装修后的花园酒店红棉套房非常舒适，干净卫生，30楼的行政楼旋转餐厅早餐品种很丰富，环境舒服，服务人员态度很好，值得推荐,红棉双床套房,套房
2177,关于周边配套和体验的评论,2223,后花园和博物馆非常适合小孩游玩！,红棉双床套房,套房
2178,关于整体满意度和前台服务的评论,2224,每次出差都会选择入住广州花园酒店，房间非常干净，舒适，整洁。前台Justin帮助我快速办理入住，行政酒廊的Carrie和Cathy服务很细心，退房收到lavinia的问候，询问我入住感受，非常满意的一次体验，下次还会选择花园～满分好评,花园大床房,大床房
2179,关于前台服务和房间设施的评论,2225,"看了各个平台的评论加上有岭南金的会员卡才来订的酒店，但入住感觉很一般。入住时报了金卡会员号，前台没有任何关于金卡会员的介绍。客房没升级、免费早餐也不提、酒廊礼遇还是在我特意询问后才给了一张一个人的礼遇卡。什么欢迎水果，入住三天毛都没看见。我也是开了眼了！
但是酒店装潢很漂亮，公共设施维护很好。只是客房卫生间反味，房型过于紧凑。给娃买了毛绒纪念品，小姐姐得知我们不用开发票直接给我个人微信二维码让我缴费……呵呵了…",花园双床房,双床房
2180,关于整体满意度和周边配套的评论,2226,"设施：虽然是85年的酒店但是保养的还真不错。走廊都没什么异味，只是房间小了点，地板有几块咯吱哇吱响。
卫生：打扫的蛮干净的，就是在抽屉拉手上有灰尘。
环境：周围很多大大小小的餐厅，酒店里也有四家米其林，早餐也很丰盛。
服务：入住办理迅速，每层楼都有服务生迎接，早餐餐厅、行政酒廊及桃园的服务都蛮好的。
尊享行政礼遇（含下午茶及欢乐时光-用餐地点锦鲤酒吧行政酒廊）:餐品丰富、服务热情、景观也很棒。
ps.很喜欢四楼的博物馆，专业级的。",花园双床房,双床房
2181,关于餐饮设施和前台服务的评论,2227,行政酒廊这边风景很好，而且这里的女孩子们服务态度都很好，很有礼貌，有什么需要随时提供帮助，carrie ，Aimee，cathy ，Beryle,花园双床房,双床房
2182,关于餐饮设施和公共设施的评论,2228,每次都是定这家，老人家在酒店可以吃个下午茶逛逛花园。,花园双床房,双床房
2183,关于餐饮设施和整体满意度的评论,2229,服务态度很好 必须打卡花园酒店的经典早茶 设施也是翻新过 度过一个愉快的假期,花园双床房,双床房
2184,关于整体满意度和餐饮设施的评论,2230,酒店大堂和房间都很漂亮，服务员也非常热情。小朋友玩得很开心。早餐下午茶也很优秀。,花园双床房,双床房
2185,关于交通便利性和性价比的评论,2231,地理位置好，出行都很方便，而且团购的券也很划算，推荐大家来体验！是体验最好的一家店了，氛围很好，让人感觉很舒服??,花园大床房,大床房
2186,关于整体满意度和卫生状况的评论,2232,这次入住的房间非常干净，窗外景观不错，位置优越，交通便利，入住体验非常好，前台winnie wei服务态度也很好，帮忙处理了续住等小事情，周到细心很热情，不错，推荐。,花园大床房,大床房
2187,关于餐饮设施和整体满意度的评论,2233,酒店环境很好，服务也很热情。接着续订了两晚，小孩玩得开心。早餐下午茶很好。,花园双床房,双床房
2188,关于整体满意度和房间设施的评论,2234,房间和服务都很一般,花园双床房,双床房
2189,关于公共设施和前台服务的评论,2235,酒店公共设施很好，服务也在线，房间稍显不足，早餐也没有达到预期,花园双床房,双床房
2190,关于前台服务和整体满意度的评论,2236,真的是很满意的一次入住，从进入酒店开始，每一个服务人员都超级贴心，前台小姐姐热情的帮我办理了入住，30楼的mignon aimee Carrie 从下午茶开始就热情并贴心的照顾我，服务超级棒????真心感谢????,花园大床房,大床房
2191,关于房间设施和前台服务的评论,2237,酒店公共设施装修的很好，但是客房内部装修有点老，服务还是不错的，由于预订时房型没看清而选错，入住时前台再三提醒确认及时更改。希望酒店能够将客房内部装修再提升下，以后再来还会选择入住。,花园大床房,大床房
2192,关于前台服务和整体满意度的评论,2238,"设施：一流。
卫生：干净。
环境：古朴典雅。
服务：热情。前台员工对我的态度很好。主动帮我升级了房型。",花园双床房,双床房
2193,关于前台服务和整体满意度的评论,2239,"首先要感谢一下前台的Rebecca,帮我做了房间升级，每次来广州都会选择花园酒店，虽然酒店是最早一批的五星级酒店，但酒店后期有从新翻修过，整体房间设备都很好，酒店的服务也很好，也要感谢一下行政酒廊Carrie,跟她的伙伴们Deepa和Kanchan，她们整体服务真的很好，让你感觉分宾至如归的感觉，真心推荐给大家！！！",花园大床房,大床房
2194,关于交通便利性和前台服务的评论,2240,"广州花园酒店的地理位置十分优越，紧邻市中心，交通便利，无论是商务出差还是休闲旅游，都能轻松抵达城市的各个角落。

步入酒店大堂，大堂的就是一整块刘姥姥进大观园，设计融合了传统与现代元素，展现出独特的艺术气息。前台工作人员的亲切问候和专业服务，让我从一开始就感受到了宾至如归的温暖。

房间内部的装饰同样令人印象深刻。家具布置考究，床品柔软舒适，保证了我每晚都能拥有高质量的睡眠。房间内的现代化设施一应俱全，高速的无线网络都极大地方便了我的工作和生活需求。

服务方面，广州花园酒店的每一位员工都展现出了高度的专业素养和热情周到。他们对客人的需求反应迅速，总是能够提供及时的帮助和解决方案，让我的住宿体验更加顺畅和愉快。特别是前台的Tony，处处能为客人考虑，很贴心。

总体来说，广州花园酒店以其优越的地理位置、典雅的装修风格、舒适的住宿环境、一流的餐饮服务以及专业的员工团队，为我提供了一次卓越的住宿体验。无论是商务出行还是休闲度假，我都会毫不犹豫地向朋友和家人推荐这家酒店，并期待在未来有机会再次入住。",花园双床房,双床房
2195,关于整体满意度和交通便利性的评论,2241,这次很庆幸定了花园酒店，不愧是白金五星 各方面品质在线，出行便利，下次来还会选择花园,花园双床房,双床房
2196,关于前台服务和交通便利性的评论,2242,酒店服务很好，地理位置优越。,花园大床房,大床房
2197,关于公共设施和房间设施的评论,2243,"一切都如此美好，随处可见的精心设计的鲜花
房间古朴典雅
岁月沉积的厚重感，经得住时间考验的高级
空中花园，游泳池，健身房，后花园
美好",花园双床房,双床房
2198,关于卫生状况和整体满意度的评论,2244,"设施：先进。
卫生：极其干净。
环境：优美。
服务：热情。",城央绿意双床房,双床房
2199,关于公共设施和整体满意度的评论,2245,自带瀑布花园的宝藏酒店，大堂布满鲜花。旋转楼梯相当出片，后花园小桥流水，曲径通幽，岩石飞浦。体验感好。,花园大床房,大床房
2200,关于整体满意度和交通便利性的评论,2246,"对于这次住宿非常满意，
设施：非要齐全！
卫生：非要干净！
环境：交通便利、环境优美、舒适、对面就是友谊商场、还有一些网红打卡的店！
服务：非常周到！",花园双床房,双床房
2201,关于安静程度和整体满意度的评论,2247,房间非常安静，感谢Rem帮我升房，感谢小谢送的水果，非常美好的体验，下午可以到花园放空，没有见到上次的小猫咪，她应该是出去捕食去了，希望下次再来的话可以见到她,红棉大床套房,套房
2202,关于前台服务和体验的评论,2248,这里服务真的很不错，并且服务态度超级好，Echo carrie人很好人也礼貌也好看！非常不错,花园双床房,双床房
2203,关于餐饮设施和整体满意度的评论,2249,大堂气派，到处彰显高端气派。特别是食物很美味。唯一不足是房间有点潮湿的味道。,花园大床房,大床房
2204,关于周边配套和交通便利性的评论,2250,广州老牌五星酒店，地处友谊商圈，出行方便，附近吃饭选择地方很多，酒店的服务很好，游玩地方很多，尤其后花园，早餐丰富。,花园大床房,大床房
2205,关于房间设施和餐饮设施的评论,2251,房间挺好的，环境也很好，餐厅也不错，大厅很有特色,城央绿意大床房,大床房
2206,关于整体满意度和体验的评论,2252,环境很好，房间温馨舒适,粤韵大床套房,套房
2207,关于前台服务和整体满意度的评论,2253,老品牌，颇有底蕴的酒店。给人富丽贵气的感觉。喜欢酒店礼宾部Gary小陈的介绍。相比之下，四楼博物馆门口小哥的态度很让人费解，一个酒店博物馆不就是为了推介吸引参观吗，什么要预约扫码，还不对住客有专享，你以为自己专属文旅就可以这种态度对宾客？搞笑了，让人没胃口看了。,花园双床房,双床房
2208,关于整体满意度和前台服务的评论,2254,在ARIEL的帮不下我带着外国客人顺利入住了酒店 大家都觉得这是人生中住过最豪华和友善的酒店 房间很舒服 设施也好 绿化一流 再次感谢ARIEL的帮助,花园大床房,大床房
2209,关于交通便利性和餐饮设施的评论,2255,非常舒适的酒店，地理位置极佳。出门地铁5号线淘金站，去哪儿都方便。酒店服务很好，周到细致。送至房间的点心贴心。喜欢二楼的荔湾庭早午茶，味道好、环境佳，性价比高。,花园大床房,大床房
2210,关于客房服务和体验的评论,2256,感谢客房部的行政管家许小姐的贴心礼物，小孩很喜欢.下次还会来.,花园大床房,大床房
2211,关于前台服务和整体满意度的评论,2258,"第一次住花园酒店，据说白金5星的酒店，服务是真的好得无可挑剔！不知道是不是广交会的原因，几乎都是外国人，酒店工作人员的英文水平很高！就车行李生的英文都很流利！
大堂电梯口一直有服务员，每个楼层都全天有服务员，早上还在每层电梯口提供热茶！真的超级棒！
本来订了两晚的房间，说好是不能取消的，但由于特殊原因，跟携程申请，再与酒店沟通，最后同意提前退房，很人性化！
酒店还设有博物馆，很惊艳！果然是广州的名片，以后去广州，只住花园酒店！
已经又预订了周四周五的房间了！",花园大床房,大床房
2212,关于整体满意度和体验的评论,2259,相当的满意,花园大床房,大床房
2213,关于整体满意度和周边配套的评论,2260,"酒店非常满意，下次来广州还会入住花园酒店?。酒店是可以好好逛逛的，这两天广州天天下雨，入住这里正好可以在雨天的时候在酒店逛一下。

酒店位置挺好的，走路五分钟就可以到广州酒家、利苑等知名餐厅。

为Betty点赞，小姐姐非常nice，工作认真，做事利索",花园双床房,双床房
2214,关于整体满意度和卫生状况的评论,2261,"环境优美舒适宜人，房间干净整洁舒适温馨，
设施：设施先进齐全现代。前台宾客关系经理 Lavinia 和Mancy 服务非常好，热情洋溢，漂亮温柔！",红棉大床套房,套房
2215,关于整体满意度和房间设施的评论,2262,"每个城市都有那么一两家酒店，是当地人从小到大的集体回忆。在长辈们心中，如果谁家喜酒能在这家酒店里举办，那是相当有面子的事儿??
在广州，花园酒店就是这样的一个存在。

花园酒店开业于1985年，是全国仅有的三家白金五星级酒店之一。在二层长廊能看到许多历史照片，见证过往的高光时刻；酒店里还有一座博物馆，可惜由于时间原因没参观成，好遗憾??

酒店建筑的外观由出生于广州的建筑师贝聿铭先生起稿，负责主体设计的是贝老推荐的另一位设计师司徒惠。
酒店前台背景是将近150平的镶金壁画，取材于《红楼梦》，和房顶的金龙藻井交相辉映；古希腊风格的旋转木楼梯与大堂中西合璧。
酒店拥有超大花园，小桥流水奇花异草的景观颇具岭南特色，十几米高的双瀑布更为壮观。

这次选择在广州过年，花园酒店加分不少。新年期间安排了丰富活动，如互动表演、手工作坊、年味儿展览等等，尤其大年初一早8点的舞狮表演，真是太热闹太有趣了，满足了一枚纯纯北方人的好奇心??

要说美中不足，就是房间设施稍显老旧，洗手台比较局促。
但是瑕不掩瑜，我很喜欢这种有地方特色和自身历史文化的酒店。还是非常推荐的??",花园双床房,双床房
2216,关于整体满意度和卫生状况的评论,2263,房间清洁卫生，服务贴心周到，环境优雅舒适，前台接待人员很暖心，十几年后再次入住，岭南特色的体验依然棒棒哒！????????????,红棉双床套房,套房
2217,关于餐饮设施和整体满意度的评论,2264,行政酒廊的titi服务很热情，开业30多年设施良好如初，还有店博物馆涨知识,花园大床房,大床房
2218,关于前台服务和餐饮设施的评论,2265,送的甜点好吃有暖宫心，入住时还送了鲜花，前台小姐姐细心周到,花园双床房,双床房
2219,关于整体满意度和前台服务的评论,2267,在广州居住很多年，17年离开后每年也一定会回来小住一段时间，期间住过很多酒店，包括久负盛名的四季、丽思卡尔顿、白天鹅等等，这次花园酒店给我的感受是最棒的，酒店建成虽然年代久了，但是各种细节一点也不马虎，房间灯光的设计恰到好处，家具布置的使用舒适度，看的出来设计的用心。酒店四楼的博物馆非常有底蕴，完全超出了我的想象，开始以为会是一个简单的展示，但其实非常专业，很值得一看。酒店的餐厅出品也非常棒，在荔湾亭吃了两顿饭，味道非常不错，服务人员也极热情。泳池水干净清澈，配备的救生人员也足够数量，各个角度都能覆盖。酒店大堂富丽堂皇又有底蕴，瀑布和花园的亭台楼阁完美的体现着岭南的风貌。给我办理入住的吴经理，看到我定了前后日期相连的两个订单，一个是普通的花园房，一个是粤韵房，主动帮我把前两天的房间也给升级成了粤韵房，避免我要更换房间的麻烦；入住第二天咨询前台人员，准备购买酒店早餐，前台的Ann小姐特别Nice，见我就是一个人带个五岁小朋友，直接免了早餐，更把后面两天要来会合的孩子爸爸早餐也给送了；离开前一天下午到酒店行政酒廊看看风景，喝点东西，行政酒廊的每一位小姐姐都非常亲切周到，主动提供各种信息和服务，其中一位Kitty小姐姐热情的邀请我们第二天一早也来酒廊用早餐，欣赏顶楼的风景。入住期间提出的所有要求都及时响应，每天都会贴心的送上水果和小食，房间打扫及时卫生，遇到的每一位服务人员都热情耐心，感谢酒店所有人美声甜的小姐姐们和友善贴心的帅哥们，以及所有为酒店的完善和标准服务一丝不苟的管理者们，为你们的用心和品质送上大大的赞，也希望能够保留这样的底蕴到地久天长。以后来广州不会再更换酒店了，一定是花园酒店！,花园大床房,大床房
2220,关于前台服务和客房服务的评论,2268,非常感谢rain小姐姐和客房服务劳拉帮了我们很多忙，妈妈带娃旅游中，给了我们很多帮助。rain还帮我们升级了小羊玩偶。孩子特别开心。劳拉教了我怎么用咖啡机，还帮孩子拿了适合的拖鞋。万分感谢??,花园大床房,大床房
2221,关于整体满意度和餐饮设施的评论,2269,这次的入住体验很好，很喜欢这样的传统经典酒店。餐饮出品也不错。房间还有升级。,花园大床房,大床房
2222,关于餐饮设施和景观/朝向的评论,2271,早餐丰富，园景漂亮，漫步其中听瀑布观美景，整个人都放轻松了，房间面积大，床上用品舒服，唯一不足的是洗洛备品太次了，前一段时间套房还送宝格丽用的，现在和普通房一样，是不知道的品牌。,花园大床房,大床房
2223,关于前台服务和整体满意度的评论,2272,带孩子住的红棉大床房，两米的床，住的很舒服，客服中心的小华很热情，积极帮忙解决各种问题，还赠送了行政酒廊礼遇。给人宾至如归的感觉，下次来广州还会住这里,红棉大床套房,套房
2224,关于整体满意度和前台服务的评论,2273,每次出差都会选择广州花园酒店，舒适，服务好,红棉双床套房,套房
2225,关于房间设施和整体满意度的评论,2274,房间不错，做了升级！酒店很有质感，大堂进来给人感觉很有底蕴！看了博物馆，很有感触，历史悠久啊！桃园用餐环境不错！,花园大床房,大床房
2226,关于整体满意度和房间设施的评论,2275,特别有味道的酒店，明年就40周年了，小时候去过，依然很有高级感，很多设施没有变，大理石依然锃亮。质量真好。不旧，时间的味道。精致而高级。到处都是花艺，干净房间设施也蛮不错的。面积也不小。比起现代那些酒店。不一样的气质。性价比也很高。经典就是经典。伟大的设计师贝聿铭作品。小时候也不懂,花园大床房,大床房
2227,关于整体满意度和前台服务的评论,2276,"花园酒店，果然不负所望的令人满意。十年没过来这家酒店住了，这次过来，感觉还是一样的好????
虽然前台接待因为繁忙出了一点小差错，但是我离店后，跟踪服务的客服经理非常耐心细致入微的解决了售后服务问题，非常满意！！！",粤韵大床套房,套房
2228,关于整体满意度和卫生状况的评论,2277,每位酒店的工作人员都非常的热情，让人感觉很舒服，环境也很赞，最主要的是干净卫生，这个价格入住这个酒店真的是超值，下次有机会一定会再来，停车方便，入住很快，房间也比较舒适，价格不贵，环境也不错，房间干净，入住首选，满意！特别感谢LiVen服务不错??,花园双床房,双床房
2229,关于卫生状况和前台服务的评论,2278,房间卫生整洁、服务态度好,花园双床房,双床房
2230,关于前台服务和整体满意度的评论,2279,非常满意的一次度假体验，体验超出预期。特别要表扬前台的cecilia小姐姐，悉心安排好我们的住宿，不厌其烦，入住后我们有一间房需要更换为双床，又要加床，她都帮我们解决，我们也按照酒店规矩付了需要增加的费用，但整个过程令我们感到满意。我们和朋友两家人就在广州市附近居住，我们安排入住当天上午到南越王墓参观，然后入住花园酒店，下午闲逛酒店，还参观了花园酒店博物馆，晚上就在酒店内吃饭+蒲吧，开心快乐地在酒店欢度美好时光！！第二天我们还去了楼顶的旋转餐厅吃早餐，心满意足地离开这里！！我们决定以后再来一次花园酒店，要多住一两天！！,红棉大床套房,套房
2231,关于房间设施和整体满意度的评论,2280,中国仅有的白金五星酒店之一，服务到位，房间布局优雅，干湿分离，客厅坐着聊天喝咖啡对着窗外美景简直舒服享受，后花园是岭南园林风格，面积很大，大瀑布是标志景观。,花园大床房,大床房
2232,关于整体满意度和前台服务的评论,2281,不愧是国内白金五星，据查还是国资企业管理，硬件和软件方面，还有用心程度，很多已经超过国际五星甚至超五星了，在接待外宾的专业程度上，更是能虐其他酒店几条街，真心为民族品牌而自豪。,红棉大床套房,套房
2233,关于房间设施和整体满意度的评论,2282,全国3家白金五星级酒店之一的广州花园酒店，向往已久，虽开业有近40年，仍豪华气派。前台办理入住很快，还赠送了鲜花和水果，很是温暖。酒店后花园瀑布游鱼，花草树木，小径通幽，闹中取静，在此散步心情愉悦。房间还比较宽敞，灯光明亮，被褥舒适柔软，淋浴水大。房内Naspresso胶囊咖啡机一粒开压香飘全屋，旅途疲劳顿时全消。,花园双床房,双床房
2234,关于前台服务和安静程度的评论,2283,"五星标房价格合理，性价比挺高。不过，入住时分配的房间位置不太理想，在楼道尽头，紧挨着工作人员通道，来来往往关门声特别大，休息时会受到些干扰，这点希望酒店后续能优化房间安排 。把劣质房间闲置没必要精明算计影响顾客入住体验。

但不得不夸夸LiVen小姐姐，从踏入酒店的那一刻起，她就热情相迎，还耐心细致地介绍酒店各项设施。后来我向她询问周边景点，她不仅给出详细的游玩攻略，还热心帮忙预约车辆，服务特别周到。因为她的专业和热情，这次入住的很多小瑕疵都被完美化解，下次来这边还选这家。",花园大床房,大床房
2235,关于性价比和餐饮设施的评论,2284,过年期间带娃来入住，酒店虽然老但布置的很有年味，羊羊家庭房是套房，宽敞，应该是新装修的房间，第一天晚餐是酒店自助晚餐，瀑布餐厅很别致，晚餐也很丰盛，当天是情人节每桌还特别送了龙虾牛排和情人节蛋糕，非常贴心，味道很好，性价比非常高，给我留下了很好的印象。就是过年期间入住慢但可以理解，希望这方面还有待提升！酒店楼下就是地铁站，地理位置绝佳！,羊羊得意主题大床房,主题房
2236,关于客房服务和整体满意度的评论,2285,"亲子家庭出行，花园酒店的春节氛围浓郁，捏小泥人非常受孩子喜欢，还带回家啦～
但是服务还是很受影响，连住两晚，备品没有续上，房间没有主动打扫，没有开夜床服务，浴盐第一天用了，第二天居然没有补上。宝宝备品没有，床围没有，总之有点一言难尽",红棉大床套房,套房
2237,关于卫生状况和房间设施的评论,2286,房间干净、整洁、卫生、舒适、宽敞。设施又齐全，咖啡机、茶包等产品齐全！19楼服务生小朱态度非常好??还有一楼服务生也是，这次帮忙拿行李，后来发现水杯拍照时忘了又给我跑了一趟。,花园大床房,大床房
2238,关于性价比和餐饮设施的评论,2287,订的红棉房套餐很值，包早餐和5百餐饮券，应该是重新装修了，红棉房应该对应现在粤韵吧，给的几间都是粤韵；房间很大，设施新，卫生、服务、环境都很好，早餐在瀑布餐厅也不错，4楼还有个博物馆，入住外国人多。餐饮券能在酒吧用。总体套餐超值。,红棉双床套房,套房
2239,关于整体满意度和客房服务的评论,2288,"节前选酒店时曾犹豫过，最后还是订了花园，入住之后发现自己作出了最英明的决策～整个花园酒店，都沉浸在浓浓的的广府农历新年的喜悦气氛之中，大年初一还近距离、完整观赏了南国舞龙舞狮表演，太太太赞了??
至于房间设施，发现没有咖啡，问服务员要了咖啡机＆咖啡，也解决了??
2022年的春节我也住花园，那次房间里会摆上一支玫瑰、几个油角笑口枣什么的，今年就没有摆了",花园大床房,大床房
2240,关于卫生状况和前台服务的评论,2289,房间卫生干净整洁，服务周到暖心，早餐出品丰富，宾至如归,花园双床房,双床房
2241,关于卫生状况和客房服务的评论,2290,"卫生：比较干净整洁我们连住两天房间打扫都挺好，毛巾洗漱用品也及时更新。
设施：由于我们本次是带着小朋友一起去住的，相对来说对小朋友提供的设备不够澳门的亲子酒店做得好。
服务：所有工作人员都很有礼貌，客人对房间的需求也能满足到。
花园餐厅进行早餐是很不错的，环境很好",花园大床房,大床房
2242,关于整体满意度和体验的评论,2291,都还不错，涉外五星,花园双床房,双床房
2243,关于前台服务和整体满意度的评论,2292,"服务热情，宾至如归，老人小孩有问题第一时间来帮忙解决，服务态度特别好。
房间舒适，干净整洁，地理位置优越，门口就有地铁站，去吃饭玩都很方便。真心喜欢这里的后花园，曲径通幽，鸟语花香，闹中取静，静谧美好，还有博物馆，了解了很多酒店的历史。",红棉大床套房,套房
2244,关于卫生状况和交通便利性的评论,2293,干净卫生交通便利,花园双床房,双床房
2245,关于公共设施和餐饮设施的评论,2294,花园酒店就是有一种住进美好的感觉，后花园虽不大但精致有气势一点也不觉得小，酒店还有博物馆，这个在住过的酒店中不多，记得和平饭店有，几家餐厅的美食完全满足你的饕餮体验！目前只尝了瀑布餐厅和桃园馆，明天继续体验其他餐厅！,红棉大床套房,套房
2246,关于房间设施和餐饮设施的评论,2296,房间很奇葩，开放式卫生间，可以想象*******便秘的场景，而且住到第三天被褥就会开始返潮……沟通了下前台，这种奇葩装修是老板喜欢，果然品味清奇。早餐八点左右必然排队，餐品挺难吃，我一便宜嘴巴说难吃就真真的千真万确了??，我觉得这种难吃是不以人的意志而转移的??。行政酒廊没烈酒和调酒，比较少见，全冷餐，在空调不行的情况下对老人和妇幼有点不和谐，基本上脱不了外套。酒店所有服务人员的素质很高，非常热情，仅次于海景花园了。,花园双床房,双床房
2247,关于整体满意度和前台服务的评论,2297,"??住进花园酒店，感受城市中的世外桃源
?踏入酒店瞬间便被艺术感十足的大堂惊艳！礼宾员Terry主动接过行李，花园大使Anna温柔亲切，指引入住，旅途疲惫一扫而空。  
??四楼的露天泳池必须打卡，晨曦中边游泳边俯瞰城市天际线，随手拍都是ins风大片～  
??退房时Anna还赠送了贴心的伴手礼，出乎意料的小惊喜
??从硬件设施到人文关怀，花园酒店重新定义了高端旅居的意义。若你也在寻找一处能珍藏回忆的居所，闭眼选这里绝不会错！",红棉双床套房,套房
2248,关于整体满意度和前台服务的评论,2298,挺好的 环境 不错的服务,红棉大床套房,套房
2249,关于整体满意度和公共设施的评论,2299,经常入住广州花园酒店，环境好，服务一流，感觉回到家的感觉，非常赞??，停车也是免费的，附近很是繁华，值得推荐！,红棉双床套房,套房
2250,关于卫生状况和整体满意度的评论,2300,房间卫生干净，环境不错，服务贴心,花园双床房,双床房
2251,关于整体满意度和性价比的评论,2301,广州花园酒店地处广州市中心的位置，酒店大气，环境优美，服务人员热情，主动。床铺舒适，超性价比的价格值的点赞,城央绿意双床房,双床房
2252,关于前台服务和整体满意度的评论,2302,"办入住的时候 立即享受了房间升级的优惠， 花了很少的钱 入住了新装修的套房， 漂亮舒适整洁， 服务是全世界最棒的！ 
还和朋友一起下午茶 ， 遇到了很多美女网红在拍照打卡， 虽然我是个女的 感觉也挺养眼！ 金碧辉煌的大堂 ， 非常契合岭南文化的韵味！",花园大床房,大床房
2253,关于餐饮设施和公共设施的评论,2303,"因为团了两份一晚的套餐，忘记复制了，竟然要写两遍哈哈??我不想写两遍～这篇就看图说话吧
图1花园瀑布，好看的值得一逛里面还有很多小景点出片的，就有种影楼拍照的密集布景～很嗲
图2每天晚上回去会有小甜品，因为回去都太晚了～所以也不知道是下午茶还是夜宵～我估计应该是下午茶？哈哈
图3??是酒店2楼荔湾艇的奶茶！虽然不便宜～和茶位费一样贵～但真的很可爱～很别致的小狮子～我建议茶可以不喝～小狮子一定要点哦～对了，吃到一半会有人说书～蛮有意思的",红棉大床套房,套房
2254,关于性价比和整体满意度的评论,2304,绝对是五星的性价比，服务超好，内部环境很干净,城央绿意双床房,双床房
2255,关于整体满意度和客房服务的评论,2305,服务周到，房间整洁，开心之旅！,红棉双床套房,套房
2256,关于前台服务和客房服务的评论,2306,酒店服务周到，宾至如归,红棉双床套房,套房
2257,关于整体满意度和卫生状况的评论,2307,"一进大厅就震撼到了，壮观啊！不愧白金五星酒店，
设施：齐全
卫生：很干净
环境：非常好
服务：很到位，就是得排队
内部有想陈旧了，应该再装修一下",花园双床房,双床房
2258,关于房间设施和整体满意度的评论,2309,"房间非常好，大厅富丽堂皇，但是内部并没有那么富丽堂皇，服务也还可以
设施：有些旧了
卫生：很好，配得上五星
环境：很好
服务：很好！",花园双床房,双床房
2259,关于房间设施和整体满意度的评论,2310,因为觉得住的还挺好所以续房一天，酒店正好重新装修一部分房间，让我们搬到粤韵房了，这个房间更新一些，床也更舒适，酒店早餐还不错，还赠送了水果，小小瑕疵就是退房把车开上来装行李的时候，我们打算停在门口装，礼宾部外面的接待员让我停到对面的专用车位，绕了一圈开过去之后我请其他的服务员把行李车送到车子旁边，他张嘴一句，你能把车开到门口吗？??，所以不知道到底要在哪里装，有没有一个执行标准呢？小小瑕疵不掩玉，对酒店其他服务还都是很满意的。,城央绿意双床房,双床房
2260,关于前台服务和客房服务的评论,2311,细致服务，满意,花园大床房,大床房
2261,关于整体满意度和前台服务的评论,2312,非常满意的酒店，入住以来处处满意，房间有些旧，但能满足需求，服务人员入微亲切，那么冷的天电梯小姐穿的单薄跑到室外指引我们停车库方向。还帮我们升级了红棉双床房，除了床有些软，都很喜欢。,城央绿意双床房,双床房
2262,关于整体满意度和客房服务的评论,2313,"设施：比较怀旧复古小香港的那种风格
环境：挺舒服的
卫生：干净整洁

服务：很好总体来说  问了意见后 我建议水太少 马上增加了矿泉水数量 很好",花园双床房,双床房
2263,关于整体满意度和卫生状况的评论,2314,大堂富丽堂皇，像一座艺术殿堂，房间干净卫生整齐，服务态度好。瀑布餐厅漂亮值得打卡，四楼酒店博物馆讲述了中国酒店的发展史,花园双床房,双床房
2264,关于前台服务和体验的评论,2315,Joyce 为我们免费升级的套房，?非常不错，人也漂亮，英语流利,花园大床房,大床房
2265,关于前台服务和退房/入住效率的评论,2316,没有住到自己想住的房间（原已订房）办理入住时，碰到一个业务不熟的服务员（三间房办理了一个多小时）但还是没有办理完整的入住手续，给我们后续入住带来了很大的麻烦（餐饮、房卡）,红棉大床套房,套房
2266,关于卫生状况和安静程度的评论,2317,上次住感觉还可以，这次真的太差了尤其是卫生真的好差，房间有股浓臭味，地毯也好脏。一般在哪里酒店住套房房间都会准备好水果，楼下的工程噪音夜晚通宵吵得没办法睡觉。大堂穿闪片旗袍的礼仪有个女儿脾气太拽了一点礼貌没有。,花园行政大床套房,套房
2267,关于公共设施和交通便利性的评论,2318,停车很方便，有充电桩，设施服务完善，交通方便，客房部徐经理贴心的赠送了水果和儿童洗漱用品.,花园双床房,双床房
2268,关于前台服务和退房/入住效率的评论,2319,没有住到自己想住的房间（原已订房）办理入住时，碰到一个业务不熟的服务员（三间房办理了一个多小时）但还是没有办理完整的入住手续，给我们后续入住带来了很大的麻烦（餐饮房卡）,红棉大床套房,套房
2269,关于安静程度和性价比的评论,2320,为了满足父母情怀选择了这家老牌酒店，其实我是不喜欢住这种的，外国人不少，整个大堂叽叽呱呱的很吵，餐厅吃了性价比也是挺低的，味道并没有很惊艳,花园双床房,双床房
2270,关于整体满意度和公共设施的评论,2321,"设施：老酒店但改造后还是一如既往舒适。
卫生：干净。
环境：大堂一如既往的热闹，房间则安静。
服务：比以往增加了很多外籍员工，英语国语粤语切换自如，很有国际范。
其它∶泳池，干蒸超级点赞，早餐能吃到纳豆，是值得推荐的酒店。",花园大床房,大床房
2271,关于交通便利性和整体满意度的评论,2322,一走进大厅，高端大气上档次，酒店还有一个博物馆，可以去逛逛，出行很方便，酒店出来就是地铁淘金站，总体感觉很不错,花园双床房,双床房
2272,关于前台服务和餐饮设施的评论,2323,真正的民旅品牌，超白金酒店。因为是在广交会期间，人山人海，但配备的服务员多，秩序井然。礼宾部的讲解人员小陈热情主动，认真讲解酒店的前世今生。由于外国人太多，酒店的香薰味太浓，引起嗓子不舒服，让前台经理把房间窗户打开通风，这才合适了。也巧，30楼的行政酒廊在这期间开放了，这两天躲在楼上看风景，喝下午茶，真是太好了。,花园大床房,大床房
2273,关于交通便利性和周边配套的评论,2324,酒店服务很好，室外花园很惬意！出来就有地铁站，对面就是友谊商店很方便,花园双床房,双床房
2274,关于卫生状况和体验的评论,2325,房间很干净,红棉双床套房,套房
2275,关于交通便利性和周边配套的评论,2326,绝对大气的酒店！淘金地铁站出来步行三分钟就到，出行极方便。附近有广州酒家和点都德，还有糖水店，餐饮极方便。,花园双床房,双床房
2276,关于安静程度和前台服务的评论,2327,房间挺好的，酒店也很漂亮。但那天晚上半夜有人门口打电话吵到我睡觉了很不高兴。后来跟携程反馈了才处理好,花园双床房,双床房
2277,关于公共设施和整体满意度的评论,2328,自带瀑布花园的宝藏酒店，大堂布满鲜花，巨幅红楼梦贴金壁画金碧辉煌，气派华贵；旋转楼梯相当出片，后花园小桥流水，岩石飞瀑，体验感爆棚。,花园双床房,双床房
2278,关于房间设施和整体满意度的评论,2329,订之前好担心会设备陈旧，原来是我多虑了，值得下次再来,红棉大床套房,套房
2279,关于整体满意度和公共设施的评论,2330,第一批的白金五星酒店，设施虽然有些旧了，服务很好。如果晚上行政酒廊可以看到外面的夜景，因该更惬意哦。,花园双床房,双床房
2280,关于前台服务和整体满意度的评论,2331,非常满意的一次入住，酒店方面没有因为客人提出的房间升级而板着面孔加钱的要求？前台小姐姐周到，耐心而且热情，尽量满足客人的需求，其实升级房型看似酒店损失，而实际上，客人的好评及口口相传比广告效益更好，这是格局长远的表现，看看前台办理入住的盛况？说明了酒店领导的眼光！感谢你们，我们还会再见！,花园双床房,双床房
2281,关于前台服务和整体满意度的评论,2332,服务很好，订了三晚，后面两天给我升级了房型，非常感谢！酒店的花园和博物馆也很有看头，女儿很喜欢，天天要去逛花园,花园大床房,大床房
2282,关于房间设施和整体满意度的评论,2333,房间重新装修过，还不错，就是浴缸摆放位置有点奇怪。初一早上有舞龙醒狮，很有氛围,粤韵大床套房,套房
2283,关于性价比和整体满意度的评论,2334,"酒店非常好，物有所值，餐厅也很好吃，服务人员态度都很好，入住的时候发小礼物和点心，房间干净，隔音也好，可以说性价比相当高，就是淋浴在浴缸里的，我不太喜欢，要是可以分离就好了。体验了游泳池，还有免费的零食和冰淇淋。酒店总体的设施好得不得了，很多机组入住，国庆期间也有很多人办酒席，花园很漂亮，有博物馆。
自助早餐说实话非常一般，但水平比一般的酒店要好，主要还是外面的早茶太好吃了，一下子就把很普通的酒店自助餐比下去了。有30f旋转餐厅和大厅的瀑布餐厅可以选，旋转餐厅有点头晕，还挺热，建议还是瀑布餐厅吧。",红棉双床套房,套房
2284,关于整体满意度和房间设施的评论,2335,花园酒店，开业38年，经久不衰，大堂永远人庭若市，伴随着悠扬的钢琴声，那么的和谐高雅。此次专门接远道而归的家人，酒店的服务没有过分的热情，确也非常的周到和细致见内涵。房间由原定的红棉套房升级了到了新装修过的房型，床品舒适，床垫偏软，包裹性和承托性很好，一晚恬睡到天明。花园瀑布绿意盎然，锦鲤成群，是饭后的最佳去处。总体入住体验全家满意，值得再来。,红棉双床套房,套房
2285,关于整体满意度和前台服务的评论,2336,这个酒店是我在广州住过最舒服的酒店，位置好，服务好，早餐丰富，前台办理员nike很漂亮，很是温柔，下次还住这里。,城央绿意大床房,大床房
2286,关于卫生状况和前台服务的评论,2337,干净，服务好,花园大床房,大床房
2287,关于卫生状况和客房服务的评论,2338,"房间干净整洁。
服务：特别满意，有需求都能及时得到回应，服务特别好！酒店服务很用心！",城央绿意双床房,双床房
2288,关于前台服务和整体满意度的评论,2339,这次和家人到广州旅游，入住了广州花园酒店。在越秀区的花园酒店。正直广交会来往的顾客非常的多，尤其外国人士占了将近50%。虽然入住率很高，但是花园酒店的服务也是跟得上，在广交会期间每层都有服务人员。问好，帮你排忧解难。虽然设施略显成就，但是作为亚洲第二个拥有旋转餐厅的酒店。总体还是非常的不错。,花园双床房,双床房
2289,关于整体满意度和体验的评论,2340,一如既往的好，每次来广州的必选酒店！,花园大床房,大床房
2290,关于前台服务和整体满意度的评论,2341,花园酒店广州的白金五星酒店，前台服务也是白金五星，处处为宾客着想。岭南花园小桥流水拍照打卡，四楼的酒店博物馆值得参观。,花园双床房,双床房
2291,关于餐饮设施和整体满意度的评论,2342,非常满意的，一如既往的喜欢。瀑布餐厅的早餐不错??整体服务态度真的可以,花园大床房,大床房
2292,关于前台服务和退房/入住效率的评论,2343,"1. 【入住问题】入住排队等了几乎半个小时，从来没见过酒店前台效率这么低的；前台黑脸，没有微笑，不匹配酒店形象。完全是冲着品牌过来的，也住了很多次，反复多次提出过建议，没有任何改进。另外，前台和我们说升级到粤韵，结果发现是红棉，想换成粤韵，在房间打了一个小时电话都没有回复，令人恼火。
2. 【房间状态】红棉很旧，连中国大酒店这种低价酒店都比这个新，有点不可思议。喜欢这家酒店的粤韵，如果不订粤韵，其实这家酒店并没有那么值得居住，宁愿选择旁边的凯宾斯基酒店。我们经常住酒店，觉得花园酒店真的是人员服务匹配不上档次，能有预算选择白天鹅的话，还是选择白天鹅吧。
3. 【服务综评】这家酒店自从因为瀑布餐厅火了之后，管理素质一直跟不上来，甚至有服务人员不尊重客户的情况，不过副总经理和总经理态度尚在，不至于让人失望。但作为超过20年的老客户，真的为这家酒店的管理水平叹息。
ps.第一张和最后一张图是花园酒店，中间几张是旁边那一家酒店，真的对比好大……（??）?其实我们真的很喜欢花园酒店的，毕竟已经开了这么多年，当年做服装生意的时候也是在这里发家的，我们也有情怀，包括身边的朋友，也是有情怀却实在很难为之买单。今天的花园物是人非，除了公共区域之外，其他真的很难夸出口，也不想昧着良心来刷一个好评。??",花园双床房,双床房
2293,关于整体满意度和房间设施的评论,2344,非常满意住在花园酒店，帮我们升级了红棉大床房，房间有些旧但是都能满足需求，服务人员服务都很好，各方面都很满意。,城央绿意大床房,大床房
2294,关于前台服务和退房/入住效率的评论,2345,房间中规中矩，毕竟是中国最早的五星级酒店之二，现代的设施该有的都有。外形和大堂的挑高和巨幅壁画大观园让人震撼，中间藻井一条巨龙盘旋很是带气场，八台电梯足以让贝律铭大师的远见卓识得以认证。没感到岁月的蹉跎，维护得不错??。只是在办理入住和退房的时候稍感迟缓，需要等待多时才能办理好，但酒店不愧为国内五星级的黄埔军校，前台外语溜溜哒，耐心解释入住情况，可能也是办理迟缓的主要原因。住客多为老外，门童为巴基斯坦人，每个楼层都有服务员在电梯口恭候，特别感谢21楼服务员JoJo的热情接待，对问题反馈能及时解决。但酒店服务热线0号有时拨通了无人接听需要改进。小孩的洗漱用品没特别配备，有点遗憾。在旋转餐厅喝下午茶??时碰到了一个美籍华人，他告诉我自己常住花园酒店已有18年，虽然有天河一众奢华酒店，但他情有独钟，也是对酒店服务的认可，非常难得。,花园大床房,大床房
2295,关于整体满意度和交通便利性的评论,2346,花园酒店名符其实，地理位置优越，服务品质甚好！,红棉大床套房,套房
2296,关于前台服务和整体满意度的评论,2347,进入金碧辉煌的大堂，眼睛一亮，一幅镶金壁画《红楼梦》值得赞叹！高大圣诞树烘托节日气氛，前台服务特好，值得称赞。,红棉双床套房,套房
2297,关于整体满意度和前台服务的评论,2348,广州花园酒店环境很优美，入住很舒适，一旦反应问题就会及时处理和解决。,红棉双床套房,套房
2298,关于餐饮设施和公共设施的评论,2349,房间和服务都非常好，30楼的旋转餐厅非常给力，可以俯瞰整个广州城。健身房和游泳池也很高级，真正是商务家庭出游的好住处,花园大床房,大床房
2299,关于整体满意度和餐饮设施的评论,2350,非常幸运这次能够入住花园酒店，酒店的各方面都给我留下了特别美好的印象。不管是环境还是服务，有其是餐饮，都是一流的。酒店大堂金碧辉煌，花园美轮美奂，各处鲜花环绕，细节都非常完美。太喜欢了！下次来广州一定选择再次入住。,红棉大床套房,套房
2300,关于前台服务和餐饮设施的评论,2351,这次出行广州入住了老花园酒店，酒店服务、美食、园林布局果然名不虚传，很有老牌白金五星酒店的风范，较有底蕴。出行前每次致电酒店都有宾至如归的感觉，check in入住当天Viria的专业态度和贴心服务更是留下了深刻印象；瀑布餐厅的景观、荔湾艇的晚餐、行政走廊的早餐都不妨一试。,花园大床房,大床房
2301,关于整体满意度和体验的评论,2352,"非常棒的体验～完全没得挑
从办理入住到离开每天都是开心的～",红棉大床套房,套房
2302,关于餐饮设施和房间设施的评论,2353,房间蛮新的，重新装修，不是想象中很老的破五星，大堂特别气派，关键酒店里吃货的天堂，二楼荔湾亭早茶及中晚餐味道很好，三楼桃园馆是米其林餐厅，做的色香味俱全，很细腻，味道很好！一定要品尝，吃了对面广州酒家后觉得还是酒店里好吃！连住三晚！,花园双床房,双床房
2303,关于整体满意度和体验的评论,2354,感谢酒店再一次给我们升级到粤韵房。感谢！酒店各方面都很棒！很美好的入住体验。今后还会选择，期待下次还能有美好的经历！谢谢！,红棉双床套房,套房
2304,关于整体满意度和餐饮设施的评论,2355,酒店住的特别舒服 早餐丰富 下次来还住这里,城央绿意双床房,双床房
2305,关于房间设施和卫生状况的评论,2356,被白金五星给骗了，本来以为是贝聿铭设计的，想来体验一下。然后一进房间就是一股很浓的发霉味道。晚上发现原来一洗澡地板就会漏水。然后房间窗户是封闭式的，很本不通风，所以浓浓的霉味。特别不满意，住到现在最差的五星。,花园双床房,双床房
2306,关于前台服务和整体满意度的评论,2357,太惊艳了，果然没有选错。白金级的服务超赞。除了酒店环境无可挑剔、后花园内的岭南景物让人难忘。入住时送了水果。打卡点后送了文创小物。哈哈哈??开心。,红棉大床套房,套房
2307,关于房间设施和安静程度的评论,2358,粤韵双床房非常舒适，64平米，适合一家三口入住，晚上小朋友睡觉后还可以在客厅独立的空间看书或看剧。老牌五星酒店，房间隔断做得很好，隔音效果不错。另外，酒店餐厅也很值得打卡，荔湾亭性价比相对高。,粤韵双床套房,套房
2308,关于前台服务和退房/入住效率的评论,2360,"开了三间房，两间出问题。
第一间：
1.1房卡日期设置错误，无法开房门，下去前台，问我们是否续住的，最后前台解释说日期设置错，是上位前台开卡失误。
1.2入住登记时，已提出要求把三间作关联，因为前台为了快速处理入住，没有告知房卡分别用了谁的信息登记，导致重新开卡时的误会，第一次增加了与前台沟通成本，因为原接待的前台走开了。

第二间：
2.1门锁措施残旧未更换。刷卡进房，门锁显示灯为绿色，但扭动无效，喊了在隔壁的房务员，几次也开不了。
2.2服务响应速度慢。通过楼层电话直拨客服中心，如上反应情况，因为1.2中不知道房卡登记谁的信息，对方也不直接说我信息错误，来回间第二次增加了沟通成本，核对好信息，对方表示让礼宾的同事上来，耐心等待了十来分钟，再次拨打电话，对方表示已看到礼宾员上来找我们，再次耐心等待，才等来礼宾员。
2.3升级房间失误。礼宾员试过门后，主动提出升级房间，并为我们换房卡并带我们去新的房间，我们再再次耐心等待，结果新的房间是双人房，原来房间是大床。礼宾员电话叫房务员拿卡开隔壁房，然后我们再再再次耐心等待，房间没错了。
2.4突**况无备注。礼宾下去换卡给我们，我们婉言拒绝，因为原定外出的时间已耽误很久了，只能晚上我们自己去前台拿卡，让帮忙开好卡就行。晚上回来报了新房号给前台，前台一脸懵，但他并没有表明问题所在，又是一次次无效沟通，他也不停地点击鼠标，我们再再再再次耐心等待，最后我把入住到之前的说了，并主动说了三位入住信息，他才说“难怪和登记的不一样”，第三次增加沟通成本。然而新的房间根本没有为我们预留，也没有任何注明，好在没开出去，不然都不用睡了。
2.5基础专业失误。开好房卡后，前台主动提出带我们到房间，以防其他情况发生。结果房卡刷不开门，显示灯是红色。我们再再再再再次耐心等待前台重新开卡。
最后要赞一下的。唯一一间没有任何问题的，是我爸妈入住的，对大堂工作人员很满意，主动服务意识非常强，房间也很宽敞舒适，对第三次入住花园酒店，仍然是非常满意。真的很谢谢，再再再再再再次感谢",红棉大床套房,套房
2309,关于整体满意度和房间设施的评论,2361,目前住过广州最有特色的酒店，整个酒店就像一间巨大的博物馆??就很有历史底蕴，酒店的外国友人也很多。本来以为这么老的酒店，只是住个特色，没想到真正住下来很惊喜。床品软硬适中，让人一躺下来就想睡觉。,红棉大床套房,套房
2310,关于整体满意度和餐饮设施的评论,2362,首先我想说.一直出差来广州.住过很多家酒店.但是对于我这个挑剔的人来说.我很喜欢花园酒店.品牌有文化底蕴.尤其是吃早饭下午茶的瀑布酒店很漂亮.装修风格干净典雅.服务也很好.让你心里舒服.停车在隔壁的地下停车场也很方便.总之希望继续保持哦.以后只要来广州就是花园酒店！,花园大床房,大床房
2311,关于前台服务和交通便利性的评论,2363,前台Katherine、Gtillian小姐姐服务态度非常不错，专门给她的好评。交通便利，停车方便!停车场很大，还是免费停车场。房间很大，设施也很齐全。房间还送的有矿泉水。前台小姐姐估计是考虑我要休养，给我升级了房型一房一厅高楼层真是太舒服了！床上用品洗的也很干净，床垫软软的，睡起来很舒服。中央空调很凉快。有什么需要，给前台打电话，都能解决!前台小姐姐还详细的讲解了吗无线网，早餐种类等!真的很好！,红棉大床套房,套房
2312,关于整体满意度和前台服务的评论,2364,"设施：一流和先进。
卫生：干净。
环境：优美、静谧。
服务：到位。大堂部服务员James Mancy的服务态度热情，主动帮我升级房型。客房部经理Echo主动关心我住的怎么样。
广州花园酒店真是好！还想再住一次。",花园双床房,双床房
2313,关于整体满意度和景观/朝向的评论,2365,很棒的酒店，下次来广州会首先考虑，花园非常漂亮,花园双床房,双床房
2314,关于整体满意度和客房服务的评论,2366,住的很舒服，服务很好，房间干净，还给升级了房间,花园双床房,双床房
2315,关于公共设施和景观/朝向的评论,2367,设施齐全园林景观很好,羊羊得意主题大床套房,主题房
2316,关于整体满意度和前台服务的评论,2368,"花园酒店，完完全全颠覆了我的感知，－个长达38年的白金五星级酒店保养的如此完美！醉了！！！
酒店的硬件不说，它的专业程度更让我敬佩，从前台，到锦鲤行政酒廊，再到自助餐厅，佩服佩服，这一切让我连住四晚，真真切切体验了并亨受着，在此感谢花园酒店，感谢花园酒店的员工，更要感谢Getting.和Getting.和Bettg谢谢你们了感受了你们专业，优秀，传承了花园酒店的优良传统，再次感谢，
并一同感谢酒店的客服，多次电话关怀，五星的好评必须要给你们！！！",花园大床房,大床房
2317,关于前台服务和整体满意度的评论,2369,白金五星级的服务还是非常给力的，酒店重新装修后硬件也还可以，比新酒店的科技感会差一些，但胜在人文和服务上，酒店的卡通人物如果能十一期间赠送入住的小孩那就更完美了,红棉大床套房,套房
2318,关于前台服务和整体满意度的评论,2370,服务很好的酒店，带老人孩子一起来的，住的很舒服，第二天还给我们升级了一间房间，很开心的一次旅行，还有礼物拿，孩子很开心，谢谢前台小钟,花园大床房,大床房
2319,关于前台服务和房间设施的评论,2371,房间非常好，服务非常周到大堂的话非常干净景色还是非常漂亮的后花园也非常漂亮。特别感谢前台Kasas和betty,花园大床房,大床房
2320,关于整体满意度和卫生状况的评论,2372,满意，服务属于住过的酒店中一流的。虽然设施比较老旧了，但是干净的。,花园大床房,大床房
2321,关于交通便利性和周边配套的评论,2373,酒店地理位置优越 出行方便 出门就是地铁??,花园双床房,双床房
2322,关于整体满意度和体验的评论,2374,不得不说 酒店的服务是可以打满分的 每一次出来旅行总会多少有一些小插曲 那也不影响我对花园酒店的好感  带父母和小朋友出来 选择花园没错了,红棉大床套房,套房
2323,关于餐饮设施和前台服务的评论,2375,酒店有一定的历史，桃园馆菜品精致美味，行政酒廊外籍人员Carrie，ken服务很贴心。下次假期会带娃一起过来体验，感恩遇见,粤韵双床套房,套房
2324,关于餐饮设施和卫生状况的评论,2376,"每样都很好，吃的餐廳有六家选择，还有酒廊听歌。????
设施：很多很好。
卫生：有自动喷雾机，很香。
环境：很多拍照的打卡位，大堂常换景。
服务：打扫的阿姨很贴心。",花园大床房,大床房
2325,关于前台服务和整体满意度的评论,2377,老牌的就是不一样 一如十多年前的样子，前台接待很显气派,花园大床房,大床房
2326,关于整体满意度和卫生状况的评论,2378,"设施：还好，至少没有不舒适

卫生：挺干净的

环境：周围环境还不错
服务：态度很好，至少笑脸很多
下次再去住试试看，挺好的??????????",花园大床房,大床房
2327,关于整体满意度和安静程度的评论,2379,环境真的非常好，有山有水又很安静，房间也非常好，刚从广州的花园酒店离开来到这里，房间面积，设师，卫生，服务都不比花园酒店差，值得来,花园双床房,双床房
2328,关于安静程度和前台服务的评论,2380,酒店的环境不错，但是修路他们不安排里面的房间也不提醒你有这样的情况， 太吵了,粤韵大床套房,套房
2329,关于整体满意度和前台服务的评论,2381,广州花园酒店，是我在全国住过众多酒店，唯一一个还想下次来入住的酒店，虽然酒店已经有30年的历史，但酒店整体从环境到服务，没有一个地方让人挑出毛病的，服务非常体贴入微，下次来广州一定还会选择花园酒店，酒店环境真的很美！,花园大床房,大床房
2330,关于公共设施和前台服务的评论,2382,虽然酒店历史悠久，但整体环境、装潢一点也不陈旧。工作人员都很热情，特别是泳池边的几位工作人员，一直贴身守护着小孩子，点个大大的??,花园双床房,双床房
2331,关于整体满意度和卫生状况的评论,2383,方便很干净.很舒服.这个大床说的我好开心.本来打算住一晚体验下.换别的酒店.结果连着自己了好几天目前还在酒店住.停车也很方便.是免费的.整体来说环境好.舒服方便.,花园大床房,大床房
2332,关于前台服务和整体满意度的评论,2384,很棒的住宿体验，服务很好，谢谢前台小钟送的礼物,花园双床房,双床房
2333,关于整体满意度和餐饮设施的评论,2385,酒店很大很漂亮，食店都已有六间，服务也很好，环境与空气都很好，我俩很满意。??????????,花园大床房,大床房
2334,关于整体满意度和卫生状况的评论,2386,"一家很有故事的酒店
设施：各类设施齐全
卫生：地毯清洁到位
环境：花园里几乎没有蚊子，可见下了功夫
服务：服务人员训练有素
不虚此行！",红棉大床套房,套房
2335,关于交通便利性和整体满意度的评论,2387,广州老五星级酒店，地理位置优越，现在快成网红酒店了,城央绿意大床房,大床房
2336,关于房间设施和餐饮设施的评论,2388,"房间设施的残旧也见证了花园酒店的发展历程，希望后续能更新房间环境；而服务和餐饮无疑是非常好，期待下一次l
的花园旅行.",花园双床房,双床房
2337,关于客房服务和房间设施的评论,2389,宾客服务kristy金牌导游的服务非常好，人很热情声音也好听。酒店席梦思的床住的也很舒服，掀开一看是席梦思和花园的联名款，真的很不错,红棉大床套房,套房
2338,关于房间设施和前台服务的评论,2390,酒店很棒，服务也很棒，很多外宾、很多空姐空少都入住这家酒店，看到每位工作人员都能游刃有余的与外宾们沟通办理业务，大气高水准。房间里有两个洗漱台和两台电视，真是太方便了，还配备了胶囊咖啡机，入住时按人数赠送了酒吧体验券，可惜带着娃不方便，没能体验到，酒店里的花园和博物馆深得娃的喜爱，退房时还送了小礼品，开心。早餐在一楼的瀑布餐厅或二楼荔湾亭，一楼大多是外宾，西式早餐居多，二楼有中式早餐，一楼排队人太多了，工作人员引导至二楼用餐，餐食品种不算多，将就随便填些肚子，中午去顺德再吃丰盛点吧。对了，晚餐在荔湾亭，叉烧真是太好吃了，粥也很美味，地道的粤菜很棒。,花园双床房,双床房
2339,关于整体满意度和交通便利性的评论,2391,真的太喜欢这家酒店了，不愧是广州的门面酒店。大堂很大气，房间很干净，床品很舒适，打扫人员和服务员都很nice，文创小羊羊真的太可爱了～早餐在瀑布餐厅，我觉得也很不错。酒店自带博物馆还有好几家米其林入选餐厅。门口的就是地铁站，交通非常方便。最近泳池维修中，按摩池和桑拿可以用。唯一的不足，最近白天有修路工程，晚上倒是不影响～大堂还可以免费寄明信片！下次来还住这边！爱～,花园双床房,双床房
2340,关于整体满意度和交通便利性的评论,2392,"房间宽敞明亮，服务贴心周到，停车方便，交通便利，早餐丰盛，环境优雅。
特别感谢酒店工作人员Gillian为我们优质的服务。",红棉大床套房,套房
2341,关于整体满意度和房间设施的评论,2393,第一次来花园酒店入住，体验非常棒，酒店装修格调很有南粤特色。大堂富丽堂皇，房间温馨别致，不愧是老牌涉外五星酒店，购买了酒店套餐，很好！,红棉双床套房,套房
2342,关于客房服务和整体满意度的评论,2395,每次来广州必住的酒店，酒店的历史，酒店的服务都是我选择的理由，这次过去酒店帮忙升级了房间，虽然没有双标给了大床，但是床拼拼也休息得很好，去的时候送了次行政酒廊的早餐，感受依然是那么的舒服，都是熟悉的面孔，有个叫Carrie的外国员工服务很热情也很亲切，餐厅的整个团队服务都特别棒，酒店公共区域的维护保养和品质都一直保持得非常好，丝毫不会觉得是开业了38年的老酒店，更多的是一份沉淀和企业的标杆，但是客房维护和的管理需要加强，上次入住好多客房的问题，这次过去依然有一些客房的问题，比如地称是没有电的，淋浴间边角可以除去的污渍都没有清理干净，地毯的边角都是很厚的灰尘！离开酒店后我们去了珠海长隆公园，同样大栽体的酒店，他们客房管理就明显好太多！,花园双床房,双床房
2343,关于整体满意度和房间设施的评论,2396,房间很大很干净，前台接待很热情，早餐也很丰盛，酒店就像一个景点一样，非常棒。小朋友也很开心，玩的开心，吃的也很开心，下次还来入住。,红棉双床套房,套房
2344,关于房间设施和客房服务的评论,2397,房间的床特别好睡，浴缸也超级大，渡过非常舒适的一晚。唯一遗憾的是房间套餐写了有提供夜床服务，但入住没有询问也没有提供这项服务，稍有失望。,红棉大床套房,套房
2345,关于前台服务和整体满意度的评论,2398,花园酒店真的让我很满意！这次中秋国庆假期提前一个月定了花园的大床房，带着老人孩子一家五口来度假旅游。前台服务的人员Ariel看我们有小孩，主动帮我们两间都升级了红棉房说房间会大一些，这一点对我们拖家带口有小小孩的来说宽敞方便很多！因为我是金卡会员还给了行政酒廊待遇，后来第一晚父母房间遇到插座电源出问题，第二天告知以后就认真帮我们检修解决，还送了果盘和全家人的行政酒廊升级。服务态度非常好，早饭口味也超级棒，一楼餐厅和30楼旋转餐厅的风景都没话说。另外还要特别赞一下四楼的泳池，太棒了，而且赶在中秋这天维修完毕开放，水温和环境非常完美，不晒也不冷刚刚好，我们带小孩游完泳孩子提到想吃冰淇淋，泳池和健身部门服务人员经过听到了就主动送小孩子冰淇淋吃，非常贴心！这个服务真的也是没话说了????在国庆旺季人满为患期间能在花园酒店有以上这些很棒的体验真的是非常难得，房间经过装修也很不错，作为一个将近40岁的老牌五星酒店，我认为性价比非常高，几乎没什么可挑剔的，下次到广州还会来住！,花园大床房,大床房
2346,关于卫生状况和价格合理性的评论,2399,房间干净整洁，比起同等条件的酒店价格也比较便宜。,花园行政大床套房,套房
2347,关于前台服务和餐饮设施的评论,2400,因为同住同伴生病，酒店还非常人性化的把退房时间免费延迟了。服务很令人满意，酒店的餐食也非常丰富，有中西餐厅可以任选瀑布餐厅环境也非常独特优美。酒店的交通也很方便，在淘金地铁站出来很近，对面不远还有点都德早茶餐厅。,花园双床房,双床房
2348,关于前台服务和卫生状况的评论,2401,"花园酒店
服务：非常热情，特别是前台Betty和Lavinia，很热情和我们打招呼聊天，有任何需要都及时回应，给她们的微笑服务表示点赞！
卫生：非常干净整洁。
环境：整洁美观大方。",花园大床房,大床房
2349,关于前台服务和餐饮设施的评论,2402,"服务特别好！老牌的五星酒店！
热情，客气！
感谢前台小妹的招待，还帮忙升级房间！
谢谢，viria！
三年疫情，再来！这次比较遗憾的是，早餐地方改了，没有以前大了！早餐标准感觉各方面没有以前好了！
还有遗憾的是顶楼自助餐没有开！",花园双床房,双床房
2350,关于前台服务和安静程度的评论,2404,酒店前台免费升级为套房，很安静，服务非常好，设施齐全，卫生安全，闹中取静，周围用餐，出行很方便。可以早餐人太多,花园大床房,大床房
2351,关于餐饮设施和景观/朝向的评论,2405,服务很好  吃早餐的地方真的很舒服  可以望见窗外的瀑布  黑色的布置高端大气上档次,花园大床房,大床房
2352,关于整体满意度和周边配套的评论,2406,老牌白金五星酒店，吃喝玩乐样样俱全，是我住过最舒服的一家酒店，下次会继续入住,花园双床房,双床房
2353,关于整体满意度和前台服务的评论,2407,花园饭店入住体验真的好，今天是续住的第三天。前台Kasas和Betty 训练有素，一会儿程序办理完毕。这次是带着家人入住，一共订了3天3个双人房。美好的体验美好的回忆！ 瀑布餐厅，锦鲤餐厅，荔波亭餐厅我们都体验了，环境优雅，舌尖上的美味，真的推荐大家也体验感受，吃在广州吃在花园饭店一点也不为过！ 花园饭店，强烈推荐！,花园双床房,双床房
2354,关于整体满意度和卫生状况的评论,2408,酒店总体很好 送的点心很好吃 房间干净舒适 前厅的kamille chloe服务态度好,花园大床房,大床房
2355,关于整体满意度和前台服务的评论,2409,酒店环境舒适，令人心情愉悦。管理注重服务质量，员工服务贴心周到。,花园大床房,大床房
2356,关于前台服务和安静程度的评论,2411,还是一如既往的不错，唯一缺点就是旁边修路，一大早被吵醒，但是酒店的服务很细致。而且现在还增加了电梯口的引导。入住的时候，前台服务小周小姐很友善，给我升了级，下次出差还来这里。,花园大床房,大床房
2357,关于交通便利性和餐饮设施的评论,2412,除了房间旧了点儿，其他的都非常满意，在地铁5号线，出行便利，自助餐美味，水果新鲜，服务好，总体满意。,红棉大床套房,套房
2358,关于整体满意度和体验的评论,2413,"很有感觉的一家酒店，装修风格中西结合.
外国客人很多，酒店很大，人山人海的感觉
个人比较喜欢，出差首选.",红棉大床套房,套房
2359,关于卫生状况和安静程度的评论,2414,"设施：干净很新
卫生：干净
环境：很好，安静
服务：微笑服务，认真负责
花园酒店博物馆入场券（逢周一闭馆）:很好",花园双床房,双床房
2360,关于周边配套和整体满意度的评论,2415,环境优雅，尤其有花园，很棒，还有个博物馆，,花园大床房,大床房
2361,关于交通便利性和前台服务的评论,2416,花园酒店，是我现在去广州旅游首选的酒店。交通便利。淘金地铁站A口上来左转即是。酒店大堂气派典雅。服务人员态度热情，服务周到。房间干净。酒店博物馆也令人惊艳。在酒店里竟然有这么内容详实、布展精致的博物馆。文创作品也很具特色。,花园大床房,大床房
2362,关于前台服务和餐饮设施的评论,2417,酒店富丽堂皇，设施高档优雅，服务质量五星，特别是前台燕姿女士服务态度非常好，不仅免费升级了房型，适逢中秋还送了一盒花园酒店的月饼??，晚上又送了甜点，早餐在30楼的旋转餐厅用餐，体验不一样的感觉。,花园双床房,双床房
2363,关于前台服务和客房服务的评论,2418,"服务特别特别满意！特别是小雨、小关和Rem！都非常热情并且也会根据客户的需求帮忙解决问题！！房间打扫的也很干净！环境特别漂亮！
服务：服务真的没得说！满分！",花园双床房,双床房
2364,关于整体满意度和卫生状况的评论,2419,环境优美 干净舒适,城央绿意双床房,双床房
2365,关于房间设施和整体满意度的评论,2420,除了洗手间的设计有点不习惯，其它都很满意。,花园双床房,双床房
2366,关于整体满意度和体验的评论,2421,环境优美 舒适,花园双床房,双床房
2367,关于整体满意度和前台服务的评论,2422,"免费升级套房，服务态度非常好，出行也很方便。自助早餐很丰盛，是一家很有质感的酒店。
已经第二次入住了，非常喜欢住这里。",花园大床房,大床房
2368,关于整体满意度和前台服务的评论,2423,这次来广州冲着花园酒店而来.值得非常值的.尽管是老酒店.但不失当年的风采.宾至如归依旧.总机每个人都非常好＜小蔡小林小卢＞.楼层26的王大姐等服务员工作非常认真有叫必应.庭餐厅服务态度好.不足的是房间设施旧了一点(但.我相信下一次光临一定有所改变)早餐还可以.前台工作人员特认真..这次是广交会召开.员工特别忙.但都很好.点赞花园酒店全体员工！.也祝花园酒店万紫千红！,红棉大床套房,套房
2369,关于整体满意度和周边配套的评论,2424,给老板定的酒店，位置不错，老牌星级酒店，各方面都品质稳定。早饭晚饭反馈也很好的，价格适中。领导住的开心，我就放心,花园双床房,双床房
2370,关于整体满意度和餐饮设施的评论,2425,"超赞,不愧是星级酒店~入住体验特别好~行政酒廊待遇很赞~后花园真的很好~总之这个酒店真的是超级值得推荐的~下次再去广州还会去",花园双床房,双床房
2371,关于整体满意度和体验的评论,2426,非常棒的酒店，可以再来一次,红棉双床套房,套房
2372,关于整体满意度和安静程度的评论,2427,非常大气的酒店，房间安静且干净，符合中国东方美学审美。,花园大床房,大床房
2373,关于整体满意度和餐饮设施的评论,2428,非常棒的周末，广州一直下雨，趁周末带两个孩子来入住花园，酒店的服务和环境绝对一如既往的好，作为一家快40年的五星酒店，作为我这一老广，我为花园酒店自豪。另外惊喜，早上在瀑布餐厅吃自助早餐，发现万茜和她团队就在我们旁边桌吃早饭????,红棉大床套房,套房
2374,关于整体满意度和交通便利性的评论,2429,非常舒适的房间、环境非常好、酒店空间大、房间空间也很大、交通出行便利、靠近商业区、客服态度也非常好、太棒了,花园双床房,双床房
2375,关于交通便利性和周边配套的评论,2430,环境不错，服务态度也好，带小朋友出来旅游的，出门就是地铁口，出行方便周围也有很多好吃的。就是门口在修路，打车老是开错入口,花园双床房,双床房
2376,关于退房/入住效率和体验的评论,2431,只是入住太慢了，工作人员对自己的工作效率不行，,花园大床房,大床房
2377,关于前台服务和整体满意度的评论,2432,服务非常好，前台美女服务周到，细致体贴，下次还会再光顾的，前台美女Rainey非常热情耐心，对儿童友爱多加照顾！,花园双床房,双床房
2378,关于房间设施和体验的评论,2433,床褥非常舒服！,花园大床房,大床房
2379,关于整体满意度和体验的评论,2434,环境很好！,花园大床房,大床房
2380,关于卫生状况和整体满意度的评论,2435,"卫生：干净，房间整洁
环境：虽然是老店但是跟靓",粤韵大床套房,套房
2381,关于退房/入住效率和体验的评论,2436,酒店富丽堂皇，住客超多，办理入住得排着队,城央绿意双床房,双床房
2382,关于整体满意度和前台服务的评论,2438,"观花园酒店大堂的金漆红楼梦大观园，逛后花园，看花园博物馆，恰逢艺术季…内部装饰有很多风水讲究，是充满广州人低蕴的酒店。

前台工作人员Ariel很热情，快速办理好入住手续并升级到粤韵套房。花园酒店，从1985到现在一直在线，好吃好逛好住你值得拥有～",红棉双床套房,套房
2383,关于安静程度和房间设施的评论,2439,"酒店大堂非常气派，有很多鲜花和表演，实属于五星级
酒店外面施工，早上八点到晚上十一点施工，很吵。
客房内部老旧，面积小，感觉像三星的，无法跟五星级相匹配。",花园双床房,双床房
2384,关于卫生状况和整体满意度的评论,2440,环境优美，洁净卫生。,红棉双床套房,套房
2385,关于卫生状况和体验的评论,2441,卫生：干净舒服 整洁,红棉大床套房,套房
2386,关于整体满意度和安静程度的评论,2442,酒店环境优雅、隔音效果好、地理位置方便、房间干净整洁、采光好、早餐丰富。而且酒店服务态度也好好，特别是办理入住的viria小姐姐，人甜美，服务态度超级棒，很有效率～,红棉大床套房,套房
2387,关于景观/朝向和前台服务的评论,2443,房间舒适，环境不错，能看见美丽的夜景，感谢前台的Gillian，尽可能地为我们调换房间。另外30楼的旋转餐厅用餐感受很棒哟。,花园双床房,双床房
2388,关于前台服务和交通便利性的评论,2444,"越秀区的广州花园酒店设施完善，性价比高，wifi给力，环境不错，地理位置好，离淘金地铁站非常的近，五号线淘金站a口出来就看见看见广州花园酒店了，在酒店附近逛街啊 吃饭啊什么的都很方便，位置在市中心，房间还不错?
?卫生干净 整洁，完全住的放心，房间宽敞，我办理入住登记也很快 酒店服务一如既往的好，最让我印象深刻得是30楼的行政酒廊，行政酒廊的环境很不错，每个桌子上都有摆放着一小盆真的绣球花，让人略感舒适，很适合在这里喝杯茶，惬意的吃点东西休息一下，这个酒店工作人员服务的也十分热情，会主动问好，说到这里，我要特别提到广州花园酒店的30楼行政酒廊，Echo也很贴心，会询问我入住的体验啊 什么的 怎么样 也有给我介绍一楼的瀑布餐厅早餐跟30楼的自助早餐的不同的景观什么的，1楼瀑布餐厅、30楼旋转餐厅的早餐自助都很棒，推荐大家来到广州花园酒店都可以去打卡一下，服务很好，kitty注意到我，就介绍了酒廊里有的的饮品，询问我是要喝什么，我要了一杯美式咖啡，试了一下很不错，kanchan的服务也很好，我在电梯一出来很热情的打招呼，体验感十足，印度美女Carrie的中文很好，主动给我介绍了酒店后花园的二十六个打卡点，后花园的瀑布和锦鲤池很不错，推荐大家都可以去参观一下，方便极了，如果下次 再来广州，还是会再次选择广州花园这家酒店的！




再次点名表扬30楼行政酒廊的暖心小美女们：Echo、Kitty、Carrie、kanchan、beryle、cathy",花园大床房,大床房
2389,关于餐饮设施和整体满意度的评论,2445,住在花园酒店不用出门就满足了吃在广州的目的,花园双床房,双床房
2390,关于公共设施和整体满意度的评论,2446,"酒店大堂金碧辉煌，高大上，
环境：非常棒",城央绿意双床房,双床房
2391,关于餐饮设施和体验的评论,2447,酒店送的下午茶 很精致,红棉大床套房,套房
2392,关于餐饮设施和前台服务的评论,2448,作为广州老牌星级酒店，各类服务还是保持得非常优质，中华传统文化和岭南文化相结合，无一不彰显着文化底蕴。除了可在瀑布餐厅用餐外，还可以选择锦鲤行政酒廊，环境舒适，还有Zoey、Carrie的服务很好，Carrie中午说的很棒。在行政酒廊外有瀑布可观赏，再往里走有很大的庭院，下午茶点心款式也挺多，happy hour的点心款式更为丰富，晚上8点半后会有驻场歌手唱歌。酒店员工服务热情周到，能够及时解决提出的问题，比如客服中心的Carey、前台的Maggie。对于这次入住非常满意，有机会还会选择入住这里。,红棉双床套房,套房
2393,关于卫生状况和前台服务的评论,2449,房间很干净，入住是还特意给我挑了一个远离大路的房间，很贴心。,花园大床房,大床房
2394,关于整体满意度和体验的评论,2450,花园酒店博物馆入场券（逢周一闭馆）:每次必住的酒店,花园大床房,大床房
2395,关于整体满意度和体验的评论,2451,很方便的一家酒店，个人很喜欢,花园双床房,双床房
2396,关于整体满意度和前台服务的评论,2452,花园酒店在广州也算是老牌酒店了，第一次来住，酒店很大，大堂走进去也特别气派，还有两三个穿粉色衣服的迎宾小姐姐，很美丽！服务也很不错，还给我们免费升级了房间，早餐品类也很丰富，体验感还是很好的,花园大床房,大床房
2397,关于前台服务和体验的评论,2453,服务态度很好,红棉大床套房,套房
2398,关于周边配套和交通便利性的评论,2454,花园酒店是此行最满意的酒店。后花园很大很美，花园博物馆非常值得参观。桃园馆可以看到酒店正门。荔湾亭早餐很丰富。周围环境好，有利苑酒家广州酒家点都德都在附近，离地铁非常近。下次再去还住这里。,花园双床房,双床房
2399,关于交通便利性和前台服务的评论,2455,位于市中心的这家老牌酒店交通很不错，地铁口一点点远就到了，房间干净整洁，遇到的服务员都会主动招呼，彬彬有礼。前台的Betty很nice，根据我的会员等级升级了房间，还详细介绍了各项礼遇，谢谢她，总之很愉快的一次入住体验。,花园大床房,大床房
2400,关于整体满意度和体验的评论,2457,有故事，有深厚文化的酒店,红棉大床套房,套房
2401,关于房间设施和卫生状况的评论,2458,"墙上 地板上 橱柜上 到处能看到污渍
厕所 防水条都脱落了
浴缸和梳洗台下水超级慢
整个房间就是80年代的感觉
酒店大厅都很气派
就是房间对不起五颗星 最多三颗
服务就不说了 搞错预定房间 都是客人太多的锅
住了三天 一天都没打扫房间
整体服务都很一般 房间很差 和五星酒店不匹配",城央绿意双床房,双床房
2402,关于前台服务和整体满意度的评论,2459,第一次入住花园酒店，给我的感觉就是愉快??入住酒店那天正好是母亲节，前台为我送上了康乃馨??无论环境，设施，服务，卫生都好。大堂的设计、瀑布餐厅给我们惊艳到了。从酒店门口接待到打扫卫生的服务人员都主动问好。前台的小伙（不好意思没仔细看工牌??）耐心周到的为我们做出合理的安排（我订了大床房和双床房）；餐厅的服务会主动引导安排座位；特别是行政酒廊的Katherine主动引导安排座位，耐心周到的提供服务，主动关心我们的需求，仪态优雅大方。给我们全家留下了深刻的印象。下次有机会我还会入住花园酒店??,花园大床房,大床房
2403,关于餐饮设施和整体满意度的评论,2460,岭南文化，喜欢一个人在文化气息浓厚的环境内转转，品尝了早餐，相对中国人饮食习惯比较适应，推荐入住，体验客房布草的亲肤感。,粤韵大床套房,套房
2404,关于房间设施和交通便利性的评论,2461,酒店位置非常好，地铁就在酒店门口，服务也很到位，卫生很干净。不足之处就是酒店房间设施不好，喷淋要站在浴缸里，没有数据线插孔，这个就很无语，酒店瀑布餐厅环境优美，赞一个。还有推荐酒店正门左拐的建设马路上有一家荔银肠粉老店，那里的肠粉非常好吃??，我连续去吃了三天，推荐虾仁韭黄、和招牌三宝肠粉，艇仔粥也很好吃,花园双床房,双床房
2405,关于整体满意度和房间设施的评论,2462,老牌酒店，大堂很气派，喜欢前台服务员的粉色长裙制服，很特别。晚上到店升级到了套间，房间重新装修的很有设计感，60多平米超大很舒适。楼下超大面积的花园在全国酒店里都是很奢侈的，打理的也很精致，很喜欢花园酒店，历史悠久但没有被时代淘汰，还是那么经典，下次来广州还会入住。,城央绿意双床房,双床房
2406,关于前台服务和退房/入住效率的评论,2463,酒店很大气，进门就是礼宾部，服务很热情。我们初四中午12点抵达的，排队3分钟，但是办理入住的时候真的耗时太久了，至少15分钟！背了大包站着好累。其余都挺好的！入住很开心！花园很美丽，给女儿带了包鱼食，她喂得很开心，下次来广州还会入住。,花园大床房,大床房
2407,关于前台服务和整体满意度的评论,2464,在广州出差一直入住花园酒店，这次前台的Tony小哥还给升级了房型，特别感谢。老牌酒店卫生服务都没的说，关键地理位置一流，吃喝出行都是非常方便。体验很棒????,花园大床房,大床房
2408,关于整体满意度和餐饮设施的评论,2465,"这家已经开了30多年的老牌酒店不愧是白金五星级的酒店酒店整体面积规模很大但是老旧这个词跟花园酒店完全没有关系开了这么多年的酒店还保持着这么精致典雅高端不愧是新中国的门面说句实话比现在很多的国际五星酒店要高档的多
是我们中国人自己的酒店疫情三年也没有影响反倒是好多国际联号酒店关闭摘牌虽然这次只入住了一天而且听说次也很不错还有四家米其林餐厅下次来一定要感受一下听说每个餐厅都有特色下次来广州一定还要入住花园酒店",花园大床房,大床房
2409,关于整体满意度和餐饮设施的评论,2466,五星级的服务！五星级的早餐！房间三星级快捷酒店的设计布置是硬伤！酒店外一侧建设六马路据了解封闭已经长达一年之久，对酒店也是有很大的影响！,花园双床房,双床房
2410,关于餐饮设施和价格合理性的评论,2467,最坑爹的一次体验，房间比较小这个就不说了，最主要是冲着携程推荐美食酒店第一名的名头去的，结果去里面的所谓的米其林入选餐厅那个桃园馆吃饭，四个人没有喝酒点了四菜一汤花费了2878元，菜品贵到离谱，例如一份牛肉粒就12粒价格599还有另外15%服务费，下面铺的全部是石头，每人就吃了三粒塞牙缝都不够，所有菜品还另收15%服务费，味道也就一般般，以后再也不可能去了，最坑爹的餐饮没有之一,城央绿意大床房,大床房
2411,关于餐饮设施和整体满意度的评论,2468,"双人自助晚餐-瀑布餐厅:里面菜品还是不错
小羊公仔一个:非常的帅气逼人
服务：小姐姐态度温柔可亲
环境：不愧中国最早的白金五星级酒店，贝聿铭大师设计的后花园现在都非常惊艳，4家米其林餐厅都是加分项，而是房价非常亲民，喜欢美食酒店的不二选择。",花园双床房,双床房
2412,关于前台服务和整体满意度的评论,2469,"前台大堂的员工都给人一种宾至如归的感觉，特别是前台带人办理入住的粉色衣服的几个小姐姐们超有礼貌的。
服务一流的花园酒店，基本上想要什么都可以商量着来。
设施都是新的，酒店装修复古，但住下却有家的感觉，很喜欢。
福兔迎春盲盒（随机赠送）:酥?年糕 
也可以自己开销，买个花园酒店小羊。",花园大床房,大床房
2413,关于整体满意度和餐饮设施的评论,2470,久闻花园酒店大名，由贝聿铭大师设计，***主席奠基，***爷爷题名。这次入住一晚，果然名不虚传。近40年历史沉淀，体系了厚重的岭南文化，酒店内植被茂盛，瀑布飞泄，锦鲤成群。大堂里美女成群，彬彬有礼。餐厅服务也是一流的，我们坐在“船屋”里品尝粤菜，别有一番风味。,城央绿意大床房,大床房
2414,关于交通便利性和周边配套的评论,2471,酒店交通比较方便，旁边有地铁站口，酒店对面就是广州友谊商场，酒店大厅装饰很有特色，还有瀑布餐厅，服务人员比较热情，客房有点小旧,城央绿意大床房,大床房
2415,关于前台服务和交通便利性的评论,2472,一次非常愉快的入住体验！首先，是登记入住环节，前台的帅哥Joe非常有耐心有礼貌，看到我带着老人和小孩就给了房间升级。酒店地点非常便利，周边出行无论是打车，坐地铁或者走路出去吃饭按摩都很方便。这几天广州非常炎热，懒得出门，所以在酒店吃了几顿饭。两家粤菜馆各有千秋，其中米其林那家的出品真是意外的精品。自助餐厅的菜式虽然款式不多，但味道很不错。让我想起了香港的半岛酒店自助餐，也是菜式特别少，但样样是精品。美中不足是房间内部味道有一点点陈旧，建议增加香薰。公共区域的味道就很好闻。总之，以后去广州还住花园酒店。,花园双床房,双床房
2416,关于公共设施和房间设施的评论,2473,"续住第二晚。
小花园简直就是消食胜地，我们还发现了一条金色的鲤鱼。
酒店各种小细节都做得很人性化，浴室还有老人扶手。
离开时还送了小饼干和冰箱贴。",花园双床房,双床房
2417,关于交通便利性和体验的评论,2474,出差很方便,花园双床房,双床房
2418,关于前台服务和公共设施的评论,2475,前台Ariel给升级了红棉房。可以算是套房，很大很好，浴缸也很大小孩子可以在里面游泳了，户外泳池非常棒，让我们从北方来的小孩子抓住了夏天的尾巴还能游泳吃冰淇淋，赞服务，贴心到位，退房时间不用多说就延迟到两点，给力（尤其是国庆旺季期间），四楼博物馆也很棒，住店客人随便进，酒店行政酒廊环境很不错，吃的也丰富，还有livemusic表演。大堂很漂亮，也有表演，门口打车很方便，体验妥妥五星,花园大床房,大床房
2419,关于整体满意度和公共设施的评论,2476,酒店环境很好，自带瀑布，小桥流水。荔湾亭餐厅保留传统特色，口味俱佳。酒店自带的博物馆也值得去参观了解一下，整体服务也是非常棒的。,花园大床房,大床房
2420,关于交通便利性和整体满意度的评论,2477,坐落市区中心，周边很热闹，楼下就是地铁站，交通便利。酒店餐厅很漂亮，大床很软，服务也很好。总之很满意。,城央绿意大床房,大床房
2421,关于前台服务和房间设施的评论,2478,前台办理要等二三十分钟。也不给升级，店大欺客。这个房间的体验感很一般，太小了。很闷，隔音效果差！,城央绿意大床房,大床房
2422,关于房间设施和前台服务的评论,2479,酒店设施齐全，部分房间有点旧，但给升级了，前台服务人员一般，但穿粉色衣服的小姐姐太NICE 了，,红棉大床套房,套房
2423,关于整体满意度和前台服务的评论,2480,广州花园酒店的硬件没得说，服务也超级棒！到处都是花，布置的也非常有新年氛围，酒店还给送了一份可爱的点心太赞了！超级贴心！,花园大床房,大床房
2424,关于整体满意度和前台服务的评论,2481,"很棒的一次入住体验
设施：一应俱全

环境：春节期间入住，整个布置的氛围感的非常好，有春节特色。还有舞龙舞狮表演。

服务：很贴心",花园双床房,双床房
2425,关于周边配套和整体满意度的评论,2482,花园酒店设施齐全，环境不错，去哪个商场都很方便，服务也挺好！,红棉大床套房,套房
2426,关于整体满意度和前台服务的评论,2483,老牌花园酒店，入住一如既往的喜欢。广州酒店入住，首选还是花园，主要是装修风格服务特别好，附近逛街美食也很方便,城央绿意大床房,大床房
2427,关于前台服务和客房服务的评论,2484,每个接触的服务员都非常nice， 中午来早了，前台办理入住时，得到小妹妹各种温馨介绍，还免费升级粤韵房型，一房一厅，房和厅一样大那种，两个大电视，一键升降窗帘，住的很舒服。客房服务员罗伟星服务热情，对提出的要求都能一一满足，打扫很仔细，处处为客人考虑，值得表扬。博物馆也看了，26个打卡点也人工导览了，带看很仔细，酒店的来龙去脉也清楚了，很棒。早餐看起来不是很多，但吃起来啥都有。周边地铁施工，但窗都是中空玻璃，隔音效果还是比较好的，下次会再入住的。,花园大床房,大床房
2428,关于整体满意度和性价比的评论,2485,酒店是老牌五星级酒店，位置在老城区，酒店气派，完全符合五星标准，环境优美，有后花园，酒店性价比超高，不错,花园双床房,双床房
2429,关于整体满意度和性价比的评论,2486,一进酒店大堂，就被震惊到了，整整一面墙由两公斤金铂打造的水乡风貌和大观园简直太漂亮了！酒店名字由邓小平题词，里面还有一个博物馆，文化和历史气息很浓郁，毫不犹豫又续住了一晚，前台的何经理非常重视客人的建议，总之性价比非常高！我认为是来广州的首选酒店！下次来广州还会住这家！,城央绿意大床房,大床房
2430,关于交通便利性和前台服务的评论,2487,酒店位置很好，交通便利，出门就是地铁。迎宾小姐姐很热情，只要看到就跑过来问有什么需求，下次还会再来,花园大床房,大床房
2431,关于餐饮设施和整体满意度的评论,2488,"很棒的酒店,就是早餐没有了原来推着小车吃早茶点心的氛围了有点遗憾",红棉双床套房,套房
2432,关于前台服务和周边配套的评论,2489,下次还会去选择，特别感谢入住前台大眼帅哥房间升级，态度也超级nice。酒店里有好几家米其林，附近也有几家老字号，推介吃货首选酒店。嫌弃房间设施老旧的客人，可以选择付费升级相对新的房间。,红棉大床套房,套房
2433,关于整体满意度和前台服务的评论,2490,服务非常到位，环境也不错，各方面都很方便，总体感觉98分,红棉大床套房,套房
2434,关于前台服务和整体满意度的评论,2491,12月内两次入住花园大酒店，前台员工专业、热情，第一次入住时就免费升级到高级房，还赠送给我们花园行政酒廊体验，入住期间可以去花园品下午茶、看瀑布、观赏池中的游弋的锦鲤；房间布局设计是我喜欢的风格，干净整洁，床品柔软舒适； 酒店位置优越，酒店外就是地铁站；街对面就是友谊广场，广州酒家、陶陶居、點都德、利苑酒家等都在附近；出行、购物、美食都很方便。 最赞的是：酒店前台、行政酒廊、桃园餐厅、大厅等服务人员都很热情??谢谢，入住期间很愉快！会推荐给亲朋好友，下次来广州花园酒店仍然是我的第一选择！,花园大床房,大床房
2435,关于交通便利性和餐饮设施的评论,2492,酒店交通岀入方便，酒店用餐环境不错,城央绿意大床房,大床房
2436,关于前台服务和体验的评论,2493,入住体验挺好的，前台服务生托尼，服务态度非常好，待旅客热情周到，赞一个！,花园大床房,大床房
2437,关于交通便利性和前台服务的评论,2494,酒店过年氛围浓烈，服务态度好，环境好，出酒店就有地铁，出行方便,城央绿意大床房,大床房
2438,关于餐饮设施和整体满意度的评论,2495,环境不错，早餐丰富,城央绿意大床房,大床房
2439,关于房间设施和整体满意度的评论,2496,房间构造差一点，但氛围感拉满,花园大床房,大床房
2440,关于整体满意度和前台服务的评论,2498,每次出差都会选择入住广州花园酒店，房间非常干净，舒适，整洁。前台Justin帮助我快速办理入住，退房收到lavinia的问候，询问我入住感受，非常满意的一次体验，下次还会选择花园～满分好评,花园大床房,大床房
2441,关于前台服务和整体满意度的评论,2499,"入住广州花园酒店最大的感受就是这里的服务真的非常贴心，不论是环境还是地理位置，都非常棒，行政酒廊的服务也非常值得表扬，特别是carrie热情的问候和微笑，除此之外还有zoey，Nikki，Chloe,Kulvir 的服务都非常到位，整体体验非常棒。",花园大床房,大床房
2442,关于整体满意度和房间设施的评论,2500,"由于去年入住体验不错，外地朋友今次来广州，再次点名入住花园酒店。
办理入住很有效率，Tony还为我们送了花，心情都好起来了[呲牙]
房间设施很好，但床垫和沙发都偏软，不太舒服。
酒廊出品依然不错，服务也很好，最深印象是Esther，还有个靓女我没看清名字。另外发现一个之前很酸的甜品这次好吃多了。如果点心和甜品品种能定期换一下或者有更多选择就好了。
瀑布餐厅拍照真的很漂亮
退房时有问我们入住体验，当然是很满意。
在大堂遇到酒店的金牌导游，热情介绍了周边的的景点和博物馆，好面善，看回以前的评价原来是去年也赞过的Yannis，好巧啊。朋友说下次来还住花园",城央绿意双床房,双床房
2443,关于整体满意度和体验的评论,2501,每年春节旅游必住之地,花园大床房,大床房
2444,关于卫生状况和前台服务的评论,2502,干净卫生，服务态度好,花园大床房,大床房
2445,关于前台服务和房间设施的评论,2504,前台小姐姐小鱼服务非常好，主动，热情，亲和力强，房间布局，合理、干净，无异味、床品很舒服，淋浴出水也很快，早餐劵停车票都有，房间干净入住首选值得推荐??。大堂迎宾服务不错LiVen??,花园大床房,大床房
2446,关于前台服务和客房服务的评论,2505,酒店文化气息丰富，装饰细节处处彰显，从LILI管家到客房中心小何、行政酒廊服务ECHO，每个服务人员都非常认真可亲，对客人有问必答，事事有回应，件件都落实。我的体验感真是无比亲切！下次还来，提一嘴酒店的博物馆做得很好呢！,花园双床房,双床房
2447,关于整体满意度和交通便利性的评论,2506,特别感谢rain妹妹，特别漂亮的一个小妹妹，每次都是提前准备好，这次是家人过来住，家人对房间很满意，40多年的老店能保持这么好，理地位置也不错，出门就是地铁，还有博物馆，里面还有8个餐厅，都不用出去吃，拍照也是很好看，服务态度那就不用说了，真的很人性化，我个人还是很喜欢的。,花园双床房,双床房
2448,关于整体满意度和卫生状况的评论,2507,每位酒店的工作人员都非常的热情，让人感觉很舒服，环境也很赞，最主要的是干净卫生，这个价格入住这个酒店真的是超值，下次有机会一定会再来，停车方便，入住很快，房间也比较舒适，价格不贵，环境也不错，房间干净，入住首选，满意！特别感谢迎宾李文。前台Viria,花园大床房,大床房
2449,关于前台服务和客房服务的评论,2508,酒店被鲜花绿树环绕，大堂富丽堂皇，前台susan微笑服务，操作熟练，办理入住快，安排房间满意。房间亮敞、ROSS打扫房间干净整洁无死角，且服务好。泳池环境好，服务好。瀑布旁吃早餐很惬意，品种繁多，环境好，服务好。参观了四楼博物馆，非常好，很多图片，实物完整了解酒店业的发展，长知识。总机接线员卢小姐，沟通能力强，处理问题暖心。,红棉大床套房,套房
2450,关于整体满意度和房间设施的评论,2509,超赞的一家酒店！！！酒店房间温馨，酒店装修氛围太棒了，光照合适，不让人感觉有压力，床品超级舒服，旅游一天的累躺下就想不起来了，卫生干净，服务贼棒！！！酒店服务热情，卫生干净整洁，房间温馨宽敞，酒店位置优越，房间的价格也很实惠，性价比高！得到的不止一次舒适愉悦的入住体验，还有人间烟火，这是我对这家酒店的评价。超赞！也特别谢谢rain。酒店旋转自助餐推荐哦??,花园大床房,大床房
2451,关于整体满意度和前台服务的评论,2510,这次入住体验很满意，各方面服务都很好，kamille的服务很棒，下次还会入住。,红棉大床套房,套房
2452,关于房间设施和整体满意度的评论,2511,房间设施齐全，服务人员素质高，，跟一些快捷商务酒店很不一样。早餐品种丰富，房间设施新，床品舒服，总体物超所值，是一次非常满意的体验。可加床，门口可停车，离多条地铁站近，步行七八分钟。离高铁站机场七八公里。,城央绿意双床房,双床房
2453,关于前台服务和餐饮设施的评论,2512,服务很好 去的时候赶上春节 小马办理入住退房都很热情 清扫阿姨还给了小福袋 早餐很丰盛 后面的小花园饭后散散步很舒服 酒店旁边就是地铁 出行非常的方便,城央绿意大床房,大床房
2454,关于前台服务和整体满意度的评论,2513,房间真的很棒，服务也特别特别好。进来酒店就感觉很大气，前台savanna小姐姐的服务也是超级好！很贴心并且长的很漂亮也很感谢她！冲着她的服务下次来还是会选择这家酒店！很值得！,红棉大床套房,套房
2455,关于房间设施和餐饮设施的评论,2514,"设施：大厅环境很好，让人眼前一亮。装修豪华，还有瀑布餐厅。
房间设施：有好喝的咖啡，和好喝的茶。床上用品很舒服，枕头很软（本人很喜欢）
卫生：打扫的很干净，没有异味。
服务：
小邓还送了我们免费的早餐，给了我们大大的惊喜。超级开心??",花园双床房,双床房
2456,关于前台服务和整体满意度的评论,2515,花园酒店是我出差广州的必选酒店。位置好。而且最关键的是它的后花园，环境真的超舒服。里头的水池锦鲤，亭宇楼阁。美不胜收。最难得的就是前台服务Betty小姐，服务超好，细致耐心且十分礼貌。是一次绝佳的体验。[强][强][强],花园大床房,大床房
2457,关于公共设施和整体满意度的评论,2516,酒店非常大 设施完善 健身房相对简单 但是基本可以满足需求 泳池没有开放看上去不错，谢谢客服Maggie帮助我升级到顶层套房 房间设计风格中式现代 干净 地理位置附近好吃的也很好找， 推荐家庭旅行 推荐商务旅行。 餐厅景色独具一格 是广州非常好的国际化现代酒店。 早餐非常丰富 推荐享用,城央绿意大床房,大床房
2458,关于前台服务和整体满意度的评论,2517,过年非常热闹，人很多，服务人员训练有素，有经验的进行询问引导。环境还是这么好，大气又精致，朋友家人来穗首选酒店。热心的前台管家Cathy还送一支漂亮??，非常开心！,花园大床房,大床房
2459,关于周边配套和餐饮设施的评论,2518,"位置一流！去哪都不远，附近好吃的很多。
设施一流！酒店里就有三个米其林，样样好吃。
服务一流！前台管家小洪非常热情，其它部门客房，礼宾部，门卫，服务都很主动。
非常棒的入住体验，下次来一定还住这里！",城央绿意双床房,双床房
2460,关于整体满意度和景观/朝向的评论,2519,酒店周围郁郁葱葱的花园营造出宁静的氛围，非常适合放松身心。工作人员非常友好和细心，确保满足我们的所有需求。房间宽敞、设备齐全，可欣赏到城市的壮丽景色。酒店内的餐饮选择多样而美味，可满足所有口味。此外，酒店位置便利，方便探索当地景点。我强烈推荐所有来广州的客人入住花园酒店！,城央绿意大床房,大床房
2461,关于整体满意度和卫生状况的评论,2521,地方舒适，环境卫生，服务员态度和蔼亲切。往后来广州都住这。,城央绿意双床房,双床房
2462,关于整体满意度和卫生状况的评论,2522,"这次已经是我们的第二十多次入住花园酒店了，酒店的优雅格局和保养依然是很好！而且房间仍然是保持得很好，很卫生和干净 非常的舒适！
而适逢入住期间是中秋佳节，酒店很贴心地送了我们一盒很精美的月饼。我们感到非常的窝心！如果下次再回来广州出差或游玩，花园酒店仍然会我们的首选！！",花园大床房,大床房
2463,关于交通便利性和餐饮设施的评论,2523,酒店出门几百米就有地铁，出行非常方便，早餐有三个餐厅可以选择，30楼的旋转餐厅和1楼的瀑布餐厅以及3楼的桃源馆都很棒，推荐升级套房住会舒服些，在花园酒店可以感受到浓郁的岭南风情与外地文化，还有酒店的博物馆也是很值得打卡的，酒店的工作人员都很nice，但是吧缺点就是隔音不好，入住时遇到楼上亲子家庭的晚上8点开始吵闹蹦蹦跳跳，早上7点半开始蹦蹦跳跳，吵到人怀疑人生的那种就挺无奈的吧！！！！,花园大床房,大床房
2464,关于整体满意度和体验的评论,2524,环境不错????,城央绿意双床房,双床房
2465,关于餐饮设施和前台服务的评论,2525,"这是我们回国第二次入住花园酒店,我们预订了5天；办理入住的前台玲玲负责接待我们,她的服务态度非常好,解释清晰,非常细心,办理入住手续快捷，安排的房间在13楼房间干净整洁,客房部清洁人员非常勤快,每天准时清洁房间卫生，服务态度也是超好的,总体客房部表现不错??
我们在酒店尝试了不同的美食,从桃园馆的早餐,至午餐的荔湾亭还有晚餐的瀑布餐厅的自助餐,最后还有已经二次光顾的「庭」日本餐厅，当然回广州还有点外卖??
点评一下餐饮部；早茶的点心中规中矩,不足的地方是虾饺皮较厚,肉质较柴，萝卜糕很好吃??
荔湾亭出品;价格跟品质对等,出餐快「因为我们需要赶车去香港转飞机，所以需要40分钟内吃完」部长也快速完成任务,赞一个??
瀑布餐厅自助餐;出品满意,食物品种多样,主管Joanna 非常贴心,细致, 餐后会细心询问客人的意见与满意度,这是非常难得的????
最后是日本餐厅「庭」;这是我第二次光顾他们,经理与客服人员服务一如既往的5星,食物需要改进的部份是天妇罗, 天妇罗的粉浆调的稍浓,所以导致上浆过厚, 口感不够松化。
Ps:酒店也贴心的安置了外卖柜在酒店内中国银行的旁边??如果想喝啤酒,也可以在酒店附设的小卖店购买,我购买了3瓶Asahi辛口啤酒,15元一瓶,「价格合理」折汇后价格跟加拿大酒行卖的同价。",花园双床房,双床房
2466,关于整体满意度和卫生状况的评论,2527,在花园酒店住的时光总是很愉快！从家庭服务到非常干净的房间，我一定会再来这里住的！,花园大床房,大床房
2467,关于前台服务和客房服务的评论,2528,20年的同学推荐入住，以为这么历史久远的酒店会各种旧，除了硬件差一点点，洗手台没有分区之外，其他都很好。特别是前台Billy，是我住过所有酒店里面感觉最专业和最有温度的！谢谢你！还有我们入住的21楼楼层负责人小朱很细心入微！服务是真的绝绝子??,花园双床房,双床房
2468,关于整体满意度和前台服务的评论,2529,"酒店服务很好，连续住了一个星期，升级了大套间，棒棒的！白金五星酒店，果然是与众不同的！
总之现在去广州，已经锁定了花园酒店了。",花园双床房,双床房
2469,关于客房服务和房间设施的评论,2530,我们很高兴他们为我们的房间升级提供了更好的服务，而且他们干净整洁的客房服务始终是最好的一点。这次我们一家人出游，在同一家酒店住了两天，有两种不同类型的房间，可以品尝到他们的优质服务。特别是他们教我如何使用他们的咖啡机。这样我醒来时就可以品尝咖啡。沐浴区满足了我的愿望，一个浴缸一个淋浴。希望我们能再次来到这里并轻松接种疫苗。再次感谢花园酒店的服务。,城央绿意大床房,大床房
2470,关于前台服务和卫生状况的评论,2532,第二次来，服务很好，环境清洁，前台小陈专业。酒店的地理位置便利就在淘金上盖。总体很满意。团了套餐包早也送500餐券，等于午餐买一送一。房间升级了新装修的套房，感觉不错，就是有其他房间客人开门抽烟有点讨厌。,红棉双床套房,套房
2471,关于周边配套和整体满意度的评论,2533,非常棒的酒店，靠近外国餐馆，服务也很好,花园大床房,大床房
2472,关于整体满意度和体验的评论,2534,虽是老酒店，不论是环境还是服务，整体来说出乎意料的好！会再次入住！,花园双床房,双床房
2473,关于餐饮设施和整体满意度的评论,2535,这是精美和厚重交融的酒店，不仅有众口交赞的美食，还有酒店博物馆可以参观，住在里面就不想外出。虽然是老酒店了，依然保持着当年的辉煌！,花园大床房,大床房
2474,关于交通便利性和卫生状况的评论,2536,交通方便，房间清洁、舒服。早餐高质。推荐,花园双床房,双床房
2475,关于整体满意度和安静程度的评论,2538,"酒店比较安静，广州最好的酒店之一。
我推荐",花园双床房,双床房
2476,关于整体满意度和体验的评论,2539,酒店位置完美，打算住1天，延长到4天,城央绿意双床房,双床房
2477,关于房间设施和整体满意度的评论,2541,设施不错，环境好,花园大床房,大床房
